herb_name,symptom_name,source_count,sources
一枝黄花,咳嗽,5,herb_symptom_db_knowledge.txt|herb_symptom_knowledge.txt|symptom_herb_tcm_mesh.txt|symptom_herb_tcm_mesh_cooccur.txt|symptom_herb_tcm_mesh_long.txt
一枝黄花,咽喉肿痛,1,symptom_herb_tcm_mesh_long.txt
一枝黄花,头痛,5,herb_symptom_db_knowledge.txt|herb_symptom_knowledge.txt|symptom_herb_tcm_mesh.txt|symptom_herb_tcm_mesh_cooccur.txt|symptom_herb_tcm_mesh_long.txt
丁公藤,半身不遂,5,herb_symptom_db_knowledge.txt|herb_symptom_knowledge.txt|symptom_herb_tcm_mesh.txt|symptom_herb_tcm_mesh_cooccur.txt|symptom_herb_tcm_mesh_long.txt
丁香,健忘,1,symptom_herb_tcm_mesh_cooccur.txt
丁香,半身不遂,1,symptom_herb_tcm_mesh_cooccur.txt
丁香,口苦,1,symptom_herb_tcm_mesh_cooccur.txt
丁香,呃逆,4,herb_symptom_db_knowledge.txt|herb_symptom_knowledge.txt|symptom_herb_tcm_mesh.txt|symptom_herb_tcm_mesh_cooccur.txt
丁香,呕吐,3,symptom_herb_tcm_mesh.txt|symptom_herb_tcm_mesh_cooccur.txt|symptom_herb_tcm_mesh_long.txt
丁香,咳嗽,1,symptom_herb_tcm_mesh_cooccur.txt
丁香,咽干,1,symptom_herb_tcm_mesh_cooccur.txt
丁香,四肢麻木,1,symptom_herb_tcm_mesh_cooccur.txt
丁香,大便溏,1,symptom_herb_tcm_mesh_cooccur.txt
丁香,头昏,1,symptom_herb_tcm_mesh_cooccur.txt
丁香,头痛,1,symptom_herb_tcm_mesh_cooccur.txt
丁香,小便不利,1,symptom_herb_tcm_mesh_cooccur.txt
丁香,心悸,1,symptom_herb_tcm_mesh_cooccur.txt
丁香,恶寒,1,symptom_herb_tcm_mesh_cooccur.txt
丁香,恶心,1,symptom_herb_tcm_mesh_cooccur.txt
丁香,浮肿,1,symptom_herb_tcm_mesh_cooccur.txt
丁香,烦躁,1,symptom_herb_tcm_mesh_cooccur.txt
丁香,痫,1,symptom_herb_tcm_mesh_cooccur.txt
丁香,瘫痪,1,symptom_herb_tcm_mesh_cooccur.txt
丁香,胸闷,1,symptom_herb_tcm_mesh_cooccur.txt
丁香,脘腹冷痛,1,symptom_herb_tcm_mesh_long.txt
丁香,腹冷,5,herb_symptom_db_knowledge.txt|herb_symptom_knowledge.txt|symptom_herb_tcm_mesh.txt|symptom_herb_tcm_mesh_cooccur.txt|symptom_herb_tcm_mesh_long.txt
丁香,腹痛,1,symptom_herb_tcm_mesh_cooccur.txt
丁香,阳痿,1,symptom_herb_tcm_mesh_long.txt
丁香,食少,1,symptom_herb_tcm_mesh_long.txt
丁香,鼻塞,1,symptom_herb_tcm_mesh_cooccur.txt
七叶莲,产后腹痛,1,herb_symptom_db_knowledge.txt
七叶莲,头痛,1,herb_symptom_db_knowledge.txt
七叶莲,牙痛,1,herb_symptom_db_knowledge.txt
七叶莲,胃痛,3,herb_symptom_knowledge.txt|symptom_herb_tcm_mesh.txt|symptom_herb_tcm_mesh_cooccur.txt
七叶莲,腹痛,1,herb_symptom_db_knowledge.txt
万年青,吐血,1,herb_symptom_db_knowledge.txt
万年青,崩漏,1,herb_symptom_db_knowledge.txt
三七,五心烦热,1,symptom_herb_tcm_mesh_cooccur.txt
三七,便血,4,herb_symptom_knowledge.txt|symptom_herb_tcm_mesh.txt|symptom_herb_tcm_mesh_cooccur.txt|symptom_herb_tcm_mesh_long.txt
三七,关节疼痛,1,symptom_herb_tcm_mesh_cooccur.txt
三七,出血,1,symptom_herb_tcm_mesh_long.txt
三七,刺痛,1,symptom_herb_tcm_mesh_long.txt
三七,半身不遂,1,symptom_herb_tcm_mesh_cooccur.txt
三七,口渴,1,symptom_herb_tcm_mesh_cooccur.txt
三七,吐血,3,herb_symptom_knowledge.txt|symptom_herb_tcm_mesh.txt|symptom_herb_tcm_mesh_cooccur.txt
三七,吐血、衄血,1,symptom_herb_tcm_mesh_long.txt
三七,咳嗽,1,symptom_herb_tcm_mesh_cooccur.txt
三七,咳血,1,symptom_herb_tcm_mesh_cooccur.txt
三七,崩漏,4,herb_symptom_knowledge.txt|symptom_herb_tcm_mesh.txt|symptom_herb_tcm_mesh_cooccur.txt|symptom_herb_tcm_mesh_long.txt
三七,心悸,1,symptom_herb_tcm_mesh_cooccur.txt
三七,心烦,1,symptom_herb_tcm_mesh_cooccur.txt
三七,漏下,1,symptom_herb_tcm_mesh_cooccur.txt
三七,潮热,1,symptom_herb_tcm_mesh_cooccur.txt
三七,牙痛,1,symptom_herb_tcm_mesh_cooccur.txt
三七,白带,1,symptom_herb_tcm_mesh_cooccur.txt
三七,胸痛,1,symptom_herb_tcm_mesh_cooccur.txt
三七,胸闷,1,symptom_herb_tcm_mesh_cooccur.txt
三七,腹痛,2,herb_symptom_db_knowledge.txt|symptom_herb_tcm_mesh_cooccur.txt
三七,衄血,1,symptom_herb_tcm_mesh_long.txt
三七,赤白带,1,symptom_herb_tcm_mesh_cooccur.txt
三七,闭经,1,symptom_herb_tcm_mesh_cooccur.txt
三叶草,咳嗽,1,symptom_herb_tcm_mesh_long.txt
三棱,丹毒,1,symptom_herb_tcm_mesh_cooccur.txt
三棱,呕吐,1,symptom_herb_tcm_mesh_cooccur.txt
三棱,咳嗽,1,symptom_herb_tcm_mesh_cooccur.txt
三棱,头晕,1,symptom_herb_tcm_mesh_cooccur.txt
三棱,头痛,1,symptom_herb_tcm_mesh_cooccur.txt
三棱,恶心,1,symptom_herb_tcm_mesh_cooccur.txt
三棱,憋气,1,symptom_herb_tcm_mesh_cooccur.txt
三棱,疳积,1,symptom_herb_tcm_mesh_cooccur.txt
三棱,瘫痪,1,symptom_herb_tcm_mesh_cooccur.txt
三棱,积滞,1,symptom_herb_tcm_mesh_cooccur.txt
三棱,胸闷,1,symptom_herb_tcm_mesh_cooccur.txt
三棱,腹痛,1,symptom_herb_tcm_mesh_cooccur.txt
三棱,里急后重,1,symptom_herb_tcm_mesh_cooccur.txt
三棱,闭经,1,symptom_herb_tcm_mesh_cooccur.txt
三棱,食欲不振,1,symptom_herb_tcm_mesh_cooccur.txt
三白草,小便,1,symptom_herb_tcm_mesh_long.txt
三白草,小便不利,4,herb_symptom_knowledge.txt|symptom_herb_tcm_mesh.txt|symptom_herb_tcm_mesh_cooccur.txt|symptom_herb_tcm_mesh_long.txt
三白草,水肿,1,symptom_herb_tcm_mesh_long.txt
三白草,白带,3,herb_symptom_knowledge.txt|symptom_herb_tcm_mesh.txt|symptom_herb_tcm_mesh_cooccur.txt
丝瓜,口渴,1,symptom_herb_tcm_mesh_cooccur.txt
丝瓜,咳嗽,1,herb_symptom_db_knowledge.txt
丝瓜,崩漏,1,herb_symptom_db_knowledge.txt
丝瓜,无名肿毒,1,herb_symptom_db_knowledge.txt
丝瓜,烦渴,1,symptom_herb_tcm_mesh_long.txt
丝瓜络,咳嗽,5,herb_symptom_db_knowledge.txt|herb_symptom_knowledge.txt|symptom_herb_tcm_mesh.txt|symptom_herb_tcm_mesh_cooccur.txt|symptom_herb_tcm_mesh_long.txt
丝瓜络,疼痛,1,symptom_herb_tcm_mesh_long.txt
丝瓜络,胁胀,1,symptom_herb_tcm_mesh_long.txt
丝瓜络,胸胁疼痛,1,symptom_herb_tcm_mesh_long.txt
丝瓜络,胸胁胀痛,1,symptom_herb_tcm_mesh_long.txt
两头尖,四肢,1,symptom_herb_tcm_mesh_long.txt
两头尖,疼痛,1,symptom_herb_tcm_mesh_long.txt
两头尖,骨节疼痛,1,symptom_herb_tcm_mesh_long.txt
丹参,不孕,1,symptom_herb_tcm_mesh_cooccur.txt
丹参,乳房胀痛,1,symptom_herb_tcm_mesh_cooccur.txt
丹参,健忘,1,symptom_herb_tcm_mesh_cooccur.txt
丹参,半身不遂,1,symptom_herb_tcm_mesh_cooccur.txt
丹参,多梦,1,symptom_herb_tcm_mesh_cooccur.txt
丹参,失眠,1,symptom_herb_tcm_mesh_long.txt
丹参,头昏,1,symptom_herb_tcm_mesh_cooccur.txt
丹参,头晕,1,symptom_herb_tcm_mesh_cooccur.txt
丹参,妇女月经不调,1,symptom_herb_tcm_mesh_long.txt
丹参,崩漏,1,symptom_herb_tcm_mesh_cooccur.txt
丹参,心悸,1,symptom_herb_tcm_mesh_cooccur.txt
丹参,心烦,5,herb_symptom_db_knowledge.txt|herb_symptom_knowledge.txt|symptom_herb_tcm_mesh.txt|symptom_herb_tcm_mesh_cooccur.txt|symptom_herb_tcm_mesh_long.txt
丹参,心烦失眠,1,symptom_herb_tcm_mesh_long.txt
丹参,月经不调,1,symptom_herb_tcm_mesh_long.txt
丹参,烦躁,5,herb_symptom_db_knowledge.txt|herb_symptom_knowledge.txt|symptom_herb_tcm_mesh.txt|symptom_herb_tcm_mesh_cooccur.txt|symptom_herb_tcm_mesh_long.txt
丹参,烦躁不安,1,symptom_herb_tcm_mesh_long.txt
丹参,疲乏,1,symptom_herb_tcm_mesh_cooccur.txt
丹参,疼痛,1,symptom_herb_tcm_mesh_long.txt
丹参,痫,1,symptom_herb_tcm_mesh_cooccur.txt
丹参,白带,1,symptom_herb_tcm_mesh_cooccur.txt
丹参,胸闷,1,symptom_herb_tcm_mesh_cooccur.txt
丹参,腹冷,1,symptom_herb_tcm_mesh_cooccur.txt
丹参,腹痛,5,herb_symptom_db_knowledge.txt|herb_symptom_knowledge.txt|symptom_herb_tcm_mesh.txt|symptom_herb_tcm_mesh_cooccur.txt|symptom_herb_tcm_mesh_long.txt
丹参,闭经,1,symptom_herb_tcm_mesh_cooccur.txt
乌头,关节疼痛,1,symptom_herb_tcm_mesh_cooccur.txt
乌头,头痛,1,symptom_herb_tcm_mesh_cooccur.txt
乌头,牙痛,1,symptom_herb_tcm_mesh_cooccur.txt
乌头,腹冷,1,symptom_herb_tcm_mesh_cooccur.txt
乌头,腹痛,1,symptom_herb_tcm_mesh_cooccur.txt
乌梅,便血,5,herb_symptom_db_knowledge.txt|herb_symptom_knowledge.txt|symptom_herb_tcm_mesh.txt|symptom_herb_tcm_mesh_cooccur.txt|symptom_herb_tcm_mesh_long.txt
乌梅,呕吐,5,herb_symptom_db_knowledge.txt|herb_symptom_knowledge.txt|symptom_herb_tcm_mesh.txt|symptom_herb_tcm_mesh_cooccur.txt|symptom_herb_tcm_mesh_long.txt
乌梅,声音嘶哑,1,symptom_herb_tcm_mesh_cooccur.txt
乌梅,头痛,1,symptom_herb_tcm_mesh_cooccur.txt
乌梅,尿血,5,herb_symptom_db_knowledge.txt|herb_symptom_knowledge.txt|symptom_herb_tcm_mesh.txt|symptom_herb_tcm_mesh_cooccur.txt|symptom_herb_tcm_mesh_long.txt
乌梅,烦渴,1,symptom_herb_tcm_mesh_long.txt
乌梅,腹泻,1,symptom_herb_tcm_mesh_cooccur.txt
乌梅,腹痛,5,herb_symptom_db_knowledge.txt|herb_symptom_knowledge.txt|symptom_herb_tcm_mesh.txt|symptom_herb_tcm_mesh_cooccur.txt|symptom_herb_tcm_mesh_long.txt
乌梅,舌干,1,symptom_herb_tcm_mesh_cooccur.txt
乌梢蛇,痫,1,symptom_herb_tcm_mesh_cooccur.txt
乌梢蛇,瘫痪,1,symptom_herb_tcm_mesh_cooccur.txt
乌梢蛇,皮肤瘙痒,1,symptom_herb_tcm_mesh_cooccur.txt
乌梢蛇,麻木,1,symptom_herb_tcm_mesh_long.txt
乌药,产后腹痛,4,herb_symptom_db_knowledge.txt|herb_symptom_knowledge.txt|symptom_herb_tcm_mesh.txt|symptom_herb_tcm_mesh_cooccur.txt
乌药,关节疼痛,1,symptom_herb_tcm_mesh_cooccur.txt
乌药,半身不遂,1,symptom_herb_tcm_mesh_cooccur.txt
乌药,呃逆,1,symptom_herb_tcm_mesh_cooccur.txt
乌药,呕吐,1,symptom_herb_tcm_mesh_cooccur.txt
乌药,头痛,5,herb_symptom_db_knowledge.txt|herb_symptom_knowledge.txt|symptom_herb_tcm_mesh.txt|symptom_herb_tcm_mesh_cooccur.txt|symptom_herb_tcm_mesh_long.txt
乌药,小便频数,1,symptom_herb_tcm_mesh_cooccur.txt
乌药,小儿痞块,1,symptom_herb_tcm_mesh_cooccur.txt
乌药,尿频,1,symptom_herb_tcm_mesh_long.txt
乌药,崩漏,1,symptom_herb_tcm_mesh_cooccur.txt
乌药,气喘,1,symptom_herb_tcm_mesh_cooccur.txt
乌药,疲乏,1,symptom_herb_tcm_mesh_cooccur.txt
乌药,疼痛,1,symptom_herb_tcm_mesh_long.txt
乌药,瘫痪,1,symptom_herb_tcm_mesh_cooccur.txt
乌药,白带,1,symptom_herb_tcm_mesh_cooccur.txt
乌药,胸胁满闷,1,symptom_herb_tcm_mesh_long.txt
乌药,脘腹胀痛,1,symptom_herb_tcm_mesh_long.txt
乌药,腹冷,1,symptom_herb_tcm_mesh_cooccur.txt
乌药,腹痛,5,herb_symptom_db_knowledge.txt|herb_symptom_knowledge.txt|symptom_herb_tcm_mesh.txt|symptom_herb_tcm_mesh_cooccur.txt|symptom_herb_tcm_mesh_long.txt
乌药,腹胀,1,symptom_herb_tcm_mesh_long.txt
乌药,遗尿,4,herb_symptom_db_knowledge.txt|herb_symptom_knowledge.txt|symptom_herb_tcm_mesh.txt|symptom_herb_tcm_mesh_cooccur.txt
乌药,食欲不振,1,symptom_herb_tcm_mesh_cooccur.txt
九节菖蒲,健忘,1,herb_symptom_db_knowledge.txt
九节菖蒲,多梦,1,herb_symptom_db_knowledge.txt
九节菖蒲,急惊,1,symptom_herb_tcm_mesh_cooccur.txt
九节菖蒲,气喘,1,symptom_herb_tcm_mesh_cooccur.txt
九节菖蒲,烦躁,1,symptom_herb_tcm_mesh_cooccur.txt
九节菖蒲,痫,4,herb_symptom_db_knowledge.txt|herb_symptom_knowledge.txt|symptom_herb_tcm_mesh.txt|symptom_herb_tcm_mesh_cooccur.txt
九节菖蒲,神昏,5,herb_symptom_db_knowledge.txt|herb_symptom_knowledge.txt|symptom_herb_tcm_mesh.txt|symptom_herb_tcm_mesh_cooccur.txt|symptom_herb_tcm_mesh_long.txt
九节菖蒲,神昏谵语,1,symptom_herb_tcm_mesh_long.txt
九节菖蒲,耳聋,1,herb_symptom_db_knowledge.txt
九节菖蒲,胸闷,1,herb_symptom_db_knowledge.txt
九节菖蒲,谵语,4,herb_symptom_knowledge.txt|symptom_herb_tcm_mesh.txt|symptom_herb_tcm_mesh_cooccur.txt|symptom_herb_tcm_mesh_long.txt
九节菖蒲,食欲不振,1,herb_symptom_db_knowledge.txt
九里香,牙痛,3,herb_symptom_knowledge.txt|symptom_herb_tcm_mesh.txt|symptom_herb_tcm_mesh_cooccur.txt
九里香,胃痛,3,herb_symptom_knowledge.txt|symptom_herb_tcm_mesh.txt|symptom_herb_tcm_mesh_cooccur.txt
九香虫,胃脘胀痛,1,symptom_herb_tcm_mesh_long.txt
九香虫,腰痛,5,herb_symptom_db_knowledge.txt|herb_symptom_knowledge.txt|symptom_herb_tcm_mesh.txt|symptom_herb_tcm_mesh_cooccur.txt|symptom_herb_tcm_mesh_long.txt
九香虫,阳痿,1,symptom_herb_tcm_mesh_long.txt
买麻藤,腰痛,1,herb_symptom_db_knowledge.txt
买麻藤,骨痛,3,herb_symptom_knowledge.txt|symptom_herb_tcm_mesh.txt|symptom_herb_tcm_mesh_cooccur.txt
乳香,口渴,1,symptom_herb_tcm_mesh_cooccur.txt
乳香,四肢麻木,1,symptom_herb_tcm_mesh_cooccur.txt
乳香,大便秘结,1,symptom_herb_tcm_mesh_cooccur.txt
乳香,崩漏,1,symptom_herb_tcm_mesh_cooccur.txt
乳香,湿疮,1,symptom_herb_tcm_mesh_cooccur.txt
乳香,烦躁,1,symptom_herb_tcm_mesh_cooccur.txt
乳香,疲乏,1,symptom_herb_tcm_mesh_cooccur.txt
乳香,疼痛,1,symptom_herb_tcm_mesh_long.txt
乳香,瘫痪,1,symptom_herb_tcm_mesh_cooccur.txt
乳香,瘰疬,1,symptom_herb_tcm_mesh_cooccur.txt
乳香,白带,1,symptom_herb_tcm_mesh_cooccur.txt
乳香,神昏,1,symptom_herb_tcm_mesh_cooccur.txt
乳香,胸闷,1,symptom_herb_tcm_mesh_cooccur.txt
乳香,腹冷,1,symptom_herb_tcm_mesh_cooccur.txt
乳香,腹痛,1,symptom_herb_tcm_mesh_cooccur.txt
乳香,臁疮,1,symptom_herb_tcm_mesh_cooccur.txt
乳香,谵语,1,symptom_herb_tcm_mesh_cooccur.txt
了哥王,瘰疬,4,herb_symptom_db_knowledge.txt|herb_symptom_knowledge.txt|symptom_herb_tcm_mesh.txt|symptom_herb_tcm_mesh_cooccur.txt
五倍子,便血,3,symptom_herb_tcm_mesh.txt|symptom_herb_tcm_mesh_cooccur.txt|symptom_herb_tcm_mesh_long.txt
五倍子,出血,1,symptom_herb_tcm_mesh_long.txt
五倍子,盗汗,5,herb_symptom_db_knowledge.txt|herb_symptom_knowledge.txt|symptom_herb_tcm_mesh.txt|symptom_herb_tcm_mesh_cooccur.txt|symptom_herb_tcm_mesh_long.txt
五倍子,脱肛,5,herb_symptom_db_knowledge.txt|herb_symptom_knowledge.txt|symptom_herb_tcm_mesh.txt|symptom_herb_tcm_mesh_cooccur.txt|symptom_herb_tcm_mesh_long.txt
五倍子,自汗,5,herb_symptom_db_knowledge.txt|herb_symptom_knowledge.txt|symptom_herb_tcm_mesh.txt|symptom_herb_tcm_mesh_cooccur.txt|symptom_herb_tcm_mesh_long.txt
五倍子,自汗盗汗,1,symptom_herb_tcm_mesh_long.txt
五倍子,遗精,1,symptom_herb_tcm_mesh_long.txt
五加,便血,1,symptom_herb_tcm_mesh_cooccur.txt
五加,健忘,1,symptom_herb_tcm_mesh_cooccur.txt
五加,关节疼痛,1,symptom_herb_tcm_mesh_cooccur.txt
五加,半身不遂,1,symptom_herb_tcm_mesh_cooccur.txt
五加,口渴,1,symptom_herb_tcm_mesh_cooccur.txt
五加,吐血,1,symptom_herb_tcm_mesh_cooccur.txt
五加,咳嗽,1,symptom_herb_tcm_mesh_cooccur.txt
五加,咳血,1,symptom_herb_tcm_mesh_cooccur.txt
五加,咽干,1,symptom_herb_tcm_mesh_cooccur.txt
五加,多梦,1,symptom_herb_tcm_mesh_cooccur.txt
五加,崩漏,1,symptom_herb_tcm_mesh_cooccur.txt
五加,漏下,1,symptom_herb_tcm_mesh_cooccur.txt
五加,烦躁,1,symptom_herb_tcm_mesh_cooccur.txt
五加,胃痛,1,symptom_herb_tcm_mesh_cooccur.txt
五加,腹泻,1,symptom_herb_tcm_mesh_cooccur.txt
五加,食欲不振,1,symptom_herb_tcm_mesh_cooccur.txt
五加皮,关节疼痛,1,symptom_herb_tcm_mesh_cooccur.txt
五加皮,半身不遂,1,symptom_herb_tcm_mesh_cooccur.txt
五加皮,水肿,1,symptom_herb_tcm_mesh_long.txt
五加皮,疼痛,1,symptom_herb_tcm_mesh_long.txt
五加皮,筋骨痿软,1,symptom_herb_tcm_mesh_long.txt
五味子,久泻不止,1,symptom_herb_tcm_mesh_long.txt
五味子,健忘,1,symptom_herb_tcm_mesh_cooccur.txt
五味子,口渴,5,herb_symptom_db_knowledge.txt|herb_symptom_knowledge.txt|symptom_herb_tcm_mesh.txt|symptom_herb_tcm_mesh_cooccur.txt|symptom_herb_tcm_mesh_long.txt
五味子,呃逆,1,symptom_herb_tcm_mesh_cooccur.txt
五味子,咳嗽,5,herb_symptom_db_knowledge.txt|herb_symptom_knowledge.txt|symptom_herb_tcm_mesh.txt|symptom_herb_tcm_mesh_cooccur.txt|symptom_herb_tcm_mesh_long.txt
五味子,咳痰,1,symptom_herb_tcm_mesh_cooccur.txt
五味子,咳血,1,symptom_herb_tcm_mesh_cooccur.txt
五味子,咽干,1,symptom_herb_tcm_mesh_cooccur.txt
五味子,多梦,1,symptom_herb_tcm_mesh_cooccur.txt
五味子,失眠,1,symptom_herb_tcm_mesh_long.txt
五味子,头晕,1,symptom_herb_tcm_mesh_cooccur.txt
五味子,头痛,1,symptom_herb_tcm_mesh_cooccur.txt
五味子,少气,1,symptom_herb_tcm_mesh_cooccur.txt
五味子,尿后余沥,1,symptom_herb_tcm_mesh_cooccur.txt
五味子,尿频,1,symptom_herb_tcm_mesh_long.txt
五味子,心悸,5,herb_symptom_db_knowledge.txt|herb_symptom_knowledge.txt|symptom_herb_tcm_mesh.txt|symptom_herb_tcm_mesh_cooccur.txt|symptom_herb_tcm_mesh_long.txt
五味子,心悸失眠,1,symptom_herb_tcm_mesh_long.txt
五味子,恶寒,1,symptom_herb_tcm_mesh_cooccur.txt
五味子,恶寒发热,1,symptom_herb_tcm_mesh_cooccur.txt
五味子,无汗,1,symptom_herb_tcm_mesh_cooccur.txt
五味子,梦遗滑精,1,symptom_herb_tcm_mesh_long.txt
五味子,气喘,1,symptom_herb_tcm_mesh_cooccur.txt
五味子,消瘦,1,symptom_herb_tcm_mesh_cooccur.txt
五味子,潮热,1,symptom_herb_tcm_mesh_cooccur.txt
五味子,烦躁,1,symptom_herb_tcm_mesh_cooccur.txt
五味子,盗汗,5,herb_symptom_db_knowledge.txt|herb_symptom_knowledge.txt|symptom_herb_tcm_mesh.txt|symptom_herb_tcm_mesh_cooccur.txt|symptom_herb_tcm_mesh_long.txt
五味子,短气,3,symptom_herb_tcm_mesh.txt|symptom_herb_tcm_mesh_cooccur.txt|symptom_herb_tcm_mesh_long.txt
五味子,耳聋,1,symptom_herb_tcm_mesh_cooccur.txt
五味子,胃痛,1,symptom_herb_tcm_mesh_cooccur.txt
五味子,胸闷,1,symptom_herb_tcm_mesh_cooccur.txt
五味子,腰痛,1,symptom_herb_tcm_mesh_cooccur.txt
五味子,自汗,5,herb_symptom_db_knowledge.txt|herb_symptom_knowledge.txt|symptom_herb_tcm_mesh.txt|symptom_herb_tcm_mesh_cooccur.txt|symptom_herb_tcm_mesh_long.txt
五味子,自汗、盗汗,1,symptom_herb_tcm_mesh_long.txt
五味子,自汗盗汗,1,symptom_herb_tcm_mesh_long.txt
五味子,舌强,1,symptom_herb_tcm_mesh_cooccur.txt
五味子,遗尿,4,herb_symptom_db_knowledge.txt|herb_symptom_knowledge.txt|symptom_herb_tcm_mesh.txt|symptom_herb_tcm_mesh_cooccur.txt
五味子,鼻塞,1,symptom_herb_tcm_mesh_cooccur.txt
五指毛桃,咳嗽,5,herb_symptom_db_knowledge.txt|herb_symptom_knowledge.txt|symptom_herb_tcm_mesh.txt|symptom_herb_tcm_mesh_cooccur.txt|symptom_herb_tcm_mesh_long.txt
五指毛桃,浮肿,1,herb_symptom_db_knowledge.txt
五指毛桃,盗汗,5,herb_symptom_db_knowledge.txt|herb_symptom_knowledge.txt|symptom_herb_tcm_mesh.txt|symptom_herb_tcm_mesh_cooccur.txt|symptom_herb_tcm_mesh_long.txt
五灵脂,产后腹痛,1,symptom_herb_tcm_mesh_cooccur.txt
五灵脂,吞酸,1,symptom_herb_tcm_mesh_cooccur.txt
五灵脂,嗳气,1,symptom_herb_tcm_mesh_cooccur.txt
五灵脂,大便秘结,1,symptom_herb_tcm_mesh_cooccur.txt
五灵脂,小便不利,1,symptom_herb_tcm_mesh_cooccur.txt
五灵脂,小儿痞块,1,symptom_herb_tcm_mesh_cooccur.txt
五灵脂,崩漏,5,herb_symptom_db_knowledge.txt|herb_symptom_knowledge.txt|symptom_herb_tcm_mesh.txt|symptom_herb_tcm_mesh_cooccur.txt|symptom_herb_tcm_mesh_long.txt
五灵脂,漏下,4,herb_symptom_db_knowledge.txt|herb_symptom_knowledge.txt|symptom_herb_tcm_mesh.txt|symptom_herb_tcm_mesh_cooccur.txt
五灵脂,疳积,4,herb_symptom_db_knowledge.txt|herb_symptom_knowledge.txt|symptom_herb_tcm_mesh.txt|symptom_herb_tcm_mesh_cooccur.txt
五灵脂,瘰疬,1,symptom_herb_tcm_mesh_cooccur.txt
五灵脂,腹冷,1,symptom_herb_tcm_mesh_cooccur.txt
五灵脂,腹痛,5,herb_symptom_db_knowledge.txt|herb_symptom_knowledge.txt|symptom_herb_tcm_mesh.txt|symptom_herb_tcm_mesh_cooccur.txt|symptom_herb_tcm_mesh_long.txt
五灵脂,闭经,5,herb_symptom_db_knowledge.txt|herb_symptom_knowledge.txt|symptom_herb_tcm_mesh.txt|symptom_herb_tcm_mesh_cooccur.txt|symptom_herb_tcm_mesh_long.txt
亚麻子,便秘,1,symptom_herb_tcm_mesh_long.txt
亚麻子,瘙痒,1,symptom_herb_tcm_mesh_long.txt
亚麻子,皮肤干燥,1,symptom_herb_tcm_mesh_long.txt
亚麻子,脱发,1,herb_symptom_db_knowledge.txt
人中白,口舌生疮,1,symptom_herb_tcm_mesh_long.txt
人中白,吐血,4,herb_symptom_db_knowledge.txt|herb_symptom_knowledge.txt|symptom_herb_tcm_mesh.txt|symptom_herb_tcm_mesh_cooccur.txt
人中白,衄血,1,symptom_herb_tcm_mesh_long.txt
人中黄,丹毒,4,herb_symptom_db_knowledge.txt|herb_symptom_knowledge.txt|symptom_herb_tcm_mesh.txt|symptom_herb_tcm_mesh_cooccur.txt
人中黄,烦渴,1,symptom_herb_tcm_mesh_long.txt
人参,健忘,1,symptom_herb_tcm_mesh_cooccur.txt
人参,口噤,1,symptom_herb_tcm_mesh_cooccur.txt
人参,口渴,3,symptom_herb_tcm_mesh.txt|symptom_herb_tcm_mesh_cooccur.txt|symptom_herb_tcm_mesh_long.txt
人参,呃逆,1,symptom_herb_tcm_mesh_cooccur.txt
人参,呕吐,1,symptom_herb_tcm_mesh_cooccur.txt
人参,咳嗽,1,symptom_herb_tcm_mesh_cooccur.txt
人参,咽干,1,symptom_herb_tcm_mesh_cooccur.txt
人参,四肢麻木,1,symptom_herb_tcm_mesh_cooccur.txt
人参,多梦,1,symptom_herb_tcm_mesh_cooccur.txt
人参,大便秘结,1,symptom_herb_tcm_mesh_cooccur.txt
人参,失眠,1,symptom_herb_tcm_mesh_long.txt
人参,头晕,1,symptom_herb_tcm_mesh_cooccur.txt
人参,头痛,1,symptom_herb_tcm_mesh_cooccur.txt
人参,妊娠呕吐,1,symptom_herb_tcm_mesh_cooccur.txt
人参,少气,1,symptom_herb_tcm_mesh_cooccur.txt
人参,崩漏,1,symptom_herb_tcm_mesh_cooccur.txt
人参,干呕,1,symptom_herb_tcm_mesh_cooccur.txt
人参,心下痞,1,symptom_herb_tcm_mesh_cooccur.txt
人参,心悸,1,symptom_herb_tcm_mesh_cooccur.txt
人参,心烦,1,symptom_herb_tcm_mesh_cooccur.txt
人参,恶寒,1,symptom_herb_tcm_mesh_cooccur.txt
人参,恶寒发热,1,symptom_herb_tcm_mesh_cooccur.txt
人参,气喘,1,symptom_herb_tcm_mesh_cooccur.txt
人参,漏下,1,symptom_herb_tcm_mesh_cooccur.txt
人参,烦躁,1,symptom_herb_tcm_mesh_cooccur.txt
人参,疲乏,1,symptom_herb_tcm_mesh_cooccur.txt
人参,痫,1,symptom_herb_tcm_mesh_cooccur.txt
人参,瘫痪,1,symptom_herb_tcm_mesh_cooccur.txt
人参,白带,1,symptom_herb_tcm_mesh_cooccur.txt
人参,积滞,1,symptom_herb_tcm_mesh_cooccur.txt
人参,肢冷,1,symptom_herb_tcm_mesh_long.txt
人参,胃痛,1,symptom_herb_tcm_mesh_cooccur.txt
人参,胎动不安,1,symptom_herb_tcm_mesh_cooccur.txt
人参,胸痛,1,symptom_herb_tcm_mesh_cooccur.txt
人参,胸闷,1,symptom_herb_tcm_mesh_cooccur.txt
人参,腹痛,1,symptom_herb_tcm_mesh_cooccur.txt
人参,自汗,1,symptom_herb_tcm_mesh_cooccur.txt
人参,舌强,1,symptom_herb_tcm_mesh_cooccur.txt
人参,身痛,1,symptom_herb_tcm_mesh_cooccur.txt
人参,闭经,1,symptom_herb_tcm_mesh_cooccur.txt
人参,阳痿,1,symptom_herb_tcm_mesh_long.txt
人参,难产,1,symptom_herb_tcm_mesh_cooccur.txt
人参,食少,1,symptom_herb_tcm_mesh_long.txt
人参叶,口渴,4,herb_symptom_db_knowledge.txt|herb_symptom_knowledge.txt|symptom_herb_tcm_mesh.txt|symptom_herb_tcm_mesh_cooccur.txt
人参叶,咳嗽,2,symptom_herb_tcm_mesh.txt|symptom_herb_tcm_mesh_cooccur.txt
人参叶,烦躁,2,symptom_herb_tcm_mesh.txt|symptom_herb_tcm_mesh_cooccur.txt
人参叶,牙痛,4,herb_symptom_db_knowledge.txt|herb_symptom_knowledge.txt|symptom_herb_tcm_mesh.txt|symptom_herb_tcm_mesh_cooccur.txt
人参芦,脱肛,5,herb_symptom_db_knowledge.txt|herb_symptom_knowledge.txt|symptom_herb_tcm_mesh.txt|symptom_herb_tcm_mesh_cooccur.txt|symptom_herb_tcm_mesh_long.txt
人工牛黄,口渴,1,symptom_herb_tcm_mesh_cooccur.txt
人工牛黄,口舌生疮,1,symptom_herb_tcm_mesh_long.txt
人工牛黄,呕吐,1,symptom_herb_tcm_mesh_cooccur.txt
人工牛黄,咳嗽,1,symptom_herb_tcm_mesh_cooccur.txt
人工牛黄,咽喉痛,1,symptom_herb_tcm_mesh_cooccur.txt
人工牛黄,咽喉肿痛,1,symptom_herb_tcm_mesh_long.txt
人工牛黄,大便秘结,1,symptom_herb_tcm_mesh_cooccur.txt
人工牛黄,头晕,1,symptom_herb_tcm_mesh_cooccur.txt
人工牛黄,头痛,1,symptom_herb_tcm_mesh_cooccur.txt
人工牛黄,恶风,1,symptom_herb_tcm_mesh_cooccur.txt
人工牛黄,气喘,1,symptom_herb_tcm_mesh_cooccur.txt
人工牛黄,烦躁,1,symptom_herb_tcm_mesh_cooccur.txt
人工牛黄,牙痛,1,symptom_herb_tcm_mesh_cooccur.txt
人工牛黄,牙龈肿痛,1,symptom_herb_tcm_mesh_cooccur.txt
人工牛黄,神昏,4,herb_symptom_knowledge.txt|symptom_herb_tcm_mesh.txt|symptom_herb_tcm_mesh_cooccur.txt|symptom_herb_tcm_mesh_long.txt
人工牛黄,舌肿,1,symptom_herb_tcm_mesh_cooccur.txt
人工牛黄,谵语,1,symptom_herb_tcm_mesh_cooccur.txt
人工牛黄,鼻塞,1,symptom_herb_tcm_mesh_cooccur.txt
仙茅,小便,1,symptom_herb_tcm_mesh_long.txt
仙茅,小便失禁,5,herb_symptom_db_knowledge.txt|herb_symptom_knowledge.txt|symptom_herb_tcm_mesh.txt|symptom_herb_tcm_mesh_cooccur.txt|symptom_herb_tcm_mesh_long.txt
仙茅,潮热,1,symptom_herb_tcm_mesh_cooccur.txt
仙茅,烦躁,1,symptom_herb_tcm_mesh_cooccur.txt
仙茅,筋骨痿软,1,symptom_herb_tcm_mesh_long.txt
仙茅,脘腹冷痛,1,symptom_herb_tcm_mesh_long.txt
仙茅,腹冷,5,herb_symptom_db_knowledge.txt|herb_symptom_knowledge.txt|symptom_herb_tcm_mesh.txt|symptom_herb_tcm_mesh_cooccur.txt|symptom_herb_tcm_mesh_long.txt
仙茅,阳痿,1,symptom_herb_tcm_mesh_long.txt
仙鹤草,便血,5,herb_symptom_db_knowledge.txt|herb_symptom_knowledge.txt|symptom_herb_tcm_mesh.txt|symptom_herb_tcm_mesh_cooccur.txt|symptom_herb_tcm_mesh_long.txt
仙鹤草,出血,1,symptom_herb_tcm_mesh_long.txt
仙鹤草,吐血,4,herb_symptom_db_knowledge.txt|herb_symptom_knowledge.txt|symptom_herb_tcm_mesh.txt|symptom_herb_tcm_mesh_cooccur.txt
仙鹤草,尿痛,1,symptom_herb_tcm_mesh_cooccur.txt
仙鹤草,尿血,5,herb_symptom_db_knowledge.txt|herb_symptom_knowledge.txt|symptom_herb_tcm_mesh.txt|symptom_herb_tcm_mesh_cooccur.txt|symptom_herb_tcm_mesh_long.txt
仙鹤草,崩漏,5,herb_symptom_db_knowledge.txt|herb_symptom_knowledge.txt|symptom_herb_tcm_mesh.txt|symptom_herb_tcm_mesh_cooccur.txt|symptom_herb_tcm_mesh_long.txt
仙鹤草,漏下,2,symptom_herb_tcm_mesh.txt|symptom_herb_tcm_mesh_cooccur.txt
仙鹤草,腰痛,1,symptom_herb_tcm_mesh_cooccur.txt
仙鹤草,阴痒,2,symptom_herb_tcm_mesh.txt|symptom_herb_tcm_mesh_cooccur.txt
代赭石,便血,5,herb_symptom_db_knowledge.txt|herb_symptom_knowledge.txt|symptom_herb_tcm_mesh.txt|symptom_herb_tcm_mesh_cooccur.txt|symptom_herb_tcm_mesh_long.txt
代赭石,吐血,4,herb_symptom_db_knowledge.txt|herb_symptom_knowledge.txt|symptom_herb_tcm_mesh.txt|symptom_herb_tcm_mesh_cooccur.txt
代赭石,呃逆,4,herb_symptom_db_knowledge.txt|herb_symptom_knowledge.txt|symptom_herb_tcm_mesh.txt|symptom_herb_tcm_mesh_cooccur.txt
代赭石,呕吐,5,herb_symptom_db_knowledge.txt|herb_symptom_knowledge.txt|symptom_herb_tcm_mesh.txt|symptom_herb_tcm_mesh_cooccur.txt|symptom_herb_tcm_mesh_long.txt
代赭石,咳嗽,5,herb_symptom_db_knowledge.txt|herb_symptom_knowledge.txt|symptom_herb_tcm_mesh.txt|symptom_herb_tcm_mesh_cooccur.txt|symptom_herb_tcm_mesh_long.txt
代赭石,噎膈,4,herb_symptom_db_knowledge.txt|herb_symptom_knowledge.txt|symptom_herb_tcm_mesh.txt|symptom_herb_tcm_mesh_cooccur.txt
代赭石,头痛,5,herb_symptom_db_knowledge.txt|herb_symptom_knowledge.txt|symptom_herb_tcm_mesh.txt|symptom_herb_tcm_mesh_cooccur.txt|symptom_herb_tcm_mesh_long.txt
代赭石,尿血,5,herb_symptom_db_knowledge.txt|herb_symptom_knowledge.txt|symptom_herb_tcm_mesh.txt|symptom_herb_tcm_mesh_cooccur.txt|symptom_herb_tcm_mesh_long.txt
代赭石,崩漏,5,herb_symptom_db_knowledge.txt|herb_symptom_knowledge.txt|symptom_herb_tcm_mesh.txt|symptom_herb_tcm_mesh_cooccur.txt|symptom_herb_tcm_mesh_long.txt
代赭石,心悸,5,herb_symptom_db_knowledge.txt|herb_symptom_knowledge.txt|symptom_herb_tcm_mesh.txt|symptom_herb_tcm_mesh_cooccur.txt|symptom_herb_tcm_mesh_long.txt
代赭石,气喘,5,herb_symptom_db_knowledge.txt|herb_symptom_knowledge.txt|symptom_herb_tcm_mesh.txt|symptom_herb_tcm_mesh_cooccur.txt|symptom_herb_tcm_mesh_long.txt
代赭石,痫,4,herb_symptom_db_knowledge.txt|herb_symptom_knowledge.txt|symptom_herb_tcm_mesh.txt|symptom_herb_tcm_mesh_cooccur.txt
代赭石,眩晕,1,symptom_herb_tcm_mesh_long.txt
代赭石,鼻衄,4,herb_symptom_db_knowledge.txt|herb_symptom_knowledge.txt|symptom_herb_tcm_mesh.txt|symptom_herb_tcm_mesh_cooccur.txt
伸筋草,半身不遂,1,symptom_herb_tcm_mesh_cooccur.txt
伸筋草,咳嗽,1,herb_symptom_db_knowledge.txt
伸筋草,屈伸不利,1,symptom_herb_tcm_mesh_long.txt
何首乌,便秘,1,symptom_herb_tcm_mesh_long.txt
何首乌,多梦,1,symptom_herb_tcm_mesh_cooccur.txt
何首乌,失眠,1,symptom_herb_tcm_mesh_long.txt
何首乌,头昏,5,herb_symptom_db_knowledge.txt|herb_symptom_knowledge.txt|symptom_herb_tcm_mesh.txt|symptom_herb_tcm_mesh_cooccur.txt|symptom_herb_tcm_mesh_long.txt
何首乌,头昏目眩,1,symptom_herb_tcm_mesh_long.txt
何首乌,头晕,1,symptom_herb_tcm_mesh_cooccur.txt
何首乌,崩漏,1,symptom_herb_tcm_mesh_cooccur.txt
何首乌,心悸,5,herb_symptom_db_knowledge.txt|herb_symptom_knowledge.txt|symptom_herb_tcm_mesh.txt|symptom_herb_tcm_mesh_cooccur.txt|symptom_herb_tcm_mesh_long.txt
何首乌,潮热,1,symptom_herb_tcm_mesh_cooccur.txt
何首乌,烦躁,1,symptom_herb_tcm_mesh_cooccur.txt
何首乌,畏寒,1,symptom_herb_tcm_mesh_cooccur.txt
何首乌,疲乏,1,symptom_herb_tcm_mesh_cooccur.txt
何首乌,瘙痒,1,symptom_herb_tcm_mesh_long.txt
何首乌,瘫痪,1,symptom_herb_tcm_mesh_cooccur.txt
何首乌,瘰疬,4,herb_symptom_db_knowledge.txt|herb_symptom_knowledge.txt|symptom_herb_tcm_mesh.txt|symptom_herb_tcm_mesh_cooccur.txt
何首乌,皮肤瘙痒,1,symptom_herb_tcm_mesh_cooccur.txt
何首乌,目眩,1,symptom_herb_tcm_mesh_long.txt
何首乌,耳鸣,1,symptom_herb_tcm_mesh_long.txt
何首乌,背痛,1,symptom_herb_tcm_mesh_cooccur.txt
何首乌,胸闷,1,symptom_herb_tcm_mesh_cooccur.txt
何首乌,脱发,1,symptom_herb_tcm_mesh_cooccur.txt
何首乌,腰膝酸软,1,symptom_herb_tcm_mesh_long.txt
何首乌,身痛,1,symptom_herb_tcm_mesh_cooccur.txt
何首乌,遗精,1,symptom_herb_tcm_mesh_long.txt
何首乌,须发早白,4,herb_symptom_db_knowledge.txt|herb_symptom_knowledge.txt|symptom_herb_tcm_mesh.txt|symptom_herb_tcm_mesh_cooccur.txt
余甘子,半身不遂,1,symptom_herb_tcm_mesh_cooccur.txt
余甘子,口干,1,symptom_herb_tcm_mesh_long.txt
余甘子,口渴,1,herb_symptom_db_knowledge.txt
余甘子,咳嗽,5,herb_symptom_db_knowledge.txt|herb_symptom_knowledge.txt|symptom_herb_tcm_mesh.txt|symptom_herb_tcm_mesh_cooccur.txt|symptom_herb_tcm_mesh_long.txt
余甘子,头痛,1,symptom_herb_tcm_mesh_cooccur.txt
余甘子,消化不良,1,symptom_herb_tcm_mesh_long.txt
余甘子,胸痛,1,symptom_herb_tcm_mesh_cooccur.txt
余甘子,腹胀,1,symptom_herb_tcm_mesh_long.txt
佛手,关节疼痛,1,symptom_herb_tcm_mesh_cooccur.txt
佛手,半身不遂,1,symptom_herb_tcm_mesh_cooccur.txt
佛手,呃逆,1,symptom_herb_tcm_mesh_cooccur.txt
佛手,呕吐,4,herb_symptom_knowledge.txt|symptom_herb_tcm_mesh.txt|symptom_herb_tcm_mesh_cooccur.txt|symptom_herb_tcm_mesh_long.txt
佛手,胁胀,1,symptom_herb_tcm_mesh_long.txt
佛手,胃脘痞满,1,symptom_herb_tcm_mesh_long.txt
佛手,胸胁胀痛,1,symptom_herb_tcm_mesh_long.txt
佛手,食少,1,symptom_herb_tcm_mesh_long.txt
佛手,食欲不振,1,symptom_herb_tcm_mesh_cooccur.txt
佛手花,食欲不振,5,herb_symptom_db_knowledge.txt|herb_symptom_knowledge.txt|symptom_herb_tcm_mesh.txt|symptom_herb_tcm_mesh_cooccur.txt|symptom_herb_tcm_mesh_long.txt
佩兰,口臭,3,symptom_herb_tcm_mesh.txt|symptom_herb_tcm_mesh_cooccur.txt|symptom_herb_tcm_mesh_long.txt
佩兰,呕吐,5,herb_symptom_db_knowledge.txt|herb_symptom_knowledge.txt|symptom_herb_tcm_mesh.txt|symptom_herb_tcm_mesh_cooccur.txt|symptom_herb_tcm_mesh_long.txt
佩兰,呕恶,1,symptom_herb_tcm_mesh_long.txt
佩兰,头痛,5,herb_symptom_db_knowledge.txt|herb_symptom_knowledge.txt|symptom_herb_tcm_mesh.txt|symptom_herb_tcm_mesh_cooccur.txt|symptom_herb_tcm_mesh_long.txt
佩兰,头胀,3,symptom_herb_tcm_mesh.txt|symptom_herb_tcm_mesh_cooccur.txt|symptom_herb_tcm_mesh_long.txt
佩兰,寒热,1,symptom_herb_tcm_mesh_long.txt
佩兰,恶心,5,herb_symptom_db_knowledge.txt|herb_symptom_knowledge.txt|symptom_herb_tcm_mesh.txt|symptom_herb_tcm_mesh_cooccur.txt|symptom_herb_tcm_mesh_long.txt
佩兰,恶心呕吐,1,symptom_herb_tcm_mesh_long.txt
佩兰,胸闷,3,symptom_herb_tcm_mesh.txt|symptom_herb_tcm_mesh_cooccur.txt|symptom_herb_tcm_mesh_long.txt
使君子,便血,1,symptom_herb_tcm_mesh_cooccur.txt
使君子,疳积,4,herb_symptom_db_knowledge.txt|herb_symptom_knowledge.txt|symptom_herb_tcm_mesh.txt|symptom_herb_tcm_mesh_cooccur.txt
使君子,脱肛,1,symptom_herb_tcm_mesh_cooccur.txt
使君子,腹痛,5,herb_symptom_db_knowledge.txt|herb_symptom_knowledge.txt|symptom_herb_tcm_mesh.txt|symptom_herb_tcm_mesh_cooccur.txt|symptom_herb_tcm_mesh_long.txt
使君子,腹胀,1,symptom_herb_tcm_mesh_long.txt
使君子,食欲不振,1,symptom_herb_tcm_mesh_cooccur.txt
侧柏叶,丹毒,4,herb_symptom_db_knowledge.txt|herb_symptom_knowledge.txt|symptom_herb_tcm_mesh.txt|symptom_herb_tcm_mesh_cooccur.txt
侧柏叶,便血,3,symptom_herb_tcm_mesh.txt|symptom_herb_tcm_mesh_cooccur.txt|symptom_herb_tcm_mesh_long.txt
侧柏叶,吐血,4,herb_symptom_db_knowledge.txt|herb_symptom_knowledge.txt|symptom_herb_tcm_mesh.txt|symptom_herb_tcm_mesh_cooccur.txt
侧柏叶,吐血衄血,1,symptom_herb_tcm_mesh_long.txt
侧柏叶,咳嗽,5,herb_symptom_db_knowledge.txt|herb_symptom_knowledge.txt|symptom_herb_tcm_mesh.txt|symptom_herb_tcm_mesh_cooccur.txt|symptom_herb_tcm_mesh_long.txt
侧柏叶,咳嗽痰多,1,symptom_herb_tcm_mesh_long.txt
侧柏叶,尿血,5,herb_symptom_db_knowledge.txt|herb_symptom_knowledge.txt|symptom_herb_tcm_mesh.txt|symptom_herb_tcm_mesh_cooccur.txt|symptom_herb_tcm_mesh_long.txt
侧柏叶,崩漏,5,herb_symptom_db_knowledge.txt|herb_symptom_knowledge.txt|symptom_herb_tcm_mesh.txt|symptom_herb_tcm_mesh_cooccur.txt|symptom_herb_tcm_mesh_long.txt
侧柏叶,漏下,2,symptom_herb_tcm_mesh.txt|symptom_herb_tcm_mesh_cooccur.txt
侧柏叶,痄腮,4,herb_symptom_db_knowledge.txt|herb_symptom_knowledge.txt|symptom_herb_tcm_mesh.txt|symptom_herb_tcm_mesh_cooccur.txt
侧柏叶,痰多,1,symptom_herb_tcm_mesh_long.txt
侧柏叶,脱发,3,symptom_herb_tcm_mesh.txt|symptom_herb_tcm_mesh_cooccur.txt|symptom_herb_tcm_mesh_long.txt
侧柏叶,衄血,1,symptom_herb_tcm_mesh_long.txt
侧柏叶,须发早白,2,symptom_herb_tcm_mesh.txt|symptom_herb_tcm_mesh_cooccur.txt
僵蚕,丹毒,1,symptom_herb_tcm_mesh_cooccur.txt
僵蚕,半身不遂,1,symptom_herb_tcm_mesh_cooccur.txt
僵蚕,呕吐,1,symptom_herb_tcm_mesh_cooccur.txt
僵蚕,咳嗽,1,symptom_herb_tcm_mesh_cooccur.txt
僵蚕,咽喉肿痛,1,symptom_herb_tcm_mesh_long.txt
僵蚕,大便秘结,1,symptom_herb_tcm_mesh_cooccur.txt
僵蚕,头痛,1,symptom_herb_tcm_mesh_cooccur.txt
僵蚕,小儿丹毒,1,symptom_herb_tcm_mesh_cooccur.txt
僵蚕,急惊,1,symptom_herb_tcm_mesh_cooccur.txt
僵蚕,抽搐,1,symptom_herb_tcm_mesh_long.txt
僵蚕,烦躁,1,symptom_herb_tcm_mesh_cooccur.txt
僵蚕,痫,1,symptom_herb_tcm_mesh_cooccur.txt
僵蚕,瘙痒,1,symptom_herb_tcm_mesh_long.txt
僵蚕,瘫痪,1,symptom_herb_tcm_mesh_cooccur.txt
僵蚕,瘰疬,1,symptom_herb_tcm_mesh_cooccur.txt
僵蚕,皮肤瘙痒,4,herb_symptom_knowledge.txt|symptom_herb_tcm_mesh.txt|symptom_herb_tcm_mesh_cooccur.txt|symptom_herb_tcm_mesh_long.txt
僵蚕,神昏,1,symptom_herb_tcm_mesh_cooccur.txt
僵蚕,腹泻,1,symptom_herb_tcm_mesh_cooccur.txt
僵蚕,舌强,1,symptom_herb_tcm_mesh_cooccur.txt
僵蚕,谵语,1,symptom_herb_tcm_mesh_cooccur.txt
僵蚕,鼻塞,1,symptom_herb_tcm_mesh_cooccur.txt
儿茶,烦躁,1,symptom_herb_tcm_mesh_cooccur.txt
儿茶,腹泻,1,symptom_herb_tcm_mesh_cooccur.txt
儿茶,腹痛,1,symptom_herb_tcm_mesh_cooccur.txt
儿茶,舌肿,1,symptom_herb_tcm_mesh_cooccur.txt
党参,乏力,1,symptom_herb_tcm_mesh_long.txt
党参,低热,1,symptom_herb_tcm_mesh_cooccur.txt
党参,便溏,1,symptom_herb_tcm_mesh_long.txt
党参,反胃,1,symptom_herb_tcm_mesh_cooccur.txt
党参,呕吐,1,symptom_herb_tcm_mesh_cooccur.txt
党参,咳嗽,3,symptom_herb_tcm_mesh.txt|symptom_herb_tcm_mesh_cooccur.txt|symptom_herb_tcm_mesh_long.txt
党参,四肢,1,symptom_herb_tcm_mesh_long.txt
党参,四肢乏力,1,symptom_herb_tcm_mesh_long.txt
党参,壮热,1,symptom_herb_tcm_mesh_cooccur.txt
党参,多梦,1,symptom_herb_tcm_mesh_cooccur.txt
党参,头晕,1,symptom_herb_tcm_mesh_cooccur.txt
党参,头痛,1,symptom_herb_tcm_mesh_cooccur.txt
党参,心悸,3,symptom_herb_tcm_mesh.txt|symptom_herb_tcm_mesh_cooccur.txt|symptom_herb_tcm_mesh_long.txt
党参,恶寒,1,symptom_herb_tcm_mesh_cooccur.txt
党参,恶寒发热,1,symptom_herb_tcm_mesh_cooccur.txt
党参,憋气,1,symptom_herb_tcm_mesh_cooccur.txt
党参,月经过多,1,symptom_herb_tcm_mesh_cooccur.txt
党参,气短,1,symptom_herb_tcm_mesh_long.txt
党参,气短自汗,1,symptom_herb_tcm_mesh_long.txt
党参,烦躁,1,symptom_herb_tcm_mesh_cooccur.txt
党参,疲乏,1,symptom_herb_tcm_mesh_cooccur.txt
党参,目昏,1,symptom_herb_tcm_mesh_cooccur.txt
党参,肩痛,1,symptom_herb_tcm_mesh_cooccur.txt
党参,胸闷,1,symptom_herb_tcm_mesh_cooccur.txt
党参,脱肛,1,symptom_herb_tcm_mesh_cooccur.txt
党参,腹冷,1,symptom_herb_tcm_mesh_cooccur.txt
党参,腹泻,1,symptom_herb_tcm_mesh_cooccur.txt
党参,腹满,1,symptom_herb_tcm_mesh_cooccur.txt
党参,腹痛,1,symptom_herb_tcm_mesh_cooccur.txt
党参,自汗,5,herb_symptom_db_knowledge.txt|herb_symptom_knowledge.txt|symptom_herb_tcm_mesh.txt|symptom_herb_tcm_mesh_cooccur.txt|symptom_herb_tcm_mesh_long.txt
党参,阴挺,1,symptom_herb_tcm_mesh_cooccur.txt
党参,项强,1,symptom_herb_tcm_mesh_cooccur.txt
党参,食少,1,symptom_herb_tcm_mesh_long.txt
党参,食少便溏,1,symptom_herb_tcm_mesh_long.txt
党参,食欲不振,1,symptom_herb_tcm_mesh_cooccur.txt
党参,鼻塞,1,symptom_herb_tcm_mesh_cooccur.txt
全蝎,半身不遂,5,herb_symptom_db_knowledge.txt|herb_symptom_knowledge.txt|symptom_herb_tcm_mesh.txt|symptom_herb_tcm_mesh_cooccur.txt|symptom_herb_tcm_mesh_long.txt
全蝎,呕吐,1,symptom_herb_tcm_mesh_cooccur.txt
全蝎,咳嗽,1,symptom_herb_tcm_mesh_cooccur.txt
全蝎,大便秘结,1,symptom_herb_tcm_mesh_cooccur.txt
全蝎,头痛,5,herb_symptom_db_knowledge.txt|herb_symptom_knowledge.txt|symptom_herb_tcm_mesh.txt|symptom_herb_tcm_mesh_cooccur.txt|symptom_herb_tcm_mesh_long.txt
全蝎,急惊,1,symptom_herb_tcm_mesh_cooccur.txt
全蝎,抽搐,1,symptom_herb_tcm_mesh_long.txt
全蝎,烦躁,1,symptom_herb_tcm_mesh_cooccur.txt
全蝎,牙痛,4,herb_symptom_db_knowledge.txt|herb_symptom_knowledge.txt|symptom_herb_tcm_mesh.txt|symptom_herb_tcm_mesh_cooccur.txt
全蝎,痫,1,symptom_herb_tcm_mesh_cooccur.txt
全蝎,瘫痪,1,symptom_herb_tcm_mesh_cooccur.txt
全蝎,瘰疬,4,herb_symptom_db_knowledge.txt|herb_symptom_knowledge.txt|symptom_herb_tcm_mesh.txt|symptom_herb_tcm_mesh_cooccur.txt
全蝎,神昏,1,symptom_herb_tcm_mesh_cooccur.txt
全蝎,耳聋,5,herb_symptom_db_knowledge.txt|herb_symptom_knowledge.txt|symptom_herb_tcm_mesh.txt|symptom_herb_tcm_mesh_cooccur.txt|symptom_herb_tcm_mesh_long.txt
全蝎,舌强,1,symptom_herb_tcm_mesh_cooccur.txt
全蝎,谵语,1,symptom_herb_tcm_mesh_cooccur.txt
全蝎,鼻塞,1,symptom_herb_tcm_mesh_cooccur.txt
八月札,小便,1,symptom_herb_tcm_mesh_long.txt
八月札,烦渴,1,symptom_herb_tcm_mesh_long.txt
八月札,疼痛,1,symptom_herb_tcm_mesh_long.txt
八月札,瘰疬,4,herb_symptom_db_knowledge.txt|herb_symptom_knowledge.txt|symptom_herb_tcm_mesh.txt|symptom_herb_tcm_mesh_cooccur.txt
八月札,胁痛,3,symptom_herb_tcm_mesh.txt|symptom_herb_tcm_mesh_cooccur.txt|symptom_herb_tcm_mesh_long.txt
八月札,腰痛,5,herb_symptom_db_knowledge.txt|herb_symptom_knowledge.txt|symptom_herb_tcm_mesh.txt|symptom_herb_tcm_mesh_cooccur.txt|symptom_herb_tcm_mesh_long.txt
八角枫,疼痛,1,symptom_herb_tcm_mesh_long.txt
八角茴香,呕吐,5,herb_symptom_db_knowledge.txt|herb_symptom_knowledge.txt|symptom_herb_tcm_mesh.txt|symptom_herb_tcm_mesh_cooccur.txt|symptom_herb_tcm_mesh_long.txt
八角茴香,头晕,1,symptom_herb_tcm_mesh_cooccur.txt
八角茴香,脘腹冷痛,1,symptom_herb_tcm_mesh_long.txt
八角茴香,腰痛,4,herb_symptom_knowledge.txt|symptom_herb_tcm_mesh.txt|symptom_herb_tcm_mesh_cooccur.txt|symptom_herb_tcm_mesh_long.txt
八角茴香,腹冷,4,herb_symptom_knowledge.txt|symptom_herb_tcm_mesh.txt|symptom_herb_tcm_mesh_cooccur.txt|symptom_herb_tcm_mesh_long.txt
八角茴香,腹痛,5,herb_symptom_db_knowledge.txt|herb_symptom_knowledge.txt|symptom_herb_tcm_mesh.txt|symptom_herb_tcm_mesh_cooccur.txt|symptom_herb_tcm_mesh_long.txt
六月雪,水肿,1,symptom_herb_tcm_mesh_long.txt
关木通,口舌生疮,1,symptom_herb_tcm_mesh_long.txt
关木通,头晕,1,symptom_herb_tcm_mesh_cooccur.txt
关木通,头痛,1,symptom_herb_tcm_mesh_cooccur.txt
关木通,小便,1,symptom_herb_tcm_mesh_long.txt
关木通,白带,1,herb_symptom_db_knowledge.txt
关木通,耳聋,1,symptom_herb_tcm_mesh_cooccur.txt
关黄柏,瘙痒,1,symptom_herb_tcm_mesh_long.txt
关黄柏,盗汗,1,symptom_herb_tcm_mesh_long.txt
关黄柏,遗精,1,symptom_herb_tcm_mesh_long.txt
关黄柏,骨蒸劳热,1,symptom_herb_tcm_mesh_long.txt
冬瓜,口渴,1,symptom_herb_tcm_mesh_cooccur.txt
冬瓜,小便不利,1,symptom_herb_tcm_mesh_cooccur.txt
冬瓜,心悸,1,symptom_herb_tcm_mesh_cooccur.txt
冬瓜,水肿,1,symptom_herb_tcm_mesh_long.txt
冬瓜,腹痛,1,symptom_herb_tcm_mesh_cooccur.txt
冬瓜子,咳嗽,5,herb_symptom_db_knowledge.txt|herb_symptom_knowledge.txt|symptom_herb_tcm_mesh.txt|symptom_herb_tcm_mesh_cooccur.txt|symptom_herb_tcm_mesh_long.txt
冬瓜子,水肿,1,symptom_herb_tcm_mesh_long.txt
冬瓜子,腹痛,1,symptom_herb_tcm_mesh_cooccur.txt
冬瓜皮,口渴,3,symptom_herb_tcm_mesh.txt|symptom_herb_tcm_mesh_cooccur.txt|symptom_herb_tcm_mesh_long.txt
冬瓜皮,小便,1,symptom_herb_tcm_mesh_long.txt
冬瓜皮,小便不利,5,herb_symptom_db_knowledge.txt|herb_symptom_knowledge.txt|symptom_herb_tcm_mesh.txt|symptom_herb_tcm_mesh_cooccur.txt|symptom_herb_tcm_mesh_long.txt
冬瓜皮,小便短赤,1,symptom_herb_tcm_mesh_long.txt
冬瓜皮,水肿,1,symptom_herb_tcm_mesh_long.txt
冬瓜皮,肿胀,1,symptom_herb_tcm_mesh_long.txt
冬葵,半身不遂,1,symptom_herb_tcm_mesh_cooccur.txt
冬葵,口渴,1,symptom_herb_tcm_mesh_cooccur.txt
冬葵子,大便,1,symptom_herb_tcm_mesh_long.txt
冬葵子,大便不通,1,symptom_herb_tcm_mesh_long.txt
冬葵子,水肿,1,symptom_herb_tcm_mesh_long.txt
冬葵果,半身不遂,1,symptom_herb_tcm_mesh_cooccur.txt
冬葵果,口渴,4,herb_symptom_knowledge.txt|symptom_herb_tcm_mesh.txt|symptom_herb_tcm_mesh_cooccur.txt|symptom_herb_tcm_mesh_long.txt
冬葵果,水肿,1,symptom_herb_tcm_mesh_long.txt
冬虫夏草,劳嗽咯血,1,symptom_herb_tcm_mesh_long.txt
冬虫夏草,盗汗,5,herb_symptom_db_knowledge.txt|herb_symptom_knowledge.txt|symptom_herb_tcm_mesh.txt|symptom_herb_tcm_mesh_cooccur.txt|symptom_herb_tcm_mesh_long.txt
冬虫夏草,自汗,5,herb_symptom_db_knowledge.txt|herb_symptom_knowledge.txt|symptom_herb_tcm_mesh.txt|symptom_herb_tcm_mesh_cooccur.txt|symptom_herb_tcm_mesh_long.txt
冬虫夏草,遗精,1,symptom_herb_tcm_mesh_long.txt
冬虫夏草,阳痿,1,symptom_herb_tcm_mesh_long.txt
冬虫夏草,阳痿遗精,1,symptom_herb_tcm_mesh_long.txt
冰片,口渴,1,symptom_herb_tcm_mesh_cooccur.txt
冰片,口苦,1,symptom_herb_tcm_mesh_cooccur.txt
冰片,呕吐,1,symptom_herb_tcm_mesh_cooccur.txt
冰片,咳嗽,1,symptom_herb_tcm_mesh_cooccur.txt
冰片,咽喉肿痛,1,symptom_herb_tcm_mesh_long.txt
冰片,咽干,1,symptom_herb_tcm_mesh_cooccur.txt
冰片,四肢麻木,1,symptom_herb_tcm_mesh_cooccur.txt
冰片,声音嘶哑,1,symptom_herb_tcm_mesh_cooccur.txt
冰片,大便秘结,1,symptom_herb_tcm_mesh_cooccur.txt
冰片,头晕,1,symptom_herb_tcm_mesh_cooccur.txt
冰片,头痛,1,symptom_herb_tcm_mesh_cooccur.txt
冰片,带状疱疹,1,symptom_herb_tcm_mesh_cooccur.txt
冰片,恶寒,1,symptom_herb_tcm_mesh_cooccur.txt
冰片,恶心,1,symptom_herb_tcm_mesh_cooccur.txt
冰片,昏迷,1,symptom_herb_tcm_mesh_long.txt
冰片,烦躁,1,symptom_herb_tcm_mesh_cooccur.txt
冰片,牙龈肿痛,1,symptom_herb_tcm_mesh_cooccur.txt
冰片,瘫痪,1,symptom_herb_tcm_mesh_cooccur.txt
冰片,目赤,1,symptom_herb_tcm_mesh_long.txt
冰片,神昏,4,herb_symptom_knowledge.txt|symptom_herb_tcm_mesh.txt|symptom_herb_tcm_mesh_cooccur.txt|symptom_herb_tcm_mesh_long.txt
冰片,胸闷,1,symptom_herb_tcm_mesh_cooccur.txt
冰片,腹冷,1,symptom_herb_tcm_mesh_cooccur.txt
冰片,腹痛,1,symptom_herb_tcm_mesh_cooccur.txt
冰片,舌干,1,symptom_herb_tcm_mesh_cooccur.txt
冰片,舌肿,1,symptom_herb_tcm_mesh_cooccur.txt
冰片,谵语,1,symptom_herb_tcm_mesh_cooccur.txt
冰片,近视,1,symptom_herb_tcm_mesh_cooccur.txt
冰片,闭经,1,symptom_herb_tcm_mesh_cooccur.txt
冰片,鼻塞,1,symptom_herb_tcm_mesh_cooccur.txt
决明子,头昏,1,symptom_herb_tcm_mesh_cooccur.txt
决明子,头晕,1,symptom_herb_tcm_mesh_cooccur.txt
决明子,头痛,1,symptom_herb_tcm_mesh_cooccur.txt
决明子,流泪,1,symptom_herb_tcm_mesh_cooccur.txt
决明子,烦躁,1,symptom_herb_tcm_mesh_cooccur.txt
决明子,瘰疬,4,herb_symptom_db_knowledge.txt|herb_symptom_knowledge.txt|symptom_herb_tcm_mesh.txt|symptom_herb_tcm_mesh_cooccur.txt
决明子,胬肉攀睛,1,symptom_herb_tcm_mesh_cooccur.txt
决明子,胸闷,1,symptom_herb_tcm_mesh_cooccur.txt
凌霄花,崩中,4,herb_symptom_db_knowledge.txt|herb_symptom_knowledge.txt|symptom_herb_tcm_mesh.txt|symptom_herb_tcm_mesh_cooccur.txt
凌霄花,月经不调,1,symptom_herb_tcm_mesh_long.txt
凌霄花,漏下,4,herb_symptom_db_knowledge.txt|herb_symptom_knowledge.txt|symptom_herb_tcm_mesh.txt|symptom_herb_tcm_mesh_cooccur.txt
凌霄花,瘙痒,1,symptom_herb_tcm_mesh_long.txt
凌霄花,皮肤瘙痒,3,symptom_herb_tcm_mesh.txt|symptom_herb_tcm_mesh_cooccur.txt|symptom_herb_tcm_mesh_long.txt
凤仙花,噎膈,1,symptom_herb_tcm_mesh_cooccur.txt
凤仙花,白带,1,herb_symptom_db_knowledge.txt
凤仙花,腹痛,1,herb_symptom_db_knowledge.txt
凤凰衣,咽痛,1,symptom_herb_tcm_mesh_long.txt
凤凰衣,气喘,1,herb_symptom_db_knowledge.txt
凤凰衣,瘰疬,3,herb_symptom_knowledge.txt|symptom_herb_tcm_mesh.txt|symptom_herb_tcm_mesh_cooccur.txt
凤尾草,便血,5,herb_symptom_db_knowledge.txt|herb_symptom_knowledge.txt|symptom_herb_tcm_mesh.txt|symptom_herb_tcm_mesh_cooccur.txt|symptom_herb_tcm_mesh_long.txt
凤尾草,出血,1,symptom_herb_tcm_mesh_long.txt
凤尾草,吐血,4,herb_symptom_db_knowledge.txt|herb_symptom_knowledge.txt|symptom_herb_tcm_mesh.txt|symptom_herb_tcm_mesh_cooccur.txt
凤尾草,尿血,5,herb_symptom_db_knowledge.txt|herb_symptom_knowledge.txt|symptom_herb_tcm_mesh.txt|symptom_herb_tcm_mesh_cooccur.txt|symptom_herb_tcm_mesh_long.txt
凤尾草,抽搐,1,symptom_herb_tcm_mesh_long.txt
凤尾草,衄血,1,symptom_herb_tcm_mesh_long.txt
凤尾草,高热,1,symptom_herb_tcm_mesh_long.txt
凤眼草,便血,5,herb_symptom_db_knowledge.txt|herb_symptom_knowledge.txt|symptom_herb_tcm_mesh.txt|symptom_herb_tcm_mesh_cooccur.txt|symptom_herb_tcm_mesh_long.txt
凤眼草,尿血,5,herb_symptom_db_knowledge.txt|herb_symptom_knowledge.txt|symptom_herb_tcm_mesh.txt|symptom_herb_tcm_mesh_cooccur.txt|symptom_herb_tcm_mesh_long.txt
凤眼草,崩漏,5,herb_symptom_db_knowledge.txt|herb_symptom_knowledge.txt|symptom_herb_tcm_mesh.txt|symptom_herb_tcm_mesh_cooccur.txt|symptom_herb_tcm_mesh_long.txt
刀豆,呃逆,4,herb_symptom_db_knowledge.txt|herb_symptom_knowledge.txt|symptom_herb_tcm_mesh.txt|symptom_herb_tcm_mesh_cooccur.txt
刀豆,呕吐,4,herb_symptom_knowledge.txt|symptom_herb_tcm_mesh.txt|symptom_herb_tcm_mesh_cooccur.txt|symptom_herb_tcm_mesh_long.txt
刀豆,腰痛,1,herb_symptom_db_knowledge.txt
列当,不孕,2,herb_symptom_db_knowledge.txt|symptom_herb_tcm_mesh_cooccur.txt
列当,腰膝冷痛,1,symptom_herb_tcm_mesh_long.txt
刘寄奴,便血,5,herb_symptom_db_knowledge.txt|herb_symptom_knowledge.txt|symptom_herb_tcm_mesh.txt|symptom_herb_tcm_mesh_cooccur.txt|symptom_herb_tcm_mesh_long.txt
刘寄奴,出血,1,symptom_herb_tcm_mesh_long.txt
刘寄奴,尿血,5,herb_symptom_db_knowledge.txt|herb_symptom_knowledge.txt|symptom_herb_tcm_mesh.txt|symptom_herb_tcm_mesh_cooccur.txt|symptom_herb_tcm_mesh_long.txt
刘寄奴,腹痛,5,herb_symptom_db_knowledge.txt|herb_symptom_knowledge.txt|symptom_herb_tcm_mesh.txt|symptom_herb_tcm_mesh_cooccur.txt|symptom_herb_tcm_mesh_long.txt
刘寄奴,腹胀,1,symptom_herb_tcm_mesh_long.txt
制何首乌,头昏,1,symptom_herb_tcm_mesh_cooccur.txt
制何首乌,头晕,1,symptom_herb_tcm_mesh_cooccur.txt
制何首乌,崩漏,4,herb_symptom_knowledge.txt|symptom_herb_tcm_mesh.txt|symptom_herb_tcm_mesh_cooccur.txt|symptom_herb_tcm_mesh_long.txt
制何首乌,潮热,1,symptom_herb_tcm_mesh_cooccur.txt
制何首乌,烦躁,1,symptom_herb_tcm_mesh_cooccur.txt
制何首乌,眩晕,1,symptom_herb_tcm_mesh_long.txt
制何首乌,眩晕耳鸣,1,symptom_herb_tcm_mesh_long.txt
制何首乌,耳鸣,1,symptom_herb_tcm_mesh_long.txt
制何首乌,肢体麻木,1,symptom_herb_tcm_mesh_long.txt
制何首乌,背痛,1,symptom_herb_tcm_mesh_cooccur.txt
制何首乌,胸闷,1,symptom_herb_tcm_mesh_cooccur.txt
制何首乌,脱发,1,symptom_herb_tcm_mesh_cooccur.txt
制何首乌,腰膝酸软,1,symptom_herb_tcm_mesh_long.txt
制何首乌,须发早白,3,herb_symptom_knowledge.txt|symptom_herb_tcm_mesh.txt|symptom_herb_tcm_mesh_cooccur.txt
制何首乌,麻木,1,symptom_herb_tcm_mesh_long.txt
制川乌,偏头痛,1,symptom_herb_tcm_mesh_cooccur.txt
制川乌,关节疼痛,4,herb_symptom_knowledge.txt|symptom_herb_tcm_mesh.txt|symptom_herb_tcm_mesh_cooccur.txt|symptom_herb_tcm_mesh_long.txt
制川乌,四肢麻木,1,symptom_herb_tcm_mesh_cooccur.txt
制川乌,头痛,1,symptom_herb_tcm_mesh_cooccur.txt
制川乌,恶风,1,symptom_herb_tcm_mesh_cooccur.txt
制川乌,疼痛,1,symptom_herb_tcm_mesh_long.txt
制川乌,腹冷,4,herb_symptom_knowledge.txt|symptom_herb_tcm_mesh.txt|symptom_herb_tcm_mesh_cooccur.txt|symptom_herb_tcm_mesh_long.txt
制草乌,关节疼痛,4,herb_symptom_knowledge.txt|symptom_herb_tcm_mesh.txt|symptom_herb_tcm_mesh_cooccur.txt|symptom_herb_tcm_mesh_long.txt
制草乌,四肢麻木,1,symptom_herb_tcm_mesh_cooccur.txt
制草乌,恶风,1,symptom_herb_tcm_mesh_cooccur.txt
制草乌,疼痛,1,symptom_herb_tcm_mesh_long.txt
制草乌,瘰疬,1,symptom_herb_tcm_mesh_cooccur.txt
制草乌,腹冷,4,herb_symptom_knowledge.txt|symptom_herb_tcm_mesh.txt|symptom_herb_tcm_mesh_cooccur.txt|symptom_herb_tcm_mesh_long.txt
刺五加,乏力,1,symptom_herb_tcm_mesh_long.txt
刺五加,健忘,2,herb_symptom_db_knowledge.txt|symptom_herb_tcm_mesh_cooccur.txt
刺五加,多梦,5,herb_symptom_db_knowledge.txt|herb_symptom_knowledge.txt|symptom_herb_tcm_mesh.txt|symptom_herb_tcm_mesh_cooccur.txt|symptom_herb_tcm_mesh_long.txt
刺五加,失眠,1,symptom_herb_tcm_mesh_long.txt
刺五加,失眠多梦,1,symptom_herb_tcm_mesh_long.txt
刺五加,浮肿,1,herb_symptom_db_knowledge.txt
刺五加,食欲不振,5,herb_symptom_db_knowledge.txt|herb_symptom_knowledge.txt|symptom_herb_tcm_mesh.txt|symptom_herb_tcm_mesh_cooccur.txt|symptom_herb_tcm_mesh_long.txt
刺猬皮,便血,5,herb_symptom_db_knowledge.txt|herb_symptom_knowledge.txt|symptom_herb_tcm_mesh.txt|symptom_herb_tcm_mesh_cooccur.txt|symptom_herb_tcm_mesh_long.txt
刺猬皮,反胃,5,herb_symptom_db_knowledge.txt|herb_symptom_knowledge.txt|symptom_herb_tcm_mesh.txt|symptom_herb_tcm_mesh_cooccur.txt|symptom_herb_tcm_mesh_long.txt
刺猬皮,疼痛,1,symptom_herb_tcm_mesh_long.txt
刺猬皮,脱肛,5,herb_symptom_db_knowledge.txt|herb_symptom_knowledge.txt|symptom_herb_tcm_mesh.txt|symptom_herb_tcm_mesh_cooccur.txt|symptom_herb_tcm_mesh_long.txt
刺猬皮,腹痛,3,symptom_herb_tcm_mesh.txt|symptom_herb_tcm_mesh_cooccur.txt|symptom_herb_tcm_mesh_long.txt
刺猬皮,遗尿,4,herb_symptom_db_knowledge.txt|herb_symptom_knowledge.txt|symptom_herb_tcm_mesh.txt|symptom_herb_tcm_mesh_cooccur.txt
刺猬皮,遗精,1,symptom_herb_tcm_mesh_long.txt
前胡,咳嗽,3,symptom_herb_tcm_mesh.txt|symptom_herb_tcm_mesh_cooccur.txt|symptom_herb_tcm_mesh_long.txt
前胡,咳嗽痰多,1,symptom_herb_tcm_mesh_long.txt
前胡,咳血,1,symptom_herb_tcm_mesh_cooccur.txt
前胡,壮热,1,symptom_herb_tcm_mesh_cooccur.txt
前胡,头痛,1,symptom_herb_tcm_mesh_cooccur.txt
前胡,恶寒,1,symptom_herb_tcm_mesh_cooccur.txt
前胡,恶寒发热,1,symptom_herb_tcm_mesh_cooccur.txt
前胡,无汗,1,symptom_herb_tcm_mesh_cooccur.txt
前胡,烦躁,1,symptom_herb_tcm_mesh_cooccur.txt
前胡,痰多,1,symptom_herb_tcm_mesh_long.txt
前胡,痰黄稠,1,symptom_herb_tcm_mesh_long.txt
前胡,短气,1,symptom_herb_tcm_mesh_cooccur.txt
前胡,胸膈满闷,1,symptom_herb_tcm_mesh_long.txt
前胡,胸闷,1,symptom_herb_tcm_mesh_cooccur.txt
前胡,项强,1,symptom_herb_tcm_mesh_cooccur.txt
前胡,食少,1,symptom_herb_tcm_mesh_long.txt
前胡,麻疹,1,symptom_herb_tcm_mesh_cooccur.txt
前胡,鼻塞,1,symptom_herb_tcm_mesh_cooccur.txt
功劳木,咳嗽,1,herb_symptom_db_knowledge.txt
功劳木,牙痛,3,herb_symptom_knowledge.txt|symptom_herb_tcm_mesh.txt|symptom_herb_tcm_mesh_cooccur.txt
功劳木,目赤,1,symptom_herb_tcm_mesh_long.txt
化橘红,呃逆,4,herb_symptom_db_knowledge.txt|herb_symptom_knowledge.txt|symptom_herb_tcm_mesh.txt|symptom_herb_tcm_mesh_cooccur.txt
化橘红,呕吐,5,herb_symptom_db_knowledge.txt|herb_symptom_knowledge.txt|symptom_herb_tcm_mesh.txt|symptom_herb_tcm_mesh_cooccur.txt|symptom_herb_tcm_mesh_long.txt
化橘红,呕恶,1,symptom_herb_tcm_mesh_long.txt
化橘红,咳嗽,3,symptom_herb_tcm_mesh.txt|symptom_herb_tcm_mesh_cooccur.txt|symptom_herb_tcm_mesh_long.txt
化橘红,咽干,1,symptom_herb_tcm_mesh_cooccur.txt
化橘红,喉痒,3,symptom_herb_tcm_mesh.txt|symptom_herb_tcm_mesh_cooccur.txt|symptom_herb_tcm_mesh_long.txt
化橘红,恶心,1,symptom_herb_tcm_mesh_cooccur.txt
化橘红,痰多,1,symptom_herb_tcm_mesh_long.txt
化橘红,胸闷,1,symptom_herb_tcm_mesh_cooccur.txt
化橘红,脘腹胀痛,1,symptom_herb_tcm_mesh_long.txt
化橘红,腹泻,1,symptom_herb_tcm_mesh_cooccur.txt
化橘红,腹痛,1,symptom_herb_tcm_mesh_cooccur.txt
化橘红,腹胀,1,symptom_herb_tcm_mesh_long.txt
北沙参,五心烦热,1,symptom_herb_tcm_mesh_cooccur.txt
北沙参,咳嗽,1,symptom_herb_tcm_mesh_cooccur.txt
北沙参,崩漏,1,symptom_herb_tcm_mesh_cooccur.txt
北沙参,心悸,1,symptom_herb_tcm_mesh_cooccur.txt
北沙参,心烦,1,symptom_herb_tcm_mesh_cooccur.txt
北沙参,疲乏,1,symptom_herb_tcm_mesh_cooccur.txt
北沙参,白带,1,symptom_herb_tcm_mesh_cooccur.txt
北沙参,胁痛,1,symptom_herb_tcm_mesh_cooccur.txt
北沙参,胸痛,1,symptom_herb_tcm_mesh_cooccur.txt
北沙参,胸闷,1,symptom_herb_tcm_mesh_cooccur.txt
北豆根,咳嗽,2,herb_symptom_db_knowledge.txt|symptom_herb_tcm_mesh_cooccur.txt
北豆根,咽喉肿痛,1,symptom_herb_tcm_mesh_long.txt
北豆根,恶寒,1,symptom_herb_tcm_mesh_cooccur.txt
北豆根,痄腮,1,herb_symptom_db_knowledge.txt
十大功劳,牙痛,1,symptom_herb_tcm_mesh_cooccur.txt
十大功劳,腹泻,3,herb_symptom_knowledge.txt|symptom_herb_tcm_mesh.txt|symptom_herb_tcm_mesh_cooccur.txt
千年健,产后眩晕,1,symptom_herb_tcm_mesh_cooccur.txt
千年健,四肢麻木,1,symptom_herb_tcm_mesh_cooccur.txt
千年健,筋骨痿软,1,symptom_herb_tcm_mesh_long.txt
千年健,胃痛,4,herb_symptom_db_knowledge.txt|herb_symptom_knowledge.txt|symptom_herb_tcm_mesh.txt|symptom_herb_tcm_mesh_cooccur.txt
千年健,腰膝冷痛,1,symptom_herb_tcm_mesh_long.txt
千年健,麻木,1,symptom_herb_tcm_mesh_long.txt
千里光,丹毒,4,herb_symptom_db_knowledge.txt|herb_symptom_knowledge.txt|symptom_herb_tcm_mesh.txt|symptom_herb_tcm_mesh_cooccur.txt
千里光,目赤,1,symptom_herb_tcm_mesh_long.txt
千金子,二便不通,1,symptom_herb_tcm_mesh_long.txt
千金子,水肿,1,symptom_herb_tcm_mesh_long.txt
千金子,积滞,3,herb_symptom_knowledge.txt|symptom_herb_tcm_mesh.txt|symptom_herb_tcm_mesh_cooccur.txt
千金子霜,二便不通,1,symptom_herb_tcm_mesh_long.txt
千金子霜,水肿,1,symptom_herb_tcm_mesh_long.txt
千金子霜,积滞,3,herb_symptom_knowledge.txt|symptom_herb_tcm_mesh.txt|symptom_herb_tcm_mesh_cooccur.txt
升麻,丹毒,1,symptom_herb_tcm_mesh_cooccur.txt
升麻,口渴,1,symptom_herb_tcm_mesh_cooccur.txt
升麻,咽喉肿痛,1,symptom_herb_tcm_mesh_long.txt
升麻,咽痛,1,symptom_herb_tcm_mesh_long.txt
升麻,大便秘结,1,symptom_herb_tcm_mesh_cooccur.txt
升麻,头痛,5,herb_symptom_db_knowledge.txt|herb_symptom_knowledge.txt|symptom_herb_tcm_mesh.txt|symptom_herb_tcm_mesh_cooccur.txt|symptom_herb_tcm_mesh_long.txt
升麻,寒热,1,symptom_herb_tcm_mesh_long.txt
升麻,小便清长,1,symptom_herb_tcm_mesh_cooccur.txt
升麻,少气,1,symptom_herb_tcm_mesh_cooccur.txt
升麻,崩中,4,herb_symptom_db_knowledge.txt|herb_symptom_knowledge.txt|symptom_herb_tcm_mesh.txt|symptom_herb_tcm_mesh_cooccur.txt
升麻,恶风,1,symptom_herb_tcm_mesh_cooccur.txt
升麻,无汗,1,symptom_herb_tcm_mesh_cooccur.txt
升麻,牙痛,1,symptom_herb_tcm_mesh_cooccur.txt
升麻,牙龈出血,1,symptom_herb_tcm_mesh_cooccur.txt
升麻,肩痛,1,symptom_herb_tcm_mesh_cooccur.txt
升麻,脱肛,3,symptom_herb_tcm_mesh.txt|symptom_herb_tcm_mesh_cooccur.txt|symptom_herb_tcm_mesh_long.txt
升麻,腹泻,1,symptom_herb_tcm_mesh_cooccur.txt
升麻,自汗,1,symptom_herb_tcm_mesh_cooccur.txt
升麻,阴挺,1,symptom_herb_tcm_mesh_cooccur.txt
升麻,麻疹,2,symptom_herb_tcm_mesh.txt|symptom_herb_tcm_mesh_cooccur.txt
半夏,上吐下泻,1,symptom_herb_tcm_mesh_cooccur.txt
半夏,半身不遂,1,symptom_herb_tcm_mesh_cooccur.txt
半夏,反胃,5,herb_symptom_db_knowledge.txt|herb_symptom_knowledge.txt|symptom_herb_tcm_mesh.txt|symptom_herb_tcm_mesh_cooccur.txt|symptom_herb_tcm_mesh_long.txt
半夏,口渴,1,symptom_herb_tcm_mesh_cooccur.txt
半夏,口苦,1,symptom_herb_tcm_mesh_cooccur.txt
半夏,吞酸,1,symptom_herb_tcm_mesh_cooccur.txt
半夏,呃逆,1,symptom_herb_tcm_mesh_cooccur.txt
半夏,呕吐,5,herb_symptom_db_knowledge.txt|herb_symptom_knowledge.txt|symptom_herb_tcm_mesh.txt|symptom_herb_tcm_mesh_cooccur.txt|symptom_herb_tcm_mesh_long.txt
半夏,咳嗽,1,symptom_herb_tcm_mesh_cooccur.txt
半夏,咳痰,1,symptom_herb_tcm_mesh_cooccur.txt
半夏,咳血,1,symptom_herb_tcm_mesh_cooccur.txt
半夏,咽干,1,symptom_herb_tcm_mesh_cooccur.txt
半夏,喉痒,1,symptom_herb_tcm_mesh_cooccur.txt
半夏,壮热,1,symptom_herb_tcm_mesh_cooccur.txt
半夏,夜卧不安,1,symptom_herb_tcm_mesh_long.txt
半夏,头晕,1,symptom_herb_tcm_mesh_cooccur.txt
半夏,头痛,5,herb_symptom_db_knowledge.txt|herb_symptom_knowledge.txt|symptom_herb_tcm_mesh.txt|symptom_herb_tcm_mesh_cooccur.txt|symptom_herb_tcm_mesh_long.txt
半夏,头痛眩晕,1,symptom_herb_tcm_mesh_long.txt
半夏,妊娠呕吐,1,symptom_herb_tcm_mesh_cooccur.txt
半夏,崩漏,1,symptom_herb_tcm_mesh_cooccur.txt
半夏,干呕,1,symptom_herb_tcm_mesh_cooccur.txt
半夏,心下痞,1,symptom_herb_tcm_mesh_cooccur.txt
半夏,心悸,1,symptom_herb_tcm_mesh_cooccur.txt
半夏,急惊,1,symptom_herb_tcm_mesh_cooccur.txt
半夏,恶寒,1,symptom_herb_tcm_mesh_cooccur.txt
半夏,恶寒发热,1,symptom_herb_tcm_mesh_cooccur.txt
半夏,恶心,1,symptom_herb_tcm_mesh_cooccur.txt
半夏,慢惊,1,symptom_herb_tcm_mesh_cooccur.txt
半夏,无汗,1,symptom_herb_tcm_mesh_cooccur.txt
半夏,气喘,1,symptom_herb_tcm_mesh_cooccur.txt
半夏,烦躁,1,symptom_herb_tcm_mesh_cooccur.txt
半夏,痫,1,symptom_herb_tcm_mesh_cooccur.txt
半夏,痰多,1,symptom_herb_tcm_mesh_long.txt
半夏,瘰疬,1,symptom_herb_tcm_mesh_cooccur.txt
半夏,眩晕,1,symptom_herb_tcm_mesh_long.txt
半夏,短气,1,symptom_herb_tcm_mesh_cooccur.txt
半夏,神昏,1,symptom_herb_tcm_mesh_cooccur.txt
半夏,耳聋,1,symptom_herb_tcm_mesh_cooccur.txt
半夏,胃痛,1,symptom_herb_tcm_mesh_cooccur.txt
半夏,胸脘痞满,1,symptom_herb_tcm_mesh_long.txt
半夏,胸脘痞闷,1,symptom_herb_tcm_mesh_long.txt
半夏,胸闷,1,symptom_herb_tcm_mesh_cooccur.txt
半夏,腹泻,1,symptom_herb_tcm_mesh_cooccur.txt
半夏,腹痛,1,symptom_herb_tcm_mesh_cooccur.txt
半夏,舌强,1,symptom_herb_tcm_mesh_cooccur.txt
半夏,舌苔白,1,symptom_herb_tcm_mesh_cooccur.txt
半夏,转筋,1,symptom_herb_tcm_mesh_cooccur.txt
半夏,鼻塞,1,symptom_herb_tcm_mesh_cooccur.txt
半枝莲,口苦,1,symptom_herb_tcm_mesh_cooccur.txt
半枝莲,吐血,4,herb_symptom_db_knowledge.txt|herb_symptom_knowledge.txt|symptom_herb_tcm_mesh.txt|symptom_herb_tcm_mesh_cooccur.txt
半枝莲,咳嗽,1,symptom_herb_tcm_mesh_cooccur.txt
半枝莲,咽喉肿痛,1,symptom_herb_tcm_mesh_long.txt
半枝莲,咽干,1,symptom_herb_tcm_mesh_cooccur.txt
半枝莲,水肿,1,symptom_herb_tcm_mesh_long.txt
半枝莲,疼痛,1,symptom_herb_tcm_mesh_long.txt
半枝莲,瘰疬,4,herb_symptom_db_knowledge.txt|herb_symptom_knowledge.txt|symptom_herb_tcm_mesh.txt|symptom_herb_tcm_mesh_cooccur.txt
半枝莲,衄血,1,symptom_herb_tcm_mesh_long.txt
半边莲,水肿,1,symptom_herb_tcm_mesh_long.txt
半边莲,浮肿,4,herb_symptom_knowledge.txt|symptom_herb_tcm_mesh.txt|symptom_herb_tcm_mesh_cooccur.txt|symptom_herb_tcm_mesh_long.txt
南五味子,久泻不止,1,symptom_herb_tcm_mesh_long.txt
南五味子,口渴,4,herb_symptom_knowledge.txt|symptom_herb_tcm_mesh.txt|symptom_herb_tcm_mesh_cooccur.txt|symptom_herb_tcm_mesh_long.txt
南五味子,失眠,1,symptom_herb_tcm_mesh_long.txt
南五味子,尿频,1,symptom_herb_tcm_mesh_long.txt
南五味子,心悸,4,herb_symptom_knowledge.txt|symptom_herb_tcm_mesh.txt|symptom_herb_tcm_mesh_cooccur.txt|symptom_herb_tcm_mesh_long.txt
南五味子,心悸失眠,1,symptom_herb_tcm_mesh_long.txt
南五味子,梦遗滑精,1,symptom_herb_tcm_mesh_long.txt
南五味子,盗汗,4,herb_symptom_knowledge.txt|symptom_herb_tcm_mesh.txt|symptom_herb_tcm_mesh_cooccur.txt|symptom_herb_tcm_mesh_long.txt
南五味子,短气,4,herb_symptom_knowledge.txt|symptom_herb_tcm_mesh.txt|symptom_herb_tcm_mesh_cooccur.txt|symptom_herb_tcm_mesh_long.txt
南五味子,胃痛,1,symptom_herb_tcm_mesh_cooccur.txt
南五味子,自汗,4,herb_symptom_knowledge.txt|symptom_herb_tcm_mesh.txt|symptom_herb_tcm_mesh_cooccur.txt|symptom_herb_tcm_mesh_long.txt
南五味子,自汗、盗汗,1,symptom_herb_tcm_mesh_long.txt
南五味子,遗尿,3,herb_symptom_knowledge.txt|symptom_herb_tcm_mesh.txt|symptom_herb_tcm_mesh_cooccur.txt
南板蓝根,丹毒,4,herb_symptom_db_knowledge.txt|herb_symptom_knowledge.txt|symptom_herb_tcm_mesh.txt|symptom_herb_tcm_mesh_cooccur.txt
南板蓝根,头痛,1,herb_symptom_db_knowledge.txt
南板蓝根,痄腮,1,herb_symptom_db_knowledge.txt
南沙参,口干,1,symptom_herb_tcm_mesh_long.txt
南沙参,咳痰,3,herb_symptom_knowledge.txt|symptom_herb_tcm_mesh.txt|symptom_herb_tcm_mesh_cooccur.txt
南沙参,烦热,1,symptom_herb_tcm_mesh_long.txt
卷柏,便血,5,herb_symptom_db_knowledge.txt|herb_symptom_knowledge.txt|symptom_herb_tcm_mesh.txt|symptom_herb_tcm_mesh_cooccur.txt|symptom_herb_tcm_mesh_long.txt
卷柏,吐血,4,herb_symptom_db_knowledge.txt|herb_symptom_knowledge.txt|symptom_herb_tcm_mesh.txt|symptom_herb_tcm_mesh_cooccur.txt
卷柏,咳嗽,1,symptom_herb_tcm_mesh_cooccur.txt
卷柏,尿血,1,herb_symptom_db_knowledge.txt
卷柏,崩漏,4,herb_symptom_knowledge.txt|symptom_herb_tcm_mesh.txt|symptom_herb_tcm_mesh_cooccur.txt|symptom_herb_tcm_mesh_long.txt
卷柏,脱肛,4,herb_symptom_knowledge.txt|symptom_herb_tcm_mesh.txt|symptom_herb_tcm_mesh_cooccur.txt|symptom_herb_tcm_mesh_long.txt
卷柏,腹痛,1,herb_symptom_db_knowledge.txt
厚朴,上吐下泻,1,symptom_herb_tcm_mesh_cooccur.txt
厚朴,丹毒,1,symptom_herb_tcm_mesh_cooccur.txt
厚朴,便秘,1,symptom_herb_tcm_mesh_long.txt
厚朴,关节疼痛,1,symptom_herb_tcm_mesh_cooccur.txt
厚朴,半身不遂,1,symptom_herb_tcm_mesh_cooccur.txt
厚朴,呕吐,1,symptom_herb_tcm_mesh_cooccur.txt
厚朴,咽干,1,symptom_herb_tcm_mesh_cooccur.txt
厚朴,壮热,1,symptom_herb_tcm_mesh_cooccur.txt
厚朴,大便秘结,1,symptom_herb_tcm_mesh_cooccur.txt
厚朴,头痛,1,symptom_herb_tcm_mesh_cooccur.txt
厚朴,小便不利,1,symptom_herb_tcm_mesh_cooccur.txt
厚朴,小便频数,1,symptom_herb_tcm_mesh_cooccur.txt
厚朴,恶寒,1,symptom_herb_tcm_mesh_cooccur.txt
厚朴,恶寒发热,1,symptom_herb_tcm_mesh_cooccur.txt
厚朴,恶心,1,symptom_herb_tcm_mesh_cooccur.txt
厚朴,慢惊,1,symptom_herb_tcm_mesh_cooccur.txt
厚朴,无汗,1,symptom_herb_tcm_mesh_cooccur.txt
厚朴,潮热,1,symptom_herb_tcm_mesh_cooccur.txt
厚朴,短气,1,symptom_herb_tcm_mesh_cooccur.txt
厚朴,胁痛,1,symptom_herb_tcm_mesh_cooccur.txt
厚朴,胎位不正,1,symptom_herb_tcm_mesh_cooccur.txt
厚朴,胎动不安,1,symptom_herb_tcm_mesh_cooccur.txt
厚朴,胸满,1,symptom_herb_tcm_mesh_long.txt
厚朴,胸闷,1,symptom_herb_tcm_mesh_cooccur.txt
厚朴,腹泻,1,symptom_herb_tcm_mesh_cooccur.txt
厚朴,腹满,1,symptom_herb_tcm_mesh_cooccur.txt
厚朴,腹痛,1,symptom_herb_tcm_mesh_cooccur.txt
厚朴,腹胀,1,symptom_herb_tcm_mesh_long.txt
厚朴,腹胀便秘,1,symptom_herb_tcm_mesh_long.txt
厚朴,自汗,1,symptom_herb_tcm_mesh_cooccur.txt
厚朴,谵语,1,symptom_herb_tcm_mesh_cooccur.txt
厚朴,鼻塞,1,symptom_herb_tcm_mesh_cooccur.txt
厚朴花,咳嗽,5,herb_symptom_db_knowledge.txt|herb_symptom_knowledge.txt|symptom_herb_tcm_mesh.txt|symptom_herb_tcm_mesh_cooccur.txt|symptom_herb_tcm_mesh_long.txt
厚朴花,纳,1,symptom_herb_tcm_mesh_long.txt
厚朴花,胸脘痞闷,1,symptom_herb_tcm_mesh_long.txt
厚朴花,胸脘胀闷,1,symptom_herb_tcm_mesh_long.txt
厚朴花,食欲不振,5,herb_symptom_db_knowledge.txt|herb_symptom_knowledge.txt|symptom_herb_tcm_mesh.txt|symptom_herb_tcm_mesh_cooccur.txt|symptom_herb_tcm_mesh_long.txt
合欢皮,失眠,1,symptom_herb_tcm_mesh_long.txt
合欢皮,头昏,1,symptom_herb_tcm_mesh_cooccur.txt
合欢花,失眠,1,symptom_herb_tcm_mesh_long.txt
合欢花,纳,1,symptom_herb_tcm_mesh_long.txt
合欢花,纳呆,1,symptom_herb_tcm_mesh_long.txt
合欢花,胸闷,5,herb_symptom_db_knowledge.txt|herb_symptom_knowledge.txt|symptom_herb_tcm_mesh.txt|symptom_herb_tcm_mesh_cooccur.txt|symptom_herb_tcm_mesh_long.txt
合欢花,腰痛,5,herb_symptom_db_knowledge.txt|herb_symptom_knowledge.txt|symptom_herb_tcm_mesh.txt|symptom_herb_tcm_mesh_cooccur.txt|symptom_herb_tcm_mesh_long.txt
合欢花,视物不清,1,symptom_herb_tcm_mesh_long.txt
吉祥草,便血,1,herb_symptom_db_knowledge.txt
吉祥草,吐血,1,herb_symptom_db_knowledge.txt
吉祥草,咳嗽,1,herb_symptom_db_knowledge.txt
吴茱萸,五更泄泻,1,symptom_herb_tcm_mesh_long.txt
吴茱萸,口苦,1,symptom_herb_tcm_mesh_cooccur.txt
吴茱萸,吞酸,5,herb_symptom_db_knowledge.txt|herb_symptom_knowledge.txt|symptom_herb_tcm_mesh.txt|symptom_herb_tcm_mesh_cooccur.txt|symptom_herb_tcm_mesh_long.txt
吴茱萸,呕吐,5,herb_symptom_db_knowledge.txt|herb_symptom_knowledge.txt|symptom_herb_tcm_mesh.txt|symptom_herb_tcm_mesh_cooccur.txt|symptom_herb_tcm_mesh_long.txt
吴茱萸,嘈杂,1,symptom_herb_tcm_mesh_cooccur.txt
吴茱萸,大便溏,1,symptom_herb_tcm_mesh_cooccur.txt
吴茱萸,大便脓血,1,symptom_herb_tcm_mesh_cooccur.txt
吴茱萸,头痛,5,herb_symptom_db_knowledge.txt|herb_symptom_knowledge.txt|symptom_herb_tcm_mesh.txt|symptom_herb_tcm_mesh_cooccur.txt|symptom_herb_tcm_mesh_long.txt
吴茱萸,崩漏,1,symptom_herb_tcm_mesh_cooccur.txt
吴茱萸,经行腹痛,2,symptom_herb_tcm_mesh.txt|symptom_herb_tcm_mesh_cooccur.txt
吴茱萸,脘腹冷痛,1,symptom_herb_tcm_mesh_long.txt
吴茱萸,脘腹胀痛,1,symptom_herb_tcm_mesh_long.txt
吴茱萸,腹冷,5,herb_symptom_db_knowledge.txt|herb_symptom_knowledge.txt|symptom_herb_tcm_mesh.txt|symptom_herb_tcm_mesh_cooccur.txt|symptom_herb_tcm_mesh_long.txt
吴茱萸,腹痛,3,symptom_herb_tcm_mesh.txt|symptom_herb_tcm_mesh_cooccur.txt|symptom_herb_tcm_mesh_long.txt
吴茱萸,腹胀,1,symptom_herb_tcm_mesh_long.txt
吴茱萸,里急后重,1,symptom_herb_tcm_mesh_cooccur.txt
咖啡,食欲不振,1,herb_symptom_db_knowledge.txt
哈蟆油,乏力,1,symptom_herb_tcm_mesh_long.txt
哈蟆油,咳血,3,herb_symptom_knowledge.txt|symptom_herb_tcm_mesh.txt|symptom_herb_tcm_mesh_cooccur.txt
哈蟆油,失眠,1,symptom_herb_tcm_mesh_long.txt
哈蟆油,心悸,4,herb_symptom_knowledge.txt|symptom_herb_tcm_mesh.txt|symptom_herb_tcm_mesh_cooccur.txt|symptom_herb_tcm_mesh_long.txt
哈蟆油,心悸失眠,1,symptom_herb_tcm_mesh_long.txt
哈蟆油,疲乏,3,herb_symptom_knowledge.txt|symptom_herb_tcm_mesh.txt|symptom_herb_tcm_mesh_cooccur.txt
哈蟆油,盗汗,4,herb_symptom_knowledge.txt|symptom_herb_tcm_mesh.txt|symptom_herb_tcm_mesh_cooccur.txt|symptom_herb_tcm_mesh_long.txt
哈蟆油,神疲,1,symptom_herb_tcm_mesh_long.txt
哈蟆油,神疲乏力,1,symptom_herb_tcm_mesh_long.txt
商陆,二便不通,1,symptom_herb_tcm_mesh_long.txt
商陆,水肿,1,symptom_herb_tcm_mesh_long.txt
商陆,瘰疬,4,herb_symptom_db_knowledge.txt|herb_symptom_knowledge.txt|symptom_herb_tcm_mesh.txt|symptom_herb_tcm_mesh_cooccur.txt
商陆,肿胀,1,symptom_herb_tcm_mesh_long.txt
四季青,出血,1,symptom_herb_tcm_mesh_long.txt
四季青,咳嗽,5,herb_symptom_db_knowledge.txt|herb_symptom_knowledge.txt|symptom_herb_tcm_mesh.txt|symptom_herb_tcm_mesh_cooccur.txt|symptom_herb_tcm_mesh_long.txt
四季青,咽喉肿痛,1,symptom_herb_tcm_mesh_long.txt
四季青,恶寒,1,symptom_herb_tcm_mesh_cooccur.txt
四季青,腹泻,4,herb_symptom_db_knowledge.txt|herb_symptom_knowledge.txt|symptom_herb_tcm_mesh.txt|symptom_herb_tcm_mesh_cooccur.txt
土木香,呕吐,4,herb_symptom_knowledge.txt|symptom_herb_tcm_mesh.txt|symptom_herb_tcm_mesh_cooccur.txt|symptom_herb_tcm_mesh_long.txt
土木香,小便不利,1,symptom_herb_tcm_mesh_cooccur.txt
土木香,胎动不安,3,herb_symptom_knowledge.txt|symptom_herb_tcm_mesh.txt|symptom_herb_tcm_mesh_cooccur.txt
土木香,胸闷,1,symptom_herb_tcm_mesh_cooccur.txt
土木香,脘腹胀痛,1,symptom_herb_tcm_mesh_long.txt
土木香,腹泻,1,herb_symptom_db_knowledge.txt
土木香,腹胀,1,symptom_herb_tcm_mesh_long.txt
土茯苓,疼痛,1,symptom_herb_tcm_mesh_long.txt
土茯苓,瘰疬,4,herb_symptom_db_knowledge.txt|herb_symptom_knowledge.txt|symptom_herb_tcm_mesh.txt|symptom_herb_tcm_mesh_cooccur.txt
土贝母,瘰疬,4,herb_symptom_db_knowledge.txt|herb_symptom_knowledge.txt|symptom_herb_tcm_mesh.txt|symptom_herb_tcm_mesh_cooccur.txt
土鳖虫,半身不遂,1,symptom_herb_tcm_mesh_cooccur.txt
土鳖虫,潮热,1,symptom_herb_tcm_mesh_cooccur.txt
土鳖虫,闭经,1,symptom_herb_tcm_mesh_cooccur.txt
地枫皮,四肢麻木,1,symptom_herb_tcm_mesh_cooccur.txt
地榆,便血,5,herb_symptom_db_knowledge.txt|herb_symptom_knowledge.txt|symptom_herb_tcm_mesh.txt|symptom_herb_tcm_mesh_cooccur.txt|symptom_herb_tcm_mesh_long.txt
地榆,吐血,4,herb_symptom_db_knowledge.txt|herb_symptom_knowledge.txt|symptom_herb_tcm_mesh.txt|symptom_herb_tcm_mesh_cooccur.txt
地榆,尿血,5,herb_symptom_db_knowledge.txt|herb_symptom_knowledge.txt|symptom_herb_tcm_mesh.txt|symptom_herb_tcm_mesh_cooccur.txt|symptom_herb_tcm_mesh_long.txt
地榆,崩漏,5,herb_symptom_db_knowledge.txt|herb_symptom_knowledge.txt|symptom_herb_tcm_mesh.txt|symptom_herb_tcm_mesh_cooccur.txt|symptom_herb_tcm_mesh_long.txt
地榆,白带,4,herb_symptom_db_knowledge.txt|herb_symptom_knowledge.txt|symptom_herb_tcm_mesh.txt|symptom_herb_tcm_mesh_cooccur.txt
地榆,衄血,1,symptom_herb_tcm_mesh_long.txt
地榆,赤白带,4,herb_symptom_db_knowledge.txt|herb_symptom_knowledge.txt|symptom_herb_tcm_mesh.txt|symptom_herb_tcm_mesh_cooccur.txt
地榆,阴痒,4,herb_symptom_db_knowledge.txt|herb_symptom_knowledge.txt|symptom_herb_tcm_mesh.txt|symptom_herb_tcm_mesh_cooccur.txt
地肤子,小便,1,symptom_herb_tcm_mesh_long.txt
地肤子,小便不利,1,herb_symptom_db_knowledge.txt
地肤子,小便涩痛,1,symptom_herb_tcm_mesh_long.txt
地肤子,瘙痒,1,symptom_herb_tcm_mesh_long.txt
地肤子,皮肤瘙痒,5,herb_symptom_db_knowledge.txt|herb_symptom_knowledge.txt|symptom_herb_tcm_mesh.txt|symptom_herb_tcm_mesh_cooccur.txt|symptom_herb_tcm_mesh_long.txt
地肤子,阴痒,3,herb_symptom_knowledge.txt|symptom_herb_tcm_mesh.txt|symptom_herb_tcm_mesh_cooccur.txt
地锦草,便血,5,herb_symptom_db_knowledge.txt|herb_symptom_knowledge.txt|symptom_herb_tcm_mesh.txt|symptom_herb_tcm_mesh_cooccur.txt|symptom_herb_tcm_mesh_long.txt
地锦草,吐血,4,herb_symptom_db_knowledge.txt|herb_symptom_knowledge.txt|symptom_herb_tcm_mesh.txt|symptom_herb_tcm_mesh_cooccur.txt
地锦草,咳血,4,herb_symptom_db_knowledge.txt|herb_symptom_knowledge.txt|symptom_herb_tcm_mesh.txt|symptom_herb_tcm_mesh_cooccur.txt
地锦草,尿血,5,herb_symptom_db_knowledge.txt|herb_symptom_knowledge.txt|symptom_herb_tcm_mesh.txt|symptom_herb_tcm_mesh_cooccur.txt|symptom_herb_tcm_mesh_long.txt
地锦草,崩漏,5,herb_symptom_db_knowledge.txt|herb_symptom_knowledge.txt|symptom_herb_tcm_mesh.txt|symptom_herb_tcm_mesh_cooccur.txt|symptom_herb_tcm_mesh_long.txt
地锦草,腹泻,1,symptom_herb_tcm_mesh_cooccur.txt
地锦草,腹痛,1,symptom_herb_tcm_mesh_cooccur.txt
地骨皮,低热,1,symptom_herb_tcm_mesh_cooccur.txt
地骨皮,发热,1,symptom_herb_tcm_mesh_long.txt
地骨皮,吐血,4,herb_symptom_db_knowledge.txt|herb_symptom_knowledge.txt|symptom_herb_tcm_mesh.txt|symptom_herb_tcm_mesh_cooccur.txt
地骨皮,咳嗽,1,symptom_herb_tcm_mesh_cooccur.txt
地骨皮,头胀,1,symptom_herb_tcm_mesh_cooccur.txt
地骨皮,尿血,5,herb_symptom_db_knowledge.txt|herb_symptom_knowledge.txt|symptom_herb_tcm_mesh.txt|symptom_herb_tcm_mesh_cooccur.txt|symptom_herb_tcm_mesh_long.txt
地骨皮,流泪,1,symptom_herb_tcm_mesh_cooccur.txt
地骨皮,消瘦,1,symptom_herb_tcm_mesh_cooccur.txt
地骨皮,潮热,3,symptom_herb_tcm_mesh.txt|symptom_herb_tcm_mesh_cooccur.txt|symptom_herb_tcm_mesh_long.txt
地骨皮,疳积,4,herb_symptom_db_knowledge.txt|herb_symptom_knowledge.txt|symptom_herb_tcm_mesh.txt|symptom_herb_tcm_mesh_cooccur.txt
地骨皮,盗汗,5,herb_symptom_db_knowledge.txt|herb_symptom_knowledge.txt|symptom_herb_tcm_mesh.txt|symptom_herb_tcm_mesh_cooccur.txt|symptom_herb_tcm_mesh_long.txt
地骨皮,衄血,1,symptom_herb_tcm_mesh_long.txt
地骨皮,骨蒸盗汗,1,symptom_herb_tcm_mesh_long.txt
地龙,乳房胀痛,1,symptom_herb_tcm_mesh_cooccur.txt
地龙,半身不遂,4,herb_symptom_knowledge.txt|symptom_herb_tcm_mesh.txt|symptom_herb_tcm_mesh_cooccur.txt|symptom_herb_tcm_mesh_long.txt
地龙,咳嗽,1,symptom_herb_tcm_mesh_cooccur.txt
地龙,头昏,1,symptom_herb_tcm_mesh_cooccur.txt
地龙,头晕,1,symptom_herb_tcm_mesh_cooccur.txt
地龙,头痛,1,herb_symptom_db_knowledge.txt
地龙,小便不通,1,herb_symptom_db_knowledge.txt
地龙,尿少,1,symptom_herb_tcm_mesh_long.txt
地龙,抽搐,1,symptom_herb_tcm_mesh_long.txt
地龙,气喘,1,symptom_herb_tcm_mesh_cooccur.txt
地龙,水肿,1,symptom_herb_tcm_mesh_long.txt
地龙,痫,4,herb_symptom_db_knowledge.txt|herb_symptom_knowledge.txt|symptom_herb_tcm_mesh.txt|symptom_herb_tcm_mesh_cooccur.txt
地龙,瘫痪,1,symptom_herb_tcm_mesh_cooccur.txt
地龙,瘰疬,1,symptom_herb_tcm_mesh_cooccur.txt
地龙,神昏,4,herb_symptom_knowledge.txt|symptom_herb_tcm_mesh.txt|symptom_herb_tcm_mesh_cooccur.txt|symptom_herb_tcm_mesh_long.txt
地龙,肢体麻木,1,symptom_herb_tcm_mesh_long.txt
地龙,腰痛,1,symptom_herb_tcm_mesh_cooccur.txt
地龙,臂痛,1,symptom_herb_tcm_mesh_cooccur.txt
地龙,高热,1,symptom_herb_tcm_mesh_long.txt
地龙,高热神昏,1,symptom_herb_tcm_mesh_long.txt
地龙,麻木,1,symptom_herb_tcm_mesh_long.txt
垂盆草,咽喉肿痛,1,symptom_herb_tcm_mesh_long.txt
垂盆草,小便,1,symptom_herb_tcm_mesh_long.txt
垂盆草,小便不利,3,symptom_herb_tcm_mesh.txt|symptom_herb_tcm_mesh_cooccur.txt|symptom_herb_tcm_mesh_long.txt
垂盆草,带状疱疹,4,herb_symptom_db_knowledge.txt|herb_symptom_knowledge.txt|symptom_herb_tcm_mesh.txt|symptom_herb_tcm_mesh_cooccur.txt
墨旱莲,便血,1,herb_symptom_db_knowledge.txt
墨旱莲,出血,1,symptom_herb_tcm_mesh_long.txt
墨旱莲,吐血,4,herb_symptom_db_knowledge.txt|herb_symptom_knowledge.txt|symptom_herb_tcm_mesh.txt|symptom_herb_tcm_mesh_cooccur.txt
墨旱莲,吐血、衄血,1,symptom_herb_tcm_mesh_long.txt
墨旱莲,咽干,1,symptom_herb_tcm_mesh_cooccur.txt
墨旱莲,头晕,2,herb_symptom_db_knowledge.txt|symptom_herb_tcm_mesh_cooccur.txt
墨旱莲,头痛,1,symptom_herb_tcm_mesh_cooccur.txt
墨旱莲,尿血,4,herb_symptom_knowledge.txt|symptom_herb_tcm_mesh.txt|symptom_herb_tcm_mesh_cooccur.txt|symptom_herb_tcm_mesh_long.txt
墨旱莲,崩漏,4,herb_symptom_knowledge.txt|symptom_herb_tcm_mesh.txt|symptom_herb_tcm_mesh_cooccur.txt|symptom_herb_tcm_mesh_long.txt
墨旱莲,漏下,3,herb_symptom_knowledge.txt|symptom_herb_tcm_mesh.txt|symptom_herb_tcm_mesh_cooccur.txt
墨旱莲,牙齿松动,1,symptom_herb_tcm_mesh_long.txt
墨旱莲,眩晕,1,symptom_herb_tcm_mesh_long.txt
墨旱莲,眩晕耳鸣,1,symptom_herb_tcm_mesh_long.txt
墨旱莲,耳鸣,1,symptom_herb_tcm_mesh_long.txt
墨旱莲,胁痛,1,symptom_herb_tcm_mesh_cooccur.txt
墨旱莲,胸闷,1,symptom_herb_tcm_mesh_cooccur.txt
墨旱莲,腰膝酸软,1,symptom_herb_tcm_mesh_long.txt
墨旱莲,腹痛,1,symptom_herb_tcm_mesh_cooccur.txt
墨旱莲,衄血,1,symptom_herb_tcm_mesh_long.txt
墨旱莲,须发早白,4,herb_symptom_db_knowledge.txt|herb_symptom_knowledge.txt|symptom_herb_tcm_mesh.txt|symptom_herb_tcm_mesh_cooccur.txt
壁虎,咳血,1,symptom_herb_tcm_mesh_cooccur.txt
壁虎,噎膈,4,herb_symptom_db_knowledge.txt|herb_symptom_knowledge.txt|symptom_herb_tcm_mesh.txt|symptom_herb_tcm_mesh_cooccur.txt
壁虎,四肢,1,symptom_herb_tcm_mesh_long.txt
壁虎,痫,4,herb_symptom_db_knowledge.txt|herb_symptom_knowledge.txt|symptom_herb_tcm_mesh.txt|symptom_herb_tcm_mesh_cooccur.txt
夏枯草,头昏,1,symptom_herb_tcm_mesh_cooccur.txt
夏枯草,头晕,1,symptom_herb_tcm_mesh_cooccur.txt
夏枯草,头痛,5,herb_symptom_db_knowledge.txt|herb_symptom_knowledge.txt|symptom_herb_tcm_mesh.txt|symptom_herb_tcm_mesh_cooccur.txt|symptom_herb_tcm_mesh_long.txt
夏枯草,头痛眩晕,1,symptom_herb_tcm_mesh_long.txt
夏枯草,牙痛,1,symptom_herb_tcm_mesh_cooccur.txt
夏枯草,疼痛,1,symptom_herb_tcm_mesh_long.txt
夏枯草,痄腮,4,herb_symptom_db_knowledge.txt|herb_symptom_knowledge.txt|symptom_herb_tcm_mesh.txt|symptom_herb_tcm_mesh_cooccur.txt
夏枯草,瘰疬,4,herb_symptom_db_knowledge.txt|herb_symptom_knowledge.txt|symptom_herb_tcm_mesh.txt|symptom_herb_tcm_mesh_cooccur.txt
夏枯草,目赤,1,symptom_herb_tcm_mesh_long.txt
夏枯草,眩晕,1,symptom_herb_tcm_mesh_long.txt
夏枯草,耳鸣,1,symptom_herb_tcm_mesh_long.txt
夜交藤,多梦,5,herb_symptom_db_knowledge.txt|herb_symptom_knowledge.txt|symptom_herb_tcm_mesh.txt|symptom_herb_tcm_mesh_cooccur.txt|symptom_herb_tcm_mesh_long.txt
夜交藤,失眠,1,symptom_herb_tcm_mesh_long.txt
夜交藤,瘙痒,1,symptom_herb_tcm_mesh_long.txt
夜交藤,身痛,5,herb_symptom_db_knowledge.txt|herb_symptom_knowledge.txt|symptom_herb_tcm_mesh.txt|symptom_herb_tcm_mesh_cooccur.txt|symptom_herb_tcm_mesh_long.txt
夜交藤,麻木,1,symptom_herb_tcm_mesh_long.txt
夜明砂,流泪,1,symptom_herb_tcm_mesh_cooccur.txt
夜明砂,疳积,4,herb_symptom_db_knowledge.txt|herb_symptom_knowledge.txt|symptom_herb_tcm_mesh.txt|symptom_herb_tcm_mesh_cooccur.txt
夜明砂,瘰疬,4,herb_symptom_db_knowledge.txt|herb_symptom_knowledge.txt|symptom_herb_tcm_mesh.txt|symptom_herb_tcm_mesh_cooccur.txt
夜明砂,目赤,1,symptom_herb_tcm_mesh_long.txt
夜明砂,胬肉攀睛,1,symptom_herb_tcm_mesh_cooccur.txt
大头陈,头痛,5,herb_symptom_db_knowledge.txt|herb_symptom_knowledge.txt|symptom_herb_tcm_mesh.txt|symptom_herb_tcm_mesh_cooccur.txt|symptom_herb_tcm_mesh_long.txt
大头陈,腹痛,5,herb_symptom_db_knowledge.txt|herb_symptom_knowledge.txt|symptom_herb_tcm_mesh.txt|symptom_herb_tcm_mesh_cooccur.txt|symptom_herb_tcm_mesh_long.txt
大头陈,腹痛泄泻,1,symptom_herb_tcm_mesh_long.txt
大戟,二便不利,1,symptom_herb_tcm_mesh_long.txt
大戟,便血,1,symptom_herb_tcm_mesh_cooccur.txt
大戟,咳嗽,1,symptom_herb_tcm_mesh_cooccur.txt
大戟,尿血,1,symptom_herb_tcm_mesh_cooccur.txt
大戟,崩漏,1,symptom_herb_tcm_mesh_cooccur.txt
大戟,水肿,1,symptom_herb_tcm_mesh_long.txt
大戟,浮肿,1,symptom_herb_tcm_mesh_cooccur.txt
大戟,瘰疬,4,herb_symptom_db_knowledge.txt|herb_symptom_knowledge.txt|symptom_herb_tcm_mesh.txt|symptom_herb_tcm_mesh_cooccur.txt
大戟,积滞,1,symptom_herb_tcm_mesh_cooccur.txt
大戟,背痛,1,symptom_herb_tcm_mesh_cooccur.txt
大戟,腰痛,1,symptom_herb_tcm_mesh_cooccur.txt
大枣,乏力,1,symptom_herb_tcm_mesh_long.txt
大枣,便溏,1,symptom_herb_tcm_mesh_long.txt
大枣,倦怠,1,symptom_herb_tcm_mesh_long.txt
大枣,倦怠乏力,1,symptom_herb_tcm_mesh_long.txt
大枣,发黄,1,symptom_herb_tcm_mesh_cooccur.txt
大枣,吞酸,1,symptom_herb_tcm_mesh_cooccur.txt
大枣,呕吐,1,symptom_herb_tcm_mesh_cooccur.txt
大枣,咽干,1,symptom_herb_tcm_mesh_cooccur.txt
大枣,嘈杂,1,symptom_herb_tcm_mesh_cooccur.txt
大枣,失眠,1,symptom_herb_tcm_mesh_long.txt
大枣,头昏,1,symptom_herb_tcm_mesh_cooccur.txt
大枣,头痛,1,symptom_herb_tcm_mesh_cooccur.txt
大枣,小便不利,1,symptom_herb_tcm_mesh_cooccur.txt
大枣,少气,1,symptom_herb_tcm_mesh_cooccur.txt
大枣,干呕,1,symptom_herb_tcm_mesh_cooccur.txt
大枣,心下痞,1,symptom_herb_tcm_mesh_cooccur.txt
大枣,心悸,5,herb_symptom_db_knowledge.txt|herb_symptom_knowledge.txt|symptom_herb_tcm_mesh.txt|symptom_herb_tcm_mesh_cooccur.txt|symptom_herb_tcm_mesh_long.txt
大枣,心悸失眠,1,symptom_herb_tcm_mesh_long.txt
大枣,恶寒,1,symptom_herb_tcm_mesh_cooccur.txt
大枣,恶寒发热,1,symptom_herb_tcm_mesh_cooccur.txt
大枣,恶心,1,symptom_herb_tcm_mesh_cooccur.txt
大枣,恶风,1,symptom_herb_tcm_mesh_cooccur.txt
大枣,无汗,1,symptom_herb_tcm_mesh_cooccur.txt
大枣,气血不足,1,symptom_herb_tcm_mesh_long.txt
大枣,烦躁,1,symptom_herb_tcm_mesh_cooccur.txt
大枣,痫,1,symptom_herb_tcm_mesh_cooccur.txt
大枣,盗汗,1,symptom_herb_tcm_mesh_cooccur.txt
大枣,胃痛,1,symptom_herb_tcm_mesh_cooccur.txt
大枣,脏躁,4,herb_symptom_db_knowledge.txt|herb_symptom_knowledge.txt|symptom_herb_tcm_mesh.txt|symptom_herb_tcm_mesh_cooccur.txt
大枣,腹泻,1,symptom_herb_tcm_mesh_cooccur.txt
大枣,腹满,1,symptom_herb_tcm_mesh_cooccur.txt
大枣,腹痛,1,symptom_herb_tcm_mesh_cooccur.txt
大枣,自汗,1,symptom_herb_tcm_mesh_cooccur.txt
大枣,舌强,1,symptom_herb_tcm_mesh_cooccur.txt
大枣,闭经,1,symptom_herb_tcm_mesh_cooccur.txt
大枣,项强,1,symptom_herb_tcm_mesh_cooccur.txt
大枣,食少,1,symptom_herb_tcm_mesh_long.txt
大枣,食少便溏,1,symptom_herb_tcm_mesh_long.txt
大枣,鼻塞,1,symptom_herb_tcm_mesh_cooccur.txt
大腹皮,呕吐,1,symptom_herb_tcm_mesh_cooccur.txt
大腹皮,大便,1,symptom_herb_tcm_mesh_long.txt
大腹皮,大便不爽,1,symptom_herb_tcm_mesh_long.txt
大腹皮,小便,1,symptom_herb_tcm_mesh_long.txt
大腹皮,小便不利,5,herb_symptom_db_knowledge.txt|herb_symptom_knowledge.txt|symptom_herb_tcm_mesh.txt|symptom_herb_tcm_mesh_cooccur.txt|symptom_herb_tcm_mesh_long.txt
大腹皮,恶寒,1,symptom_herb_tcm_mesh_cooccur.txt
大腹皮,恶寒发热,1,symptom_herb_tcm_mesh_cooccur.txt
大腹皮,恶心,1,symptom_herb_tcm_mesh_cooccur.txt
大腹皮,水肿,1,symptom_herb_tcm_mesh_long.txt
大腹皮,浮肿,3,symptom_herb_tcm_mesh.txt|symptom_herb_tcm_mesh_cooccur.txt|symptom_herb_tcm_mesh_long.txt
大腹皮,肿胀,1,symptom_herb_tcm_mesh_long.txt
大腹皮,胸腹胀闷,1,symptom_herb_tcm_mesh_long.txt
大腹皮,脘腹胀闷,1,symptom_herb_tcm_mesh_long.txt
大腹皮,腹胀,1,symptom_herb_tcm_mesh_long.txt
大蒜,咳嗽,1,symptom_herb_tcm_mesh_cooccur.txt
大蒜,水肿,1,symptom_herb_tcm_mesh_long.txt
大蒜,脘腹冷痛,1,symptom_herb_tcm_mesh_long.txt
大蒜,腰痛,1,symptom_herb_tcm_mesh_cooccur.txt
大蒜,腹冷,5,herb_symptom_db_knowledge.txt|herb_symptom_knowledge.txt|symptom_herb_tcm_mesh.txt|symptom_herb_tcm_mesh_cooccur.txt|symptom_herb_tcm_mesh_long.txt
大蒜,阴痒,4,herb_symptom_db_knowledge.txt|herb_symptom_knowledge.txt|symptom_herb_tcm_mesh.txt|symptom_herb_tcm_mesh_cooccur.txt
大蒜,鼻塞,1,symptom_herb_tcm_mesh_cooccur.txt
大蓟,便血,5,herb_symptom_db_knowledge.txt|herb_symptom_knowledge.txt|symptom_herb_tcm_mesh.txt|symptom_herb_tcm_mesh_cooccur.txt|symptom_herb_tcm_mesh_long.txt
大蓟,出血,1,symptom_herb_tcm_mesh_long.txt
大蓟,吐血,4,herb_symptom_db_knowledge.txt|herb_symptom_knowledge.txt|symptom_herb_tcm_mesh.txt|symptom_herb_tcm_mesh_cooccur.txt
大蓟,尿血,5,herb_symptom_db_knowledge.txt|herb_symptom_knowledge.txt|symptom_herb_tcm_mesh.txt|symptom_herb_tcm_mesh_cooccur.txt|symptom_herb_tcm_mesh_long.txt
大蓟,崩漏,5,herb_symptom_db_knowledge.txt|herb_symptom_knowledge.txt|symptom_herb_tcm_mesh.txt|symptom_herb_tcm_mesh_cooccur.txt|symptom_herb_tcm_mesh_long.txt
大蓟,漏下,2,symptom_herb_tcm_mesh.txt|symptom_herb_tcm_mesh_cooccur.txt
大蓟,瘰疬,4,herb_symptom_db_knowledge.txt|herb_symptom_knowledge.txt|symptom_herb_tcm_mesh.txt|symptom_herb_tcm_mesh_cooccur.txt
大蓟,衄血,1,symptom_herb_tcm_mesh_long.txt
大血藤,腹痛,5,herb_symptom_db_knowledge.txt|herb_symptom_knowledge.txt|symptom_herb_tcm_mesh.txt|symptom_herb_tcm_mesh_cooccur.txt|symptom_herb_tcm_mesh_long.txt
大豆,口渴,1,symptom_herb_tcm_mesh_cooccur.txt
大豆,呕吐,1,symptom_herb_tcm_mesh_cooccur.txt
大豆,咳嗽,1,symptom_herb_tcm_mesh_cooccur.txt
大豆,头痛,1,symptom_herb_tcm_mesh_cooccur.txt
大豆,小便不利,1,symptom_herb_tcm_mesh_cooccur.txt
大豆,恶心,1,symptom_herb_tcm_mesh_cooccur.txt
大豆,烦躁,1,symptom_herb_tcm_mesh_cooccur.txt
大豆,疳积,3,herb_symptom_knowledge.txt|symptom_herb_tcm_mesh.txt|symptom_herb_tcm_mesh_cooccur.txt
大豆,胁痛,1,symptom_herb_tcm_mesh_cooccur.txt
大豆,胸闷,1,symptom_herb_tcm_mesh_cooccur.txt
大豆,腹痛,1,symptom_herb_tcm_mesh_cooccur.txt
大豆,转筋,1,symptom_herb_tcm_mesh_cooccur.txt
大豆,闭经,1,symptom_herb_tcm_mesh_cooccur.txt
大豆,黄色,1,symptom_herb_tcm_mesh_long.txt
大豆,鼻塞,1,symptom_herb_tcm_mesh_cooccur.txt
大青叶,丹毒,4,herb_symptom_db_knowledge.txt|herb_symptom_knowledge.txt|symptom_herb_tcm_mesh.txt|symptom_herb_tcm_mesh_cooccur.txt
大青叶,口渴,1,symptom_herb_tcm_mesh_cooccur.txt
大青叶,吐血,4,herb_symptom_db_knowledge.txt|herb_symptom_knowledge.txt|symptom_herb_tcm_mesh.txt|symptom_herb_tcm_mesh_cooccur.txt
大青叶,咳嗽,1,symptom_herb_tcm_mesh_cooccur.txt
大青叶,咽干,1,symptom_herb_tcm_mesh_cooccur.txt
大青叶,壮热,1,symptom_herb_tcm_mesh_cooccur.txt
大青叶,头痛,1,symptom_herb_tcm_mesh_cooccur.txt
大青叶,头胀,1,symptom_herb_tcm_mesh_cooccur.txt
大青叶,无汗,1,symptom_herb_tcm_mesh_cooccur.txt
大青叶,烦渴,1,symptom_herb_tcm_mesh_long.txt
大青叶,痄腮,4,herb_symptom_db_knowledge.txt|herb_symptom_knowledge.txt|symptom_herb_tcm_mesh.txt|symptom_herb_tcm_mesh_cooccur.txt
大青叶,神昏,5,herb_symptom_db_knowledge.txt|herb_symptom_knowledge.txt|symptom_herb_tcm_mesh.txt|symptom_herb_tcm_mesh_cooccur.txt|symptom_herb_tcm_mesh_long.txt
大青叶,衄血,1,symptom_herb_tcm_mesh_long.txt
大青叶,高热,1,symptom_herb_tcm_mesh_long.txt
大青叶,高热神昏,1,symptom_herb_tcm_mesh_long.txt
大风子,杨梅疮,1,herb_symptom_db_knowledge.txt
大麦,乳房胀痛,1,symptom_herb_tcm_mesh_cooccur.txt
大麦,咳嗽,1,symptom_herb_tcm_mesh_cooccur.txt
大麦,小便不利,1,herb_symptom_db_knowledge.txt
大麦,腹满,1,symptom_herb_tcm_mesh_cooccur.txt
大麦,腹痛,1,symptom_herb_tcm_mesh_cooccur.txt
大黄,丹毒,1,symptom_herb_tcm_mesh_cooccur.txt
大黄,便秘,1,symptom_herb_tcm_mesh_long.txt
大黄,出血,1,symptom_herb_tcm_mesh_long.txt
大黄,发狂,1,symptom_herb_tcm_mesh_cooccur.txt
大黄,口渴,1,symptom_herb_tcm_mesh_cooccur.txt
大黄,口苦,1,symptom_herb_tcm_mesh_cooccur.txt
大黄,吐血,1,symptom_herb_tcm_mesh_cooccur.txt
大黄,吞酸,1,symptom_herb_tcm_mesh_cooccur.txt
大黄,呕吐,1,symptom_herb_tcm_mesh_cooccur.txt
大黄,咳嗽,1,symptom_herb_tcm_mesh_cooccur.txt
大黄,咳血,1,symptom_herb_tcm_mesh_cooccur.txt
大黄,咽干,1,symptom_herb_tcm_mesh_cooccur.txt
大黄,咽肿,2,symptom_herb_tcm_mesh.txt|symptom_herb_tcm_mesh_cooccur.txt
大黄,嗳气,1,symptom_herb_tcm_mesh_cooccur.txt
大黄,四肢麻木,1,symptom_herb_tcm_mesh_cooccur.txt
大黄,壮热,1,symptom_herb_tcm_mesh_cooccur.txt
大黄,大便秘结,1,symptom_herb_tcm_mesh_cooccur.txt
大黄,头晕,1,symptom_herb_tcm_mesh_cooccur.txt
大黄,头汗,1,symptom_herb_tcm_mesh_cooccur.txt
大黄,头痛,1,symptom_herb_tcm_mesh_cooccur.txt
大黄,小便不利,1,symptom_herb_tcm_mesh_cooccur.txt
大黄,小便频数,1,symptom_herb_tcm_mesh_cooccur.txt
大黄,小便黄赤,1,symptom_herb_tcm_mesh_cooccur.txt
大黄,少气,1,symptom_herb_tcm_mesh_cooccur.txt
大黄,心下痞,1,symptom_herb_tcm_mesh_cooccur.txt
大黄,心烦,1,symptom_herb_tcm_mesh_cooccur.txt
大黄,恶寒,1,symptom_herb_tcm_mesh_cooccur.txt
大黄,恶心,1,symptom_herb_tcm_mesh_cooccur.txt
大黄,浮肿,1,symptom_herb_tcm_mesh_cooccur.txt
大黄,消瘦,1,symptom_herb_tcm_mesh_cooccur.txt
大黄,潮热,1,symptom_herb_tcm_mesh_cooccur.txt
大黄,烦躁,1,symptom_herb_tcm_mesh_cooccur.txt
大黄,牙痛,1,symptom_herb_tcm_mesh_cooccur.txt
大黄,牙龈肿痛,1,symptom_herb_tcm_mesh_cooccur.txt
大黄,瘫痪,1,symptom_herb_tcm_mesh_cooccur.txt
大黄,瘰疬,1,symptom_herb_tcm_mesh_cooccur.txt
大黄,目赤,1,symptom_herb_tcm_mesh_long.txt
大黄,积滞,2,symptom_herb_tcm_mesh.txt|symptom_herb_tcm_mesh_cooccur.txt
大黄,耳聋,1,symptom_herb_tcm_mesh_cooccur.txt
大黄,胁痛,1,symptom_herb_tcm_mesh_cooccur.txt
大黄,胃痛,1,symptom_herb_tcm_mesh_cooccur.txt
大黄,腹冷,1,symptom_herb_tcm_mesh_cooccur.txt
大黄,腹泻,1,symptom_herb_tcm_mesh_cooccur.txt
大黄,腹满,1,symptom_herb_tcm_mesh_cooccur.txt
大黄,腹痛,3,symptom_herb_tcm_mesh.txt|symptom_herb_tcm_mesh_cooccur.txt|symptom_herb_tcm_mesh_long.txt
大黄,舌干,1,symptom_herb_tcm_mesh_cooccur.txt
大黄,谵语,1,symptom_herb_tcm_mesh_cooccur.txt
大黄,里急后重,1,symptom_herb_tcm_mesh_cooccur.txt
大黄,闭经,1,symptom_herb_tcm_mesh_cooccur.txt
大黄,难产,1,symptom_herb_tcm_mesh_cooccur.txt
大黄,项强,1,symptom_herb_tcm_mesh_cooccur.txt
大黄,食欲不振,1,symptom_herb_tcm_mesh_cooccur.txt
大黄,鼻塞,1,symptom_herb_tcm_mesh_cooccur.txt
天仙子,牙痛,1,herb_symptom_db_knowledge.txt
天仙子,疼痛,1,symptom_herb_tcm_mesh_long.txt
天仙子,痫,2,herb_symptom_db_knowledge.txt|symptom_herb_tcm_mesh_cooccur.txt
天仙子,脱肛,1,herb_symptom_db_knowledge.txt
天仙藤,刺痛,1,symptom_herb_tcm_mesh_long.txt
天仙藤,水肿,1,symptom_herb_tcm_mesh_long.txt
天仙藤,胃痛,1,herb_symptom_db_knowledge.txt
天仙藤,腹痛,1,herb_symptom_db_knowledge.txt
天冬,低热,1,symptom_herb_tcm_mesh_cooccur.txt
天冬,便秘,1,symptom_herb_tcm_mesh_long.txt
天冬,口渴,4,herb_symptom_knowledge.txt|symptom_herb_tcm_mesh.txt|symptom_herb_tcm_mesh_cooccur.txt|symptom_herb_tcm_mesh_long.txt
天冬,咳嗽,1,symptom_herb_tcm_mesh_cooccur.txt
天冬,咳痰,3,herb_symptom_knowledge.txt|symptom_herb_tcm_mesh.txt|symptom_herb_tcm_mesh_cooccur.txt
天冬,咳血,1,symptom_herb_tcm_mesh_cooccur.txt
天冬,咽干,4,herb_symptom_knowledge.txt|symptom_herb_tcm_mesh.txt|symptom_herb_tcm_mesh_cooccur.txt|symptom_herb_tcm_mesh_long.txt
天冬,崩漏,1,symptom_herb_tcm_mesh_cooccur.txt
天冬,潮热,1,symptom_herb_tcm_mesh_cooccur.txt
天冬,疲乏,1,symptom_herb_tcm_mesh_cooccur.txt
天冬,白带,1,symptom_herb_tcm_mesh_cooccur.txt
天冬,盗汗,1,symptom_herb_tcm_mesh_cooccur.txt
天冬,顿咳,3,herb_symptom_knowledge.txt|symptom_herb_tcm_mesh.txt|symptom_herb_tcm_mesh_cooccur.txt
天冬,鼻干,1,symptom_herb_tcm_mesh_cooccur.txt
天南星,丹毒,1,symptom_herb_tcm_mesh_cooccur.txt
天南星,关节疼痛,1,symptom_herb_tcm_mesh_cooccur.txt
天南星,半身不遂,5,herb_symptom_db_knowledge.txt|herb_symptom_knowledge.txt|symptom_herb_tcm_mesh.txt|symptom_herb_tcm_mesh_cooccur.txt|symptom_herb_tcm_mesh_long.txt
天南星,反胃,1,symptom_herb_tcm_mesh_cooccur.txt
天南星,呕吐,1,symptom_herb_tcm_mesh_cooccur.txt
天南星,咳嗽,5,herb_symptom_db_knowledge.txt|herb_symptom_knowledge.txt|symptom_herb_tcm_mesh.txt|symptom_herb_tcm_mesh_cooccur.txt|symptom_herb_tcm_mesh_long.txt
天南星,大便秘结,1,symptom_herb_tcm_mesh_cooccur.txt
天南星,头痛,1,symptom_herb_tcm_mesh_cooccur.txt
天南星,烦躁,1,symptom_herb_tcm_mesh_cooccur.txt
天南星,痫,2,symptom_herb_tcm_mesh.txt|symptom_herb_tcm_mesh_cooccur.txt
天南星,瘫痪,1,symptom_herb_tcm_mesh_cooccur.txt
天南星,瘰疬,4,herb_symptom_db_knowledge.txt|herb_symptom_knowledge.txt|symptom_herb_tcm_mesh.txt|symptom_herb_tcm_mesh_cooccur.txt
天南星,眩晕,1,symptom_herb_tcm_mesh_long.txt
天南星,胁痛,1,symptom_herb_tcm_mesh_cooccur.txt
天竺黄,咳嗽,1,symptom_herb_tcm_mesh_cooccur.txt
天竺黄,大便秘结,1,symptom_herb_tcm_mesh_cooccur.txt
天竺黄,头痛,1,symptom_herb_tcm_mesh_cooccur.txt
天竺黄,心悸,1,symptom_herb_tcm_mesh_cooccur.txt
天竺黄,急惊,1,symptom_herb_tcm_mesh_cooccur.txt
天竺黄,抽搐,1,symptom_herb_tcm_mesh_long.txt
天竺黄,气喘,1,symptom_herb_tcm_mesh_cooccur.txt
天竺黄,烦躁,1,symptom_herb_tcm_mesh_cooccur.txt
天竺黄,痫,3,herb_symptom_knowledge.txt|symptom_herb_tcm_mesh.txt|symptom_herb_tcm_mesh_cooccur.txt
天竺黄,神昏,4,herb_symptom_knowledge.txt|symptom_herb_tcm_mesh.txt|symptom_herb_tcm_mesh_cooccur.txt|symptom_herb_tcm_mesh_long.txt
天竺黄,胸闷,1,symptom_herb_tcm_mesh_cooccur.txt
天竺黄,腹泻,1,symptom_herb_tcm_mesh_cooccur.txt
天花粉,丹毒,1,symptom_herb_tcm_mesh_cooccur.txt
天花粉,口渴,5,herb_symptom_db_knowledge.txt|herb_symptom_knowledge.txt|symptom_herb_tcm_mesh.txt|symptom_herb_tcm_mesh_cooccur.txt|symptom_herb_tcm_mesh_long.txt
天花粉,吐血,1,symptom_herb_tcm_mesh_cooccur.txt
天花粉,呕吐,1,symptom_herb_tcm_mesh_cooccur.txt
天花粉,咳嗽,1,symptom_herb_tcm_mesh_cooccur.txt
天花粉,咽干,1,symptom_herb_tcm_mesh_cooccur.txt
天花粉,壮热,1,symptom_herb_tcm_mesh_cooccur.txt
天花粉,大便秘结,1,symptom_herb_tcm_mesh_cooccur.txt
天花粉,头痛,1,symptom_herb_tcm_mesh_cooccur.txt
天花粉,恶心,1,symptom_herb_tcm_mesh_cooccur.txt
天花粉,无汗,1,symptom_herb_tcm_mesh_cooccur.txt
天花粉,流泪,1,symptom_herb_tcm_mesh_cooccur.txt
天花粉,烦渴,1,symptom_herb_tcm_mesh_long.txt
天花粉,烦躁,1,symptom_herb_tcm_mesh_cooccur.txt
天花粉,牙龈肿痛,1,symptom_herb_tcm_mesh_cooccur.txt
天花粉,痄腮,1,symptom_herb_tcm_mesh_cooccur.txt
天花粉,腹泻,1,symptom_herb_tcm_mesh_cooccur.txt
天花粉,腹痛,1,symptom_herb_tcm_mesh_cooccur.txt
天花粉,谵语,1,symptom_herb_tcm_mesh_cooccur.txt
天葵,瘰疬,3,herb_symptom_knowledge.txt|symptom_herb_tcm_mesh.txt|symptom_herb_tcm_mesh_cooccur.txt
天葵子,咽痛,1,symptom_herb_tcm_mesh_long.txt
天葵子,痫,4,herb_symptom_db_knowledge.txt|herb_symptom_knowledge.txt|symptom_herb_tcm_mesh.txt|symptom_herb_tcm_mesh_cooccur.txt
天葵子,瘰疬,4,herb_symptom_db_knowledge.txt|herb_symptom_knowledge.txt|symptom_herb_tcm_mesh.txt|symptom_herb_tcm_mesh_cooccur.txt
天葵子,目赤,1,symptom_herb_tcm_mesh_long.txt
天门冬,便秘,1,symptom_herb_tcm_mesh_long.txt
天门冬,咳嗽,5,herb_symptom_db_knowledge.txt|herb_symptom_knowledge.txt|symptom_herb_tcm_mesh.txt|symptom_herb_tcm_mesh_cooccur.txt|symptom_herb_tcm_mesh_long.txt
天门冬,咽喉肿痛,1,symptom_herb_tcm_mesh_long.txt
天麻,半身不遂,5,herb_symptom_db_knowledge.txt|herb_symptom_knowledge.txt|symptom_herb_tcm_mesh.txt|symptom_herb_tcm_mesh_cooccur.txt|symptom_herb_tcm_mesh_long.txt
天麻,呕吐,1,symptom_herb_tcm_mesh_cooccur.txt
天麻,咳嗽,1,symptom_herb_tcm_mesh_cooccur.txt
天麻,头痛,5,herb_symptom_db_knowledge.txt|herb_symptom_knowledge.txt|symptom_herb_tcm_mesh.txt|symptom_herb_tcm_mesh_cooccur.txt|symptom_herb_tcm_mesh_long.txt
天麻,头痛眩晕,1,symptom_herb_tcm_mesh_long.txt
天麻,恶心,1,symptom_herb_tcm_mesh_cooccur.txt
天麻,慢惊,4,herb_symptom_db_knowledge.txt|herb_symptom_knowledge.txt|symptom_herb_tcm_mesh.txt|symptom_herb_tcm_mesh_cooccur.txt
天麻,抽搐,1,symptom_herb_tcm_mesh_long.txt
天麻,烦躁,1,symptom_herb_tcm_mesh_cooccur.txt
天麻,痫,2,symptom_herb_tcm_mesh.txt|symptom_herb_tcm_mesh_cooccur.txt
天麻,瘫痪,1,symptom_herb_tcm_mesh_cooccur.txt
天麻,眩晕,1,symptom_herb_tcm_mesh_long.txt
天麻,神昏,1,symptom_herb_tcm_mesh_cooccur.txt
天麻,肢体麻木,1,symptom_herb_tcm_mesh_long.txt
天麻,胸闷,1,symptom_herb_tcm_mesh_cooccur.txt
天麻,脱发,1,symptom_herb_tcm_mesh_cooccur.txt
天麻,腹泻,1,symptom_herb_tcm_mesh_cooccur.txt
天麻,腹痛,1,symptom_herb_tcm_mesh_cooccur.txt
天麻,谵语,1,symptom_herb_tcm_mesh_cooccur.txt
天麻,麻木,1,symptom_herb_tcm_mesh_long.txt
天麻,鼻塞,1,symptom_herb_tcm_mesh_cooccur.txt
太子参,健忘,1,herb_symptom_db_knowledge.txt
太子参,口渴,5,herb_symptom_db_knowledge.txt|herb_symptom_knowledge.txt|symptom_herb_tcm_mesh.txt|symptom_herb_tcm_mesh_cooccur.txt|symptom_herb_tcm_mesh_long.txt
太子参,咳痰,1,herb_symptom_db_knowledge.txt
太子参,夏季热,1,herb_symptom_db_knowledge.txt
太子参,头昏,1,herb_symptom_db_knowledge.txt
太子参,心悸,1,herb_symptom_db_knowledge.txt
太子参,自汗,5,herb_symptom_db_knowledge.txt|herb_symptom_knowledge.txt|symptom_herb_tcm_mesh.txt|symptom_herb_tcm_mesh_cooccur.txt|symptom_herb_tcm_mesh_long.txt
太子参,食欲不振,5,herb_symptom_db_knowledge.txt|herb_symptom_knowledge.txt|symptom_herb_tcm_mesh.txt|symptom_herb_tcm_mesh_cooccur.txt|symptom_herb_tcm_mesh_long.txt
女贞,健忘,1,symptom_herb_tcm_mesh_cooccur.txt
女贞,咽干,1,symptom_herb_tcm_mesh_cooccur.txt
女贞,头昏,1,symptom_herb_tcm_mesh_cooccur.txt
女贞,头晕,1,symptom_herb_tcm_mesh_cooccur.txt
女贞,心悸,1,symptom_herb_tcm_mesh_cooccur.txt
女贞,胁痛,4,herb_symptom_knowledge.txt|symptom_herb_tcm_mesh.txt|symptom_herb_tcm_mesh_cooccur.txt|symptom_herb_tcm_mesh_long.txt
女贞,腰痛,4,herb_symptom_knowledge.txt|symptom_herb_tcm_mesh.txt|symptom_herb_tcm_mesh_cooccur.txt|symptom_herb_tcm_mesh_long.txt
女贞,闭经,4,herb_symptom_knowledge.txt|symptom_herb_tcm_mesh.txt|symptom_herb_tcm_mesh_cooccur.txt|symptom_herb_tcm_mesh_long.txt
女贞,须发早白,1,symptom_herb_tcm_mesh_cooccur.txt
女贞子,健忘,1,symptom_herb_tcm_mesh_cooccur.txt
女贞子,咽干,1,symptom_herb_tcm_mesh_cooccur.txt
女贞子,头昏,5,herb_symptom_db_knowledge.txt|herb_symptom_knowledge.txt|symptom_herb_tcm_mesh.txt|symptom_herb_tcm_mesh_cooccur.txt|symptom_herb_tcm_mesh_long.txt
女贞子,头昏目眩,1,symptom_herb_tcm_mesh_long.txt
女贞子,头晕,1,symptom_herb_tcm_mesh_cooccur.txt
女贞子,心悸,1,symptom_herb_tcm_mesh_cooccur.txt
女贞子,潮热,5,herb_symptom_db_knowledge.txt|herb_symptom_knowledge.txt|symptom_herb_tcm_mesh.txt|symptom_herb_tcm_mesh_cooccur.txt|symptom_herb_tcm_mesh_long.txt
女贞子,目眩,1,symptom_herb_tcm_mesh_long.txt
女贞子,眩晕,1,symptom_herb_tcm_mesh_long.txt
女贞子,眩晕耳鸣,1,symptom_herb_tcm_mesh_long.txt
女贞子,耳鸣,1,symptom_herb_tcm_mesh_long.txt
女贞子,腰膝酸软,1,symptom_herb_tcm_mesh_long.txt
女贞子,遗精,1,symptom_herb_tcm_mesh_long.txt
女贞子,须发早白,4,herb_symptom_db_knowledge.txt|herb_symptom_knowledge.txt|symptom_herb_tcm_mesh.txt|symptom_herb_tcm_mesh_cooccur.txt
委陵菜,出血,1,symptom_herb_tcm_mesh_long.txt
委陵菜,腹痛,5,herb_symptom_db_knowledge.txt|herb_symptom_knowledge.txt|symptom_herb_tcm_mesh.txt|symptom_herb_tcm_mesh_cooccur.txt|symptom_herb_tcm_mesh_long.txt
姜黄,丹毒,1,symptom_herb_tcm_mesh_cooccur.txt
姜黄,刺痛,1,symptom_herb_tcm_mesh_long.txt
姜黄,发狂,1,symptom_herb_tcm_mesh_cooccur.txt
姜黄,呕吐,1,symptom_herb_tcm_mesh_cooccur.txt
姜黄,头痛,1,symptom_herb_tcm_mesh_cooccur.txt
姜黄,恶心,1,symptom_herb_tcm_mesh_cooccur.txt
姜黄,疼痛,1,symptom_herb_tcm_mesh_long.txt
姜黄,痫,1,symptom_herb_tcm_mesh_cooccur.txt
姜黄,神昏,1,symptom_herb_tcm_mesh_cooccur.txt
姜黄,胁痛,5,herb_symptom_db_knowledge.txt|herb_symptom_knowledge.txt|symptom_herb_tcm_mesh.txt|symptom_herb_tcm_mesh_cooccur.txt|symptom_herb_tcm_mesh_long.txt
姜黄,胸胁刺痛,1,symptom_herb_tcm_mesh_long.txt
姜黄,腹痛,5,herb_symptom_db_knowledge.txt|herb_symptom_knowledge.txt|symptom_herb_tcm_mesh.txt|symptom_herb_tcm_mesh_cooccur.txt|symptom_herb_tcm_mesh_long.txt
姜黄,臂痛,1,symptom_herb_tcm_mesh_cooccur.txt
姜黄,闭经,5,herb_symptom_db_knowledge.txt|herb_symptom_knowledge.txt|symptom_herb_tcm_mesh.txt|symptom_herb_tcm_mesh_cooccur.txt|symptom_herb_tcm_mesh_long.txt
姜黄,鼻塞,1,symptom_herb_tcm_mesh_cooccur.txt
威灵仙,关节疼痛,1,symptom_herb_tcm_mesh_cooccur.txt
威灵仙,半身不遂,1,symptom_herb_tcm_mesh_cooccur.txt
威灵仙,四肢麻木,1,symptom_herb_tcm_mesh_cooccur.txt
威灵仙,屈伸不利,1,symptom_herb_tcm_mesh_long.txt
威灵仙,恶风,1,symptom_herb_tcm_mesh_cooccur.txt
威灵仙,疳积,1,symptom_herb_tcm_mesh_cooccur.txt
威灵仙,瘫痪,1,symptom_herb_tcm_mesh_cooccur.txt
威灵仙,筋脉拘挛,1,symptom_herb_tcm_mesh_long.txt
威灵仙,肢体麻木,1,symptom_herb_tcm_mesh_long.txt
威灵仙,腹冷,1,symptom_herb_tcm_mesh_cooccur.txt
威灵仙,腹痛,1,symptom_herb_tcm_mesh_cooccur.txt
威灵仙,麻木,1,symptom_herb_tcm_mesh_long.txt
安息香,昏迷,1,symptom_herb_tcm_mesh_long.txt
安息香,烦躁,1,symptom_herb_tcm_mesh_cooccur.txt
安息香,疼痛,1,symptom_herb_tcm_mesh_long.txt
安息香,痫,1,herb_symptom_db_knowledge.txt
安息香,瘫痪,1,symptom_herb_tcm_mesh_cooccur.txt
安息香,神昏,1,symptom_herb_tcm_mesh_cooccur.txt
安息香,谵语,1,symptom_herb_tcm_mesh_cooccur.txt
密蒙花,咳血,1,symptom_herb_tcm_mesh_cooccur.txt
密蒙花,多泪,1,symptom_herb_tcm_mesh_long.txt
密蒙花,流泪,1,symptom_herb_tcm_mesh_cooccur.txt
密蒙花,目赤,1,symptom_herb_tcm_mesh_long.txt
密蒙花,胬肉攀睛,1,symptom_herb_tcm_mesh_cooccur.txt
密蒙花,视物昏花,1,symptom_herb_tcm_mesh_long.txt
寒水石,丹毒,4,herb_symptom_db_knowledge.txt|herb_symptom_knowledge.txt|symptom_herb_tcm_mesh.txt|symptom_herb_tcm_mesh_cooccur.txt
寒水石,口舌生疮,1,symptom_herb_tcm_mesh_long.txt
寒水石,咽喉肿痛,1,symptom_herb_tcm_mesh_long.txt
寒水石,壮热,5,herb_symptom_db_knowledge.txt|herb_symptom_knowledge.txt|symptom_herb_tcm_mesh.txt|symptom_herb_tcm_mesh_cooccur.txt|symptom_herb_tcm_mesh_long.txt
寒水石,壮热烦渴,1,symptom_herb_tcm_mesh_long.txt
寒水石,声音嘶哑,1,symptom_herb_tcm_mesh_cooccur.txt
寒水石,头痛,1,symptom_herb_tcm_mesh_cooccur.txt
寒水石,小便不利,1,symptom_herb_tcm_mesh_cooccur.txt
寒水石,水肿,1,symptom_herb_tcm_mesh_long.txt
寒水石,烦渴,1,symptom_herb_tcm_mesh_long.txt
寒水石,积滞,1,symptom_herb_tcm_mesh_cooccur.txt
寒水石,胃痛,1,symptom_herb_tcm_mesh_cooccur.txt
寒水石,腹痛,1,symptom_herb_tcm_mesh_cooccur.txt
寒水石,舌干,1,symptom_herb_tcm_mesh_cooccur.txt
寒水石,难产,1,symptom_herb_tcm_mesh_cooccur.txt
寻骨风,出血,1,symptom_herb_tcm_mesh_long.txt
寻骨风,疼痛,1,symptom_herb_tcm_mesh_long.txt
寻骨风,肢体麻木,1,symptom_herb_tcm_mesh_long.txt
寻骨风,麻木,1,symptom_herb_tcm_mesh_long.txt
射干,咳嗽,3,symptom_herb_tcm_mesh.txt|symptom_herb_tcm_mesh_cooccur.txt|symptom_herb_tcm_mesh_long.txt
射干,咳嗽气喘,1,symptom_herb_tcm_mesh_long.txt
射干,咽喉肿痛,1,symptom_herb_tcm_mesh_long.txt
射干,气喘,3,symptom_herb_tcm_mesh.txt|symptom_herb_tcm_mesh_cooccur.txt|symptom_herb_tcm_mesh_long.txt
射干,痰涎壅盛,1,symptom_herb_tcm_mesh_long.txt
射干,瘰疬,4,herb_symptom_db_knowledge.txt|herb_symptom_knowledge.txt|symptom_herb_tcm_mesh.txt|symptom_herb_tcm_mesh_cooccur.txt
小叶莲,腹痛,1,symptom_herb_tcm_mesh_cooccur.txt
小叶莲,难产,3,herb_symptom_knowledge.txt|symptom_herb_tcm_mesh.txt|symptom_herb_tcm_mesh_cooccur.txt
小茴香,产后腹痛,1,symptom_herb_tcm_mesh_cooccur.txt
小茴香,健忘,1,symptom_herb_tcm_mesh_cooccur.txt
小茴香,四肢麻木,1,symptom_herb_tcm_mesh_cooccur.txt
小茴香,少腹冷痛,1,symptom_herb_tcm_mesh_long.txt
小茴香,崩漏,1,symptom_herb_tcm_mesh_cooccur.txt
小茴香,气喘,1,symptom_herb_tcm_mesh_cooccur.txt
小茴香,疲乏,1,symptom_herb_tcm_mesh_cooccur.txt
小茴香,胁痛,5,herb_symptom_db_knowledge.txt|herb_symptom_knowledge.txt|symptom_herb_tcm_mesh.txt|symptom_herb_tcm_mesh_cooccur.txt|symptom_herb_tcm_mesh_long.txt
小茴香,脘腹冷痛,1,symptom_herb_tcm_mesh_long.txt
小茴香,脘腹胀痛,1,symptom_herb_tcm_mesh_long.txt
小茴香,腰痛,5,herb_symptom_db_knowledge.txt|herb_symptom_knowledge.txt|symptom_herb_tcm_mesh.txt|symptom_herb_tcm_mesh_cooccur.txt|symptom_herb_tcm_mesh_long.txt
小茴香,腹冷,5,herb_symptom_db_knowledge.txt|herb_symptom_knowledge.txt|symptom_herb_tcm_mesh.txt|symptom_herb_tcm_mesh_cooccur.txt|symptom_herb_tcm_mesh_long.txt
小茴香,腹痛,5,herb_symptom_db_knowledge.txt|herb_symptom_knowledge.txt|symptom_herb_tcm_mesh.txt|symptom_herb_tcm_mesh_cooccur.txt|symptom_herb_tcm_mesh_long.txt
小茴香,腹胀,1,symptom_herb_tcm_mesh_long.txt
小茴香,食少,1,symptom_herb_tcm_mesh_long.txt
小蓟,便血,5,herb_symptom_db_knowledge.txt|herb_symptom_knowledge.txt|symptom_herb_tcm_mesh.txt|symptom_herb_tcm_mesh_cooccur.txt|symptom_herb_tcm_mesh_long.txt
小蓟,出血,1,symptom_herb_tcm_mesh_long.txt
小蓟,吐血,4,herb_symptom_db_knowledge.txt|herb_symptom_knowledge.txt|symptom_herb_tcm_mesh.txt|symptom_herb_tcm_mesh_cooccur.txt
小蓟,吐血、衄血,1,symptom_herb_tcm_mesh_long.txt
小蓟,咳血,1,herb_symptom_db_knowledge.txt
小蓟,小便频数,1,symptom_herb_tcm_mesh_cooccur.txt
小蓟,尿血,5,herb_symptom_db_knowledge.txt|herb_symptom_knowledge.txt|symptom_herb_tcm_mesh.txt|symptom_herb_tcm_mesh_cooccur.txt|symptom_herb_tcm_mesh_long.txt
小蓟,崩中,1,herb_symptom_db_knowledge.txt
小蓟,崩漏,4,herb_symptom_knowledge.txt|symptom_herb_tcm_mesh.txt|symptom_herb_tcm_mesh_cooccur.txt|symptom_herb_tcm_mesh_long.txt
小蓟,漏下,4,herb_symptom_db_knowledge.txt|herb_symptom_knowledge.txt|symptom_herb_tcm_mesh.txt|symptom_herb_tcm_mesh_cooccur.txt
小蓟,衄血,1,symptom_herb_tcm_mesh_long.txt
小蓟,鼻衄,1,symptom_herb_tcm_mesh_cooccur.txt
小麦,出血,1,symptom_herb_tcm_mesh_long.txt
小麦,咳嗽,1,symptom_herb_tcm_mesh_cooccur.txt
小麦,头昏,1,symptom_herb_tcm_mesh_cooccur.txt
小麦,心悸,1,symptom_herb_tcm_mesh_cooccur.txt
小麦,潮热,1,symptom_herb_tcm_mesh_cooccur.txt
小麦,烦热,1,symptom_herb_tcm_mesh_long.txt
小麦,烦躁,1,symptom_herb_tcm_mesh_cooccur.txt
小麦,短气,1,symptom_herb_tcm_mesh_cooccur.txt
小麦,脏躁,4,herb_symptom_db_knowledge.txt|herb_symptom_knowledge.txt|symptom_herb_tcm_mesh.txt|symptom_herb_tcm_mesh_cooccur.txt
小麦,腹痛,1,symptom_herb_tcm_mesh_cooccur.txt
小麦,自汗,1,symptom_herb_tcm_mesh_cooccur.txt
山慈菇,咽痛,1,symptom_herb_tcm_mesh_long.txt
山慈菇,瘰疬,4,herb_symptom_db_knowledge.txt|herb_symptom_knowledge.txt|symptom_herb_tcm_mesh.txt|symptom_herb_tcm_mesh_cooccur.txt
山柰,咳嗽,1,symptom_herb_tcm_mesh_cooccur.txt
山柰,头痛,1,symptom_herb_tcm_mesh_cooccur.txt
山柰,牙痛,1,herb_symptom_db_knowledge.txt
山柰,积滞,1,symptom_herb_tcm_mesh_cooccur.txt
山柰,胃痛,1,symptom_herb_tcm_mesh_cooccur.txt
山柰,胸膈胀满,1,symptom_herb_tcm_mesh_long.txt
山柰,脘腹冷痛,1,symptom_herb_tcm_mesh_long.txt
山柰,腹冷,5,herb_symptom_db_knowledge.txt|herb_symptom_knowledge.txt|symptom_herb_tcm_mesh.txt|symptom_herb_tcm_mesh_cooccur.txt|symptom_herb_tcm_mesh_long.txt
山楂,产后腹痛,4,herb_symptom_db_knowledge.txt|herb_symptom_knowledge.txt|symptom_herb_tcm_mesh.txt|symptom_herb_tcm_mesh_cooccur.txt
山楂,健忘,1,symptom_herb_tcm_mesh_cooccur.txt
山楂,刺痛,1,symptom_herb_tcm_mesh_long.txt
山楂,吞酸,1,symptom_herb_tcm_mesh_cooccur.txt
山楂,呕吐,1,symptom_herb_tcm_mesh_cooccur.txt
山楂,咳嗽,1,symptom_herb_tcm_mesh_cooccur.txt
山楂,嗳气,1,symptom_herb_tcm_mesh_cooccur.txt
山楂,头昏,1,symptom_herb_tcm_mesh_cooccur.txt
山楂,头痛,1,symptom_herb_tcm_mesh_cooccur.txt
山楂,小便不利,1,symptom_herb_tcm_mesh_cooccur.txt
山楂,心悸,1,symptom_herb_tcm_mesh_cooccur.txt
山楂,恶寒,1,symptom_herb_tcm_mesh_cooccur.txt
山楂,恶寒发热,1,symptom_herb_tcm_mesh_cooccur.txt
山楂,恶心,1,symptom_herb_tcm_mesh_cooccur.txt
山楂,憋气,1,symptom_herb_tcm_mesh_cooccur.txt
山楂,烦躁,1,symptom_herb_tcm_mesh_cooccur.txt
山楂,疼痛,1,symptom_herb_tcm_mesh_long.txt
山楂,积滞,4,herb_symptom_db_knowledge.txt|herb_symptom_knowledge.txt|symptom_herb_tcm_mesh.txt|symptom_herb_tcm_mesh_cooccur.txt
山楂,胁痛,1,symptom_herb_tcm_mesh_cooccur.txt
山楂,胃脘胀满,1,symptom_herb_tcm_mesh_long.txt
山楂,胸闷,1,symptom_herb_tcm_mesh_cooccur.txt
山楂,脘腹胀痛,1,symptom_herb_tcm_mesh_long.txt
山楂,腹冷,1,symptom_herb_tcm_mesh_cooccur.txt
山楂,腹泻,1,symptom_herb_tcm_mesh_cooccur.txt
山楂,腹满,1,symptom_herb_tcm_mesh_cooccur.txt
山楂,腹痛,5,herb_symptom_db_knowledge.txt|herb_symptom_knowledge.txt|symptom_herb_tcm_mesh.txt|symptom_herb_tcm_mesh_cooccur.txt|symptom_herb_tcm_mesh_long.txt
山楂,腹胀,1,symptom_herb_tcm_mesh_long.txt
山楂,闭经,5,herb_symptom_db_knowledge.txt|herb_symptom_knowledge.txt|symptom_herb_tcm_mesh.txt|symptom_herb_tcm_mesh_cooccur.txt|symptom_herb_tcm_mesh_long.txt
山楂,食欲不振,1,symptom_herb_tcm_mesh_cooccur.txt
山楂,鼻塞,1,symptom_herb_tcm_mesh_cooccur.txt
山楂叶,健忘,4,herb_symptom_knowledge.txt|symptom_herb_tcm_mesh.txt|symptom_herb_tcm_mesh_cooccur.txt|symptom_herb_tcm_mesh_long.txt
山楂叶,心悸,4,herb_symptom_knowledge.txt|symptom_herb_tcm_mesh.txt|symptom_herb_tcm_mesh_cooccur.txt|symptom_herb_tcm_mesh_long.txt
山楂叶,心悸健忘,1,symptom_herb_tcm_mesh_long.txt
山楂叶,憋气,3,herb_symptom_knowledge.txt|symptom_herb_tcm_mesh.txt|symptom_herb_tcm_mesh_cooccur.txt
山楂叶,眩晕,1,symptom_herb_tcm_mesh_long.txt
山楂叶,眩晕耳鸣,1,symptom_herb_tcm_mesh_long.txt
山楂叶,耳鸣,1,symptom_herb_tcm_mesh_long.txt
山楂叶,胸闷,4,herb_symptom_knowledge.txt|symptom_herb_tcm_mesh.txt|symptom_herb_tcm_mesh_cooccur.txt|symptom_herb_tcm_mesh_long.txt
山楂叶,胸闷憋气,1,symptom_herb_tcm_mesh_long.txt
山羊角,产后腹痛,4,herb_symptom_db_knowledge.txt|herb_symptom_knowledge.txt|symptom_herb_tcm_mesh.txt|symptom_herb_tcm_mesh_cooccur.txt
山羊角,发热,1,symptom_herb_tcm_mesh_long.txt
山羊角,头痛,5,herb_symptom_db_knowledge.txt|herb_symptom_knowledge.txt|symptom_herb_tcm_mesh.txt|symptom_herb_tcm_mesh_cooccur.txt|symptom_herb_tcm_mesh_long.txt
山羊角,小儿发热,4,herb_symptom_db_knowledge.txt|herb_symptom_knowledge.txt|symptom_herb_tcm_mesh.txt|symptom_herb_tcm_mesh_cooccur.txt
山羊角,痫,4,herb_symptom_db_knowledge.txt|herb_symptom_knowledge.txt|symptom_herb_tcm_mesh.txt|symptom_herb_tcm_mesh_cooccur.txt
山羊角,腹痛,5,herb_symptom_db_knowledge.txt|herb_symptom_knowledge.txt|symptom_herb_tcm_mesh.txt|symptom_herb_tcm_mesh_cooccur.txt|symptom_herb_tcm_mesh_long.txt
山芝麻,发热,1,symptom_herb_tcm_mesh_long.txt
山芝麻,咳嗽,1,herb_symptom_db_knowledge.txt
山芝麻,头痛,4,herb_symptom_knowledge.txt|symptom_herb_tcm_mesh.txt|symptom_herb_tcm_mesh_cooccur.txt|symptom_herb_tcm_mesh_long.txt
山芝麻,痄腮,1,herb_symptom_db_knowledge.txt
山芝麻,麻疹,1,herb_symptom_db_knowledge.txt
山茱萸,健忘,1,symptom_herb_tcm_mesh_cooccur.txt
山茱萸,咳血,1,symptom_herb_tcm_mesh_cooccur.txt
山茱萸,咽干,1,symptom_herb_tcm_mesh_cooccur.txt
山茱萸,头晕,5,herb_symptom_db_knowledge.txt|herb_symptom_knowledge.txt|symptom_herb_tcm_mesh.txt|symptom_herb_tcm_mesh_cooccur.txt|symptom_herb_tcm_mesh_long.txt
山茱萸,头晕目眩,1,symptom_herb_tcm_mesh_long.txt
山茱萸,小便,1,symptom_herb_tcm_mesh_long.txt
山茱萸,小便不利,1,symptom_herb_tcm_mesh_cooccur.txt
山茱萸,小便频数,5,herb_symptom_db_knowledge.txt|herb_symptom_knowledge.txt|symptom_herb_tcm_mesh.txt|symptom_herb_tcm_mesh_cooccur.txt|symptom_herb_tcm_mesh_long.txt
山茱萸,尿频,1,symptom_herb_tcm_mesh_long.txt
山茱萸,崩漏,5,herb_symptom_db_knowledge.txt|herb_symptom_knowledge.txt|symptom_herb_tcm_mesh.txt|symptom_herb_tcm_mesh_cooccur.txt|symptom_herb_tcm_mesh_long.txt
山茱萸,浮肿,1,symptom_herb_tcm_mesh_cooccur.txt
山茱萸,潮热,1,symptom_herb_tcm_mesh_cooccur.txt
山茱萸,畏寒,1,symptom_herb_tcm_mesh_cooccur.txt
山茱萸,疲乏,1,symptom_herb_tcm_mesh_cooccur.txt
山茱萸,白带,1,symptom_herb_tcm_mesh_cooccur.txt
山茱萸,盗汗,1,symptom_herb_tcm_mesh_cooccur.txt
山茱萸,目眩,1,symptom_herb_tcm_mesh_long.txt
山茱萸,眩晕,1,symptom_herb_tcm_mesh_long.txt
山茱萸,眩晕耳鸣,1,symptom_herb_tcm_mesh_long.txt
山茱萸,耳聋,5,herb_symptom_db_knowledge.txt|herb_symptom_knowledge.txt|symptom_herb_tcm_mesh.txt|symptom_herb_tcm_mesh_cooccur.txt|symptom_herb_tcm_mesh_long.txt
山茱萸,耳聋耳鸣,1,symptom_herb_tcm_mesh_long.txt
山茱萸,耳鸣,1,symptom_herb_tcm_mesh_long.txt
山茱萸,腰痛,1,symptom_herb_tcm_mesh_cooccur.txt
山茱萸,腰膝酸软,1,symptom_herb_tcm_mesh_long.txt
山茱萸,舌强,1,symptom_herb_tcm_mesh_cooccur.txt
山茱萸,遗尿,2,symptom_herb_tcm_mesh.txt|symptom_herb_tcm_mesh_cooccur.txt
山茱萸,遗精,1,symptom_herb_tcm_mesh_long.txt
山茱萸,阳痿,1,symptom_herb_tcm_mesh_long.txt
山茱萸,阳痿遗精,1,symptom_herb_tcm_mesh_long.txt
山茶花,便血,5,herb_symptom_db_knowledge.txt|herb_symptom_knowledge.txt|symptom_herb_tcm_mesh.txt|symptom_herb_tcm_mesh_cooccur.txt|symptom_herb_tcm_mesh_long.txt
山茶花,吐血,4,herb_symptom_db_knowledge.txt|herb_symptom_knowledge.txt|symptom_herb_tcm_mesh.txt|symptom_herb_tcm_mesh_cooccur.txt
山茶花,咳血,4,herb_symptom_db_knowledge.txt|herb_symptom_knowledge.txt|symptom_herb_tcm_mesh.txt|symptom_herb_tcm_mesh_cooccur.txt
山茶花,衄血,1,symptom_herb_tcm_mesh_long.txt
山药,久泻不止,1,symptom_herb_tcm_mesh_long.txt
山药,便溏,1,symptom_herb_tcm_mesh_long.txt
山药,健忘,1,symptom_herb_tcm_mesh_cooccur.txt
山药,咳血,1,symptom_herb_tcm_mesh_cooccur.txt
山药,咽干,1,symptom_herb_tcm_mesh_cooccur.txt
山药,头晕,1,symptom_herb_tcm_mesh_cooccur.txt
山药,小便不利,1,symptom_herb_tcm_mesh_cooccur.txt
山药,小便频数,1,symptom_herb_tcm_mesh_cooccur.txt
山药,尿频,1,symptom_herb_tcm_mesh_long.txt
山药,崩漏,1,symptom_herb_tcm_mesh_cooccur.txt
山药,心悸,1,symptom_herb_tcm_mesh_cooccur.txt
山药,急惊,1,symptom_herb_tcm_mesh_cooccur.txt
山药,浮肿,5,herb_symptom_db_knowledge.txt|herb_symptom_knowledge.txt|symptom_herb_tcm_mesh.txt|symptom_herb_tcm_mesh_cooccur.txt|symptom_herb_tcm_mesh_long.txt
山药,潮热,1,symptom_herb_tcm_mesh_cooccur.txt
山药,烦躁,1,symptom_herb_tcm_mesh_cooccur.txt
山药,痫,1,symptom_herb_tcm_mesh_cooccur.txt
山药,瘰疬,4,herb_symptom_db_knowledge.txt|herb_symptom_knowledge.txt|symptom_herb_tcm_mesh.txt|symptom_herb_tcm_mesh_cooccur.txt
山药,白带,2,symptom_herb_tcm_mesh.txt|symptom_herb_tcm_mesh_cooccur.txt
山药,盗汗,1,symptom_herb_tcm_mesh_cooccur.txt
山药,耳聋,1,symptom_herb_tcm_mesh_cooccur.txt
山药,腰痛,1,symptom_herb_tcm_mesh_cooccur.txt
山药,腹泻,1,symptom_herb_tcm_mesh_cooccur.txt
山药,腹满,1,symptom_herb_tcm_mesh_cooccur.txt
山药,赤白带,1,symptom_herb_tcm_mesh_cooccur.txt
山药,遗尿,1,symptom_herb_tcm_mesh_cooccur.txt
山药,遗精,1,symptom_herb_tcm_mesh_long.txt
山药,闭经,1,symptom_herb_tcm_mesh_cooccur.txt
山药,食少,1,symptom_herb_tcm_mesh_long.txt
山豆根,咽喉肿痛,1,symptom_herb_tcm_mesh_long.txt
山豆根,头痛,1,symptom_herb_tcm_mesh_cooccur.txt
川乌,偏头痛,1,symptom_herb_tcm_mesh_cooccur.txt
川乌,关节疼痛,4,herb_symptom_knowledge.txt|symptom_herb_tcm_mesh.txt|symptom_herb_tcm_mesh_cooccur.txt|symptom_herb_tcm_mesh_long.txt
川乌,四肢麻木,1,symptom_herb_tcm_mesh_cooccur.txt
川乌,头痛,1,symptom_herb_tcm_mesh_cooccur.txt
川乌,恶风,1,symptom_herb_tcm_mesh_cooccur.txt
川乌,疼痛,1,symptom_herb_tcm_mesh_long.txt
川乌,瘰疬,1,symptom_herb_tcm_mesh_cooccur.txt
川乌,腹冷,4,herb_symptom_knowledge.txt|symptom_herb_tcm_mesh.txt|symptom_herb_tcm_mesh_cooccur.txt|symptom_herb_tcm_mesh_long.txt
川乌,腹痛,1,symptom_herb_tcm_mesh_cooccur.txt
川木通,小便,1,symptom_herb_tcm_mesh_long.txt
川木通,小便不通,4,herb_symptom_knowledge.txt|symptom_herb_tcm_mesh.txt|symptom_herb_tcm_mesh_cooccur.txt|symptom_herb_tcm_mesh_long.txt
川木通,水肿,1,symptom_herb_tcm_mesh_long.txt
川木通,闭经,1,herb_symptom_db_knowledge.txt
川木香,呕吐,1,herb_symptom_db_knowledge.txt
川木香,疼痛,1,symptom_herb_tcm_mesh_long.txt
川木香,肠鸣,4,herb_symptom_db_knowledge.txt|herb_symptom_knowledge.txt|symptom_herb_tcm_mesh.txt|symptom_herb_tcm_mesh_cooccur.txt
川木香,肠鸣腹泻,1,symptom_herb_tcm_mesh_long.txt
川木香,脘腹胀痛,1,symptom_herb_tcm_mesh_long.txt
川木香,腹泻,3,herb_symptom_knowledge.txt|symptom_herb_tcm_mesh.txt|symptom_herb_tcm_mesh_cooccur.txt
川木香,腹胀,1,symptom_herb_tcm_mesh_long.txt
川木香,里急后重,5,herb_symptom_db_knowledge.txt|herb_symptom_knowledge.txt|symptom_herb_tcm_mesh.txt|symptom_herb_tcm_mesh_cooccur.txt|symptom_herb_tcm_mesh_long.txt
川楝子,乳房胀痛,1,symptom_herb_tcm_mesh_cooccur.txt
川楝子,气喘,1,symptom_herb_tcm_mesh_cooccur.txt
川楝子,疼痛,1,symptom_herb_tcm_mesh_long.txt
川楝子,胁痛,1,symptom_herb_tcm_mesh_cooccur.txt
川楝子,胁肋疼痛,1,symptom_herb_tcm_mesh_long.txt
川楝子,脘腹胀痛,1,symptom_herb_tcm_mesh_long.txt
川楝子,腹痛,5,herb_symptom_db_knowledge.txt|herb_symptom_knowledge.txt|symptom_herb_tcm_mesh.txt|symptom_herb_tcm_mesh_cooccur.txt|symptom_herb_tcm_mesh_long.txt
川楝子,腹胀,1,symptom_herb_tcm_mesh_long.txt
川芎,产后眩晕,1,symptom_herb_tcm_mesh_cooccur.txt
川芎,产后腹痛,1,symptom_herb_tcm_mesh_cooccur.txt
川芎,偏头痛,1,symptom_herb_tcm_mesh_cooccur.txt
川芎,健忘,1,symptom_herb_tcm_mesh_cooccur.txt
川芎,关节疼痛,1,symptom_herb_tcm_mesh_cooccur.txt
川芎,刺痛,1,symptom_herb_tcm_mesh_long.txt
川芎,半身不遂,1,symptom_herb_tcm_mesh_cooccur.txt
川芎,口渴,1,symptom_herb_tcm_mesh_cooccur.txt
川芎,口苦,1,symptom_herb_tcm_mesh_cooccur.txt
川芎,吞酸,1,symptom_herb_tcm_mesh_cooccur.txt
川芎,呕吐,1,symptom_herb_tcm_mesh_cooccur.txt
川芎,咽干,1,symptom_herb_tcm_mesh_cooccur.txt
川芎,嗳气,1,symptom_herb_tcm_mesh_cooccur.txt
川芎,四肢麻木,1,symptom_herb_tcm_mesh_cooccur.txt
川芎,壮热,1,symptom_herb_tcm_mesh_cooccur.txt
川芎,头晕,1,symptom_herb_tcm_mesh_cooccur.txt
川芎,头痛,5,herb_symptom_db_knowledge.txt|herb_symptom_knowledge.txt|symptom_herb_tcm_mesh.txt|symptom_herb_tcm_mesh_cooccur.txt|symptom_herb_tcm_mesh_long.txt
川芎,头痛眩晕,1,symptom_herb_tcm_mesh_long.txt
川芎,头重,1,symptom_herb_tcm_mesh_cooccur.txt
川芎,小便不利,1,symptom_herb_tcm_mesh_cooccur.txt
川芎,小儿痞块,1,symptom_herb_tcm_mesh_cooccur.txt
川芎,崩中,1,symptom_herb_tcm_mesh_cooccur.txt
川芎,崩漏,1,symptom_herb_tcm_mesh_cooccur.txt
川芎,心悸,1,symptom_herb_tcm_mesh_cooccur.txt
川芎,心烦,1,symptom_herb_tcm_mesh_cooccur.txt
川芎,恶寒,1,symptom_herb_tcm_mesh_cooccur.txt
川芎,恶寒发热,1,symptom_herb_tcm_mesh_cooccur.txt
川芎,恶心,1,symptom_herb_tcm_mesh_cooccur.txt
川芎,慢惊,1,symptom_herb_tcm_mesh_cooccur.txt
川芎,憋气,1,symptom_herb_tcm_mesh_cooccur.txt
川芎,无汗,1,symptom_herb_tcm_mesh_cooccur.txt
川芎,月经不调,1,symptom_herb_tcm_mesh_long.txt
川芎,月经过多,1,symptom_herb_tcm_mesh_cooccur.txt
川芎,流泪,1,symptom_herb_tcm_mesh_cooccur.txt
川芎,浮肿,1,symptom_herb_tcm_mesh_cooccur.txt
川芎,漏下,1,symptom_herb_tcm_mesh_cooccur.txt
川芎,潮热,1,symptom_herb_tcm_mesh_cooccur.txt
川芎,烦躁,1,symptom_herb_tcm_mesh_cooccur.txt
川芎,牙痛,1,symptom_herb_tcm_mesh_cooccur.txt
川芎,牙龈肿痛,1,symptom_herb_tcm_mesh_cooccur.txt
川芎,疲乏,1,symptom_herb_tcm_mesh_cooccur.txt
川芎,疼痛,1,symptom_herb_tcm_mesh_long.txt
川芎,痄腮,1,symptom_herb_tcm_mesh_cooccur.txt
川芎,瘰疬,1,symptom_herb_tcm_mesh_cooccur.txt
川芎,白带,1,symptom_herb_tcm_mesh_cooccur.txt
川芎,盗汗,1,symptom_herb_tcm_mesh_cooccur.txt
川芎,眩晕,1,symptom_herb_tcm_mesh_long.txt
川芎,耳聋,1,symptom_herb_tcm_mesh_cooccur.txt
川芎,胎位不正,1,symptom_herb_tcm_mesh_cooccur.txt
川芎,胎动不安,1,symptom_herb_tcm_mesh_cooccur.txt
川芎,胎水肿满,1,symptom_herb_tcm_mesh_cooccur.txt
川芎,胸痛,1,symptom_herb_tcm_mesh_cooccur.txt
川芎,胸胁刺痛,1,symptom_herb_tcm_mesh_long.txt
川芎,胸胁疼痛,1,symptom_herb_tcm_mesh_long.txt
川芎,胸闷,1,symptom_herb_tcm_mesh_cooccur.txt
川芎,脱发,1,symptom_herb_tcm_mesh_cooccur.txt
川芎,腰重,1,symptom_herb_tcm_mesh_cooccur.txt
川芎,腹冷,1,symptom_herb_tcm_mesh_cooccur.txt
川芎,腹泻,1,symptom_herb_tcm_mesh_cooccur.txt
川芎,腹痛,3,symptom_herb_tcm_mesh.txt|symptom_herb_tcm_mesh_cooccur.txt|symptom_herb_tcm_mesh_long.txt
川芎,腿肿痛,1,symptom_herb_tcm_mesh_cooccur.txt
川芎,舌苔白,1,symptom_herb_tcm_mesh_cooccur.txt
川芎,舌苔白腻,1,symptom_herb_tcm_mesh_cooccur.txt
川芎,赤白带,1,symptom_herb_tcm_mesh_cooccur.txt
川芎,身痛,1,symptom_herb_tcm_mesh_cooccur.txt
川芎,身重,1,symptom_herb_tcm_mesh_cooccur.txt
川芎,闭经,1,symptom_herb_tcm_mesh_cooccur.txt
川芎,项强,1,symptom_herb_tcm_mesh_cooccur.txt
川芎,食欲不振,1,symptom_herb_tcm_mesh_cooccur.txt
川芎,鼻塞,1,symptom_herb_tcm_mesh_cooccur.txt
川贝母,口渴,1,symptom_herb_tcm_mesh_cooccur.txt
川贝母,呕吐,1,symptom_herb_tcm_mesh_cooccur.txt
川贝母,咳嗽,2,herb_symptom_db_knowledge.txt|symptom_herb_tcm_mesh_cooccur.txt
川贝母,咳血,1,symptom_herb_tcm_mesh_cooccur.txt
川贝母,咽干,1,symptom_herb_tcm_mesh_cooccur.txt
川贝母,大便秘结,1,symptom_herb_tcm_mesh_cooccur.txt
川贝母,干咳少痰,1,symptom_herb_tcm_mesh_long.txt
川贝母,急惊,1,symptom_herb_tcm_mesh_cooccur.txt
川贝母,气喘,1,symptom_herb_tcm_mesh_cooccur.txt
川贝母,烦躁,1,symptom_herb_tcm_mesh_cooccur.txt
川贝母,痫,1,symptom_herb_tcm_mesh_cooccur.txt
川贝母,瘰疬,1,herb_symptom_db_knowledge.txt
川贝母,神昏,1,symptom_herb_tcm_mesh_cooccur.txt
川贝母,胸闷,1,symptom_herb_tcm_mesh_cooccur.txt
川贝母,鼻塞,1,symptom_herb_tcm_mesh_cooccur.txt
巴戟天,不孕,4,herb_symptom_db_knowledge.txt|herb_symptom_knowledge.txt|symptom_herb_tcm_mesh.txt|symptom_herb_tcm_mesh_cooccur.txt
巴戟天,头晕,1,symptom_herb_tcm_mesh_cooccur.txt
巴戟天,小便,1,symptom_herb_tcm_mesh_long.txt
巴戟天,少腹冷痛,1,symptom_herb_tcm_mesh_long.txt
巴戟天,月经不调,1,symptom_herb_tcm_mesh_long.txt
巴戟天,腰膝酸软,1,symptom_herb_tcm_mesh_long.txt
巴戟天,腹冷,5,herb_symptom_db_knowledge.txt|herb_symptom_knowledge.txt|symptom_herb_tcm_mesh.txt|symptom_herb_tcm_mesh_cooccur.txt|symptom_herb_tcm_mesh_long.txt
巴戟天,遗精,1,symptom_herb_tcm_mesh_long.txt
巴戟天,遗精早泄,1,symptom_herb_tcm_mesh_long.txt
巴戟天,阳痿,1,symptom_herb_tcm_mesh_long.txt
巴戟天,阳痿遗精,1,symptom_herb_tcm_mesh_long.txt
巴豆,呕吐,1,symptom_herb_tcm_mesh_cooccur.txt
巴豆,大便,1,symptom_herb_tcm_mesh_long.txt
巴豆,大便不通,1,symptom_herb_tcm_mesh_long.txt
巴豆,大便秘结,1,symptom_herb_tcm_mesh_cooccur.txt
巴豆,头痛,1,symptom_herb_tcm_mesh_cooccur.txt
巴豆,急惊,1,symptom_herb_tcm_mesh_cooccur.txt
巴豆,恶心,1,symptom_herb_tcm_mesh_cooccur.txt
巴豆,水肿,1,symptom_herb_tcm_mesh_long.txt
巴豆,烦躁,1,symptom_herb_tcm_mesh_cooccur.txt
巴豆,积滞,1,symptom_herb_tcm_mesh_cooccur.txt
巴豆,胁痛,1,symptom_herb_tcm_mesh_cooccur.txt
巴豆,胸腹胀满,1,symptom_herb_tcm_mesh_long.txt
巴豆,胸闷,1,symptom_herb_tcm_mesh_cooccur.txt
巴豆,腹泻,1,symptom_herb_tcm_mesh_cooccur.txt
巴豆,腹痛,1,symptom_herb_tcm_mesh_cooccur.txt
巴豆,腹胀,1,symptom_herb_tcm_mesh_long.txt
巴豆,闭经,1,symptom_herb_tcm_mesh_cooccur.txt
巴豆霜,二便不通,1,symptom_herb_tcm_mesh_long.txt
巴豆霜,便秘,1,symptom_herb_tcm_mesh_long.txt
巴豆霜,呕吐,1,symptom_herb_tcm_mesh_cooccur.txt
巴豆霜,大便秘结,1,symptom_herb_tcm_mesh_cooccur.txt
巴豆霜,急惊,1,symptom_herb_tcm_mesh_cooccur.txt
巴豆霜,恶心,1,symptom_herb_tcm_mesh_cooccur.txt
巴豆霜,水肿,1,symptom_herb_tcm_mesh_long.txt
巴豆霜,烦躁,1,symptom_herb_tcm_mesh_cooccur.txt
巴豆霜,积滞,3,herb_symptom_knowledge.txt|symptom_herb_tcm_mesh.txt|symptom_herb_tcm_mesh_cooccur.txt
巴豆霜,腹泻,1,symptom_herb_tcm_mesh_cooccur.txt
巴豆霜,腹痛,1,symptom_herb_tcm_mesh_cooccur.txt
干姜,口噤,1,symptom_herb_tcm_mesh_cooccur.txt
干姜,呃逆,1,symptom_herb_tcm_mesh_cooccur.txt
干姜,呕吐,5,herb_symptom_db_knowledge.txt|herb_symptom_knowledge.txt|symptom_herb_tcm_mesh.txt|symptom_herb_tcm_mesh_cooccur.txt|symptom_herb_tcm_mesh_long.txt
干姜,咳嗽,1,symptom_herb_tcm_mesh_cooccur.txt
干姜,咳痰,1,symptom_herb_tcm_mesh_cooccur.txt
干姜,大便秘结,1,symptom_herb_tcm_mesh_cooccur.txt
干姜,头痛,1,symptom_herb_tcm_mesh_cooccur.txt
干姜,妊娠呕吐,1,symptom_herb_tcm_mesh_cooccur.txt
干姜,崩漏,1,symptom_herb_tcm_mesh_cooccur.txt
干姜,干呕,1,symptom_herb_tcm_mesh_cooccur.txt
干姜,心下痞,1,symptom_herb_tcm_mesh_cooccur.txt
干姜,恶寒,1,symptom_herb_tcm_mesh_cooccur.txt
干姜,恶寒发热,1,symptom_herb_tcm_mesh_cooccur.txt
干姜,无汗,1,symptom_herb_tcm_mesh_cooccur.txt
干姜,烦躁,1,symptom_herb_tcm_mesh_cooccur.txt
干姜,肢冷,1,symptom_herb_tcm_mesh_long.txt
干姜,脘腹冷痛,1,symptom_herb_tcm_mesh_long.txt
干姜,腹冷,5,herb_symptom_db_knowledge.txt|herb_symptom_knowledge.txt|symptom_herb_tcm_mesh.txt|symptom_herb_tcm_mesh_cooccur.txt|symptom_herb_tcm_mesh_long.txt
干姜,腹泻,1,symptom_herb_tcm_mesh_cooccur.txt
干姜,腹痛,1,symptom_herb_tcm_mesh_cooccur.txt
干姜,闭经,1,symptom_herb_tcm_mesh_cooccur.txt
干姜,难产,1,symptom_herb_tcm_mesh_cooccur.txt
干漆,潮热,1,symptom_herb_tcm_mesh_cooccur.txt
干漆,腹痛,3,symptom_herb_tcm_mesh.txt|symptom_herb_tcm_mesh_cooccur.txt|symptom_herb_tcm_mesh_long.txt
干漆,闭经,3,symptom_herb_tcm_mesh.txt|symptom_herb_tcm_mesh_cooccur.txt|symptom_herb_tcm_mesh_long.txt
平贝母,咳嗽,1,symptom_herb_tcm_mesh_cooccur.txt
平贝母,咳痰,3,herb_symptom_knowledge.txt|symptom_herb_tcm_mesh.txt|symptom_herb_tcm_mesh_cooccur.txt
平贝母,头痛,1,symptom_herb_tcm_mesh_cooccur.txt
平贝母,干咳少痰,1,symptom_herb_tcm_mesh_long.txt
平贝母,瘰疬,1,herb_symptom_db_knowledge.txt
平贝母,胸闷,1,symptom_herb_tcm_mesh_cooccur.txt
广枣,健忘,1,symptom_herb_tcm_mesh_cooccur.txt
广枣,头昏,1,symptom_herb_tcm_mesh_cooccur.txt
广枣,心悸,4,herb_symptom_knowledge.txt|symptom_herb_tcm_mesh.txt|symptom_herb_tcm_mesh_cooccur.txt|symptom_herb_tcm_mesh_long.txt
广枣,心悸气短,1,symptom_herb_tcm_mesh_long.txt
广枣,气短,1,symptom_herb_tcm_mesh_long.txt
广枣,浮肿,1,symptom_herb_tcm_mesh_cooccur.txt
广枣,神昏,1,symptom_herb_tcm_mesh_cooccur.txt
广枣,胸痛,1,symptom_herb_tcm_mesh_cooccur.txt
广枣,胸闷,1,symptom_herb_tcm_mesh_cooccur.txt
广枣,谵语,1,symptom_herb_tcm_mesh_cooccur.txt
广藿香,倦怠,1,symptom_herb_tcm_mesh_long.txt
广藿香,呃逆,1,symptom_herb_tcm_mesh_cooccur.txt
广藿香,呕吐,5,herb_symptom_db_knowledge.txt|herb_symptom_knowledge.txt|symptom_herb_tcm_mesh.txt|symptom_herb_tcm_mesh_cooccur.txt|symptom_herb_tcm_mesh_long.txt
广藿香,咳嗽,1,symptom_herb_tcm_mesh_cooccur.txt
广藿香,嗳气,1,symptom_herb_tcm_mesh_cooccur.txt
广藿香,头痛,2,herb_symptom_db_knowledge.txt|symptom_herb_tcm_mesh_cooccur.txt
广藿香,小便不利,1,symptom_herb_tcm_mesh_cooccur.txt
广藿香,恶寒,1,symptom_herb_tcm_mesh_cooccur.txt
广藿香,恶寒发热,1,symptom_herb_tcm_mesh_cooccur.txt
广藿香,恶心,2,herb_symptom_db_knowledge.txt|symptom_herb_tcm_mesh_cooccur.txt
广藿香,胸闷,4,herb_symptom_knowledge.txt|symptom_herb_tcm_mesh.txt|symptom_herb_tcm_mesh_cooccur.txt|symptom_herb_tcm_mesh_long.txt
广藿香,胸闷不舒,1,symptom_herb_tcm_mesh_long.txt
广藿香,腹泻,1,symptom_herb_tcm_mesh_cooccur.txt
广藿香,腹满,1,symptom_herb_tcm_mesh_cooccur.txt
广藿香,腹痛,4,herb_symptom_knowledge.txt|symptom_herb_tcm_mesh.txt|symptom_herb_tcm_mesh_cooccur.txt|symptom_herb_tcm_mesh_long.txt
广藿香,食欲不振,2,herb_symptom_db_knowledge.txt|symptom_herb_tcm_mesh_cooccur.txt
广藿香,鼻塞,1,symptom_herb_tcm_mesh_cooccur.txt
广金钱草,小便,1,symptom_herb_tcm_mesh_long.txt
广金钱草,小便涩痛,1,symptom_herb_tcm_mesh_long.txt
广金钱草,尿少,1,symptom_herb_tcm_mesh_long.txt
广金钱草,尿赤,1,symptom_herb_tcm_mesh_long.txt
广金钱草,水肿,1,symptom_herb_tcm_mesh_long.txt
广防己,身痛,1,symptom_herb_tcm_mesh_long.txt
延胡索,产后腹痛,1,symptom_herb_tcm_mesh_cooccur.txt
延胡索,吞酸,1,symptom_herb_tcm_mesh_cooccur.txt
延胡索,嗳气,1,symptom_herb_tcm_mesh_cooccur.txt
延胡索,头痛,1,symptom_herb_tcm_mesh_cooccur.txt
延胡索,小儿痞块,1,symptom_herb_tcm_mesh_cooccur.txt
延胡索,崩中,4,herb_symptom_db_knowledge.txt|herb_symptom_knowledge.txt|symptom_herb_tcm_mesh.txt|symptom_herb_tcm_mesh_cooccur.txt
延胡索,崩漏,1,symptom_herb_tcm_mesh_cooccur.txt
延胡索,月经不调,1,symptom_herb_tcm_mesh_long.txt
延胡索,漏下,1,symptom_herb_tcm_mesh_cooccur.txt
延胡索,潮热,1,symptom_herb_tcm_mesh_cooccur.txt
延胡索,疲乏,1,symptom_herb_tcm_mesh_cooccur.txt
延胡索,疼痛,1,symptom_herb_tcm_mesh_long.txt
延胡索,白带,1,symptom_herb_tcm_mesh_cooccur.txt
延胡索,胁痛,1,symptom_herb_tcm_mesh_cooccur.txt
延胡索,胃痛,1,symptom_herb_tcm_mesh_cooccur.txt
延胡索,腹冷,1,symptom_herb_tcm_mesh_cooccur.txt
延胡索,腹痛,1,symptom_herb_tcm_mesh_cooccur.txt
延胡索,赤白带,1,symptom_herb_tcm_mesh_cooccur.txt
当归,产后眩晕,1,symptom_herb_tcm_mesh_cooccur.txt
当归,产后腹痛,1,symptom_herb_tcm_mesh_cooccur.txt
当归,低热,1,symptom_herb_tcm_mesh_cooccur.txt
当归,便秘,1,symptom_herb_tcm_mesh_long.txt
当归,便血,1,symptom_herb_tcm_mesh_cooccur.txt
当归,健忘,1,symptom_herb_tcm_mesh_cooccur.txt
当归,关节疼痛,1,symptom_herb_tcm_mesh_cooccur.txt
当归,半身不遂,1,symptom_herb_tcm_mesh_cooccur.txt
当归,口渴,1,symptom_herb_tcm_mesh_cooccur.txt
当归,口苦,1,symptom_herb_tcm_mesh_cooccur.txt
当归,呕吐,1,symptom_herb_tcm_mesh_cooccur.txt
当归,咽干,1,symptom_herb_tcm_mesh_cooccur.txt
当归,四肢疼痛,1,symptom_herb_tcm_mesh_cooccur.txt
当归,四肢麻木,1,symptom_herb_tcm_mesh_cooccur.txt
当归,壮热,1,symptom_herb_tcm_mesh_cooccur.txt
当归,多梦,1,symptom_herb_tcm_mesh_cooccur.txt
当归,大便秘结,1,symptom_herb_tcm_mesh_cooccur.txt
当归,头昏,1,symptom_herb_tcm_mesh_cooccur.txt
当归,头晕,1,symptom_herb_tcm_mesh_cooccur.txt
当归,头痛,1,symptom_herb_tcm_mesh_cooccur.txt
当归,小便不利,1,symptom_herb_tcm_mesh_cooccur.txt
当归,小便清长,1,symptom_herb_tcm_mesh_cooccur.txt
当归,小便频数,1,symptom_herb_tcm_mesh_cooccur.txt
当归,小儿痞块,1,symptom_herb_tcm_mesh_cooccur.txt
当归,少气,1,symptom_herb_tcm_mesh_cooccur.txt
当归,尿血,1,symptom_herb_tcm_mesh_cooccur.txt
当归,崩中,1,symptom_herb_tcm_mesh_cooccur.txt
当归,崩漏,5,herb_symptom_db_knowledge.txt|herb_symptom_knowledge.txt|symptom_herb_tcm_mesh.txt|symptom_herb_tcm_mesh_cooccur.txt|symptom_herb_tcm_mesh_long.txt
当归,心悸,3,symptom_herb_tcm_mesh.txt|symptom_herb_tcm_mesh_cooccur.txt|symptom_herb_tcm_mesh_long.txt
当归,心烦,1,symptom_herb_tcm_mesh_cooccur.txt
当归,恶寒,1,symptom_herb_tcm_mesh_cooccur.txt
当归,憋气,1,symptom_herb_tcm_mesh_cooccur.txt
当归,月经不调,1,symptom_herb_tcm_mesh_long.txt
当归,月经过多,1,symptom_herb_tcm_mesh_cooccur.txt
当归,流泪,1,symptom_herb_tcm_mesh_cooccur.txt
当归,浮肿,1,symptom_herb_tcm_mesh_cooccur.txt
当归,消瘦,1,symptom_herb_tcm_mesh_cooccur.txt
当归,漏下,1,symptom_herb_tcm_mesh_cooccur.txt
当归,潮热,1,symptom_herb_tcm_mesh_cooccur.txt
当归,牙痛,1,symptom_herb_tcm_mesh_cooccur.txt
当归,牙龈出血,1,symptom_herb_tcm_mesh_cooccur.txt
当归,牙龈肿痛,1,symptom_herb_tcm_mesh_cooccur.txt
当归,疲乏,1,symptom_herb_tcm_mesh_cooccur.txt
当归,瘫痪,1,symptom_herb_tcm_mesh_cooccur.txt
当归,瘰疬,1,symptom_herb_tcm_mesh_cooccur.txt
当归,白带,1,symptom_herb_tcm_mesh_cooccur.txt
当归,盗汗,1,symptom_herb_tcm_mesh_cooccur.txt
当归,眩晕,1,symptom_herb_tcm_mesh_long.txt
当归,短气,1,symptom_herb_tcm_mesh_cooccur.txt
当归,经期延长,1,symptom_herb_tcm_mesh_cooccur.txt
当归,耳聋,1,symptom_herb_tcm_mesh_cooccur.txt
当归,肩痛,1,symptom_herb_tcm_mesh_cooccur.txt
当归,胁痛,1,symptom_herb_tcm_mesh_cooccur.txt
当归,背痛,1,symptom_herb_tcm_mesh_cooccur.txt
当归,胎位不正,1,symptom_herb_tcm_mesh_cooccur.txt
当归,胎动不安,1,symptom_herb_tcm_mesh_cooccur.txt
当归,胎水肿满,1,symptom_herb_tcm_mesh_cooccur.txt
当归,胸痛,1,symptom_herb_tcm_mesh_cooccur.txt
当归,胸闷,1,symptom_herb_tcm_mesh_cooccur.txt
当归,脱发,1,symptom_herb_tcm_mesh_cooccur.txt
当归,脱肛,1,symptom_herb_tcm_mesh_cooccur.txt
当归,腰重,1,symptom_herb_tcm_mesh_cooccur.txt
当归,腹冷,1,symptom_herb_tcm_mesh_cooccur.txt
当归,腹泻,1,symptom_herb_tcm_mesh_cooccur.txt
当归,腹痛,5,herb_symptom_db_knowledge.txt|herb_symptom_knowledge.txt|symptom_herb_tcm_mesh.txt|symptom_herb_tcm_mesh_cooccur.txt|symptom_herb_tcm_mesh_long.txt
当归,腿肿痛,1,symptom_herb_tcm_mesh_cooccur.txt
当归,臂痛,1,symptom_herb_tcm_mesh_cooccur.txt
当归,自汗,1,symptom_herb_tcm_mesh_cooccur.txt
当归,赤白带,1,symptom_herb_tcm_mesh_cooccur.txt
当归,闭经,1,symptom_herb_tcm_mesh_cooccur.txt
当归,阴挺,1,symptom_herb_tcm_mesh_cooccur.txt
当归,须发早白,1,symptom_herb_tcm_mesh_cooccur.txt
当归,食欲不振,1,symptom_herb_tcm_mesh_cooccur.txt
当归,麻木,1,symptom_herb_tcm_mesh_long.txt
当归,麻疹,1,symptom_herb_tcm_mesh_cooccur.txt
当药,消化不良,1,symptom_herb_tcm_mesh_long.txt
当药,牙痛,3,herb_symptom_knowledge.txt|symptom_herb_tcm_mesh.txt|symptom_herb_tcm_mesh_cooccur.txt
徐长卿,小便,1,symptom_herb_tcm_mesh_long.txt
徐长卿,牙痛,4,herb_symptom_db_knowledge.txt|herb_symptom_knowledge.txt|symptom_herb_tcm_mesh.txt|symptom_herb_tcm_mesh_cooccur.txt
徐长卿,疼痛,1,symptom_herb_tcm_mesh_long.txt
徐长卿,胃痛,2,symptom_herb_tcm_mesh.txt|symptom_herb_tcm_mesh_cooccur.txt
徐长卿,腰痛,5,herb_symptom_db_knowledge.txt|herb_symptom_knowledge.txt|symptom_herb_tcm_mesh.txt|symptom_herb_tcm_mesh_cooccur.txt|symptom_herb_tcm_mesh_long.txt
徐长卿,麻疹,4,herb_symptom_db_knowledge.txt|herb_symptom_knowledge.txt|symptom_herb_tcm_mesh.txt|symptom_herb_tcm_mesh_cooccur.txt
忍冬藤,关节红肿,1,symptom_herb_tcm_mesh_long.txt
忍冬藤,半身不遂,1,symptom_herb_tcm_mesh_cooccur.txt
忍冬藤,发热,1,symptom_herb_tcm_mesh_long.txt
忍冬藤,红肿热痛,1,symptom_herb_tcm_mesh_long.txt
忍冬藤,谵语,1,symptom_herb_tcm_mesh_cooccur.txt
急性子,噎膈,4,herb_symptom_db_knowledge.txt|herb_symptom_knowledge.txt|symptom_herb_tcm_mesh.txt|symptom_herb_tcm_mesh_cooccur.txt
急性子,胞衣不下,4,herb_symptom_db_knowledge.txt|herb_symptom_knowledge.txt|symptom_herb_tcm_mesh.txt|symptom_herb_tcm_mesh_cooccur.txt
扁豆花,发热,1,symptom_herb_tcm_mesh_long.txt
扁豆花,口渴,1,symptom_herb_tcm_mesh_cooccur.txt
扁豆花,头痛,1,symptom_herb_tcm_mesh_cooccur.txt
扁豆花,恶寒,1,symptom_herb_tcm_mesh_cooccur.txt
扁豆花,无汗,1,symptom_herb_tcm_mesh_cooccur.txt
扁豆花,白带,4,herb_symptom_db_knowledge.txt|herb_symptom_knowledge.txt|symptom_herb_tcm_mesh.txt|symptom_herb_tcm_mesh_cooccur.txt
扁豆花,赤白带,4,herb_symptom_db_knowledge.txt|herb_symptom_knowledge.txt|symptom_herb_tcm_mesh.txt|symptom_herb_tcm_mesh_cooccur.txt
扁豆衣,呕吐,5,herb_symptom_db_knowledge.txt|herb_symptom_knowledge.txt|symptom_herb_tcm_mesh.txt|symptom_herb_tcm_mesh_cooccur.txt|symptom_herb_tcm_mesh_long.txt
扁豆衣,浮肿,5,herb_symptom_db_knowledge.txt|herb_symptom_knowledge.txt|symptom_herb_tcm_mesh.txt|symptom_herb_tcm_mesh_cooccur.txt|symptom_herb_tcm_mesh_long.txt
扁豆衣,纳,1,symptom_herb_tcm_mesh_long.txt
扁豆衣,纳呆,1,symptom_herb_tcm_mesh_long.txt
扁豆衣,胸闷,5,herb_symptom_db_knowledge.txt|herb_symptom_knowledge.txt|symptom_herb_tcm_mesh.txt|symptom_herb_tcm_mesh_cooccur.txt|symptom_herb_tcm_mesh_long.txt
拳参,出血,1,symptom_herb_tcm_mesh_long.txt
拳参,口舌生疮,1,symptom_herb_tcm_mesh_long.txt
拳参,吐血,4,herb_symptom_db_knowledge.txt|herb_symptom_knowledge.txt|symptom_herb_tcm_mesh.txt|symptom_herb_tcm_mesh_cooccur.txt
拳参,吐血、衄血,1,symptom_herb_tcm_mesh_long.txt
拳参,咳嗽,5,herb_symptom_db_knowledge.txt|herb_symptom_knowledge.txt|symptom_herb_tcm_mesh.txt|symptom_herb_tcm_mesh_cooccur.txt|symptom_herb_tcm_mesh_long.txt
拳参,头昏,1,symptom_herb_tcm_mesh_cooccur.txt
拳参,浮肿,1,symptom_herb_tcm_mesh_cooccur.txt
拳参,痫,1,herb_symptom_db_knowledge.txt
拳参,瘰疬,3,herb_symptom_knowledge.txt|symptom_herb_tcm_mesh.txt|symptom_herb_tcm_mesh_cooccur.txt
拳参,衄血,1,symptom_herb_tcm_mesh_long.txt
接骨木,出血,1,symptom_herb_tcm_mesh_long.txt
救必应,发热,1,symptom_herb_tcm_mesh_long.txt
救必应,胃痛,1,herb_symptom_db_knowledge.txt
斑蝥,发黄,1,symptom_herb_tcm_mesh_cooccur.txt
斑蝥,瘰疬,4,herb_symptom_db_knowledge.txt|herb_symptom_knowledge.txt|symptom_herb_tcm_mesh.txt|symptom_herb_tcm_mesh_cooccur.txt
断血流,关节疼痛,1,herb_symptom_db_knowledge.txt
断血流,出血,1,symptom_herb_tcm_mesh_long.txt
断血流,吐血,1,herb_symptom_db_knowledge.txt
断血流,咳嗽,1,herb_symptom_db_knowledge.txt
断血流,尿血,5,herb_symptom_db_knowledge.txt|herb_symptom_knowledge.txt|symptom_herb_tcm_mesh.txt|symptom_herb_tcm_mesh_cooccur.txt|symptom_herb_tcm_mesh_long.txt
断血流,崩漏,5,herb_symptom_db_knowledge.txt|herb_symptom_knowledge.txt|symptom_herb_tcm_mesh.txt|symptom_herb_tcm_mesh_cooccur.txt|symptom_herb_tcm_mesh_long.txt
断血流,月经过多,1,symptom_herb_tcm_mesh_cooccur.txt
断血流,牙龈出血,3,herb_symptom_knowledge.txt|symptom_herb_tcm_mesh.txt|symptom_herb_tcm_mesh_cooccur.txt
断血流,胃痛,1,herb_symptom_db_knowledge.txt
断血流,腹痛,1,herb_symptom_db_knowledge.txt
旋覆花,呕吐,3,symptom_herb_tcm_mesh.txt|symptom_herb_tcm_mesh_cooccur.txt|symptom_herb_tcm_mesh_long.txt
旋覆花,咳嗽,3,symptom_herb_tcm_mesh.txt|symptom_herb_tcm_mesh_cooccur.txt|symptom_herb_tcm_mesh_long.txt
旋覆花,咳痰,2,symptom_herb_tcm_mesh.txt|symptom_herb_tcm_mesh_cooccur.txt
旋覆花,头晕,1,symptom_herb_tcm_mesh_cooccur.txt
旋覆花,心下痞,3,symptom_herb_tcm_mesh.txt|symptom_herb_tcm_mesh_cooccur.txt|symptom_herb_tcm_mesh_long.txt
旋覆花,牙龈肿痛,1,symptom_herb_tcm_mesh_cooccur.txt
旋覆花,痰多,1,symptom_herb_tcm_mesh_long.txt
旋覆花,胁痛,5,herb_symptom_db_knowledge.txt|herb_symptom_knowledge.txt|symptom_herb_tcm_mesh.txt|symptom_herb_tcm_mesh_cooccur.txt|symptom_herb_tcm_mesh_long.txt
昆布,噎膈,4,herb_symptom_db_knowledge.txt|herb_symptom_knowledge.txt|symptom_herb_tcm_mesh.txt|symptom_herb_tcm_mesh_cooccur.txt
昆布,水肿,1,symptom_herb_tcm_mesh_long.txt
昆布,疲乏,1,symptom_herb_tcm_mesh_cooccur.txt
昆布,瘰疬,4,herb_symptom_db_knowledge.txt|herb_symptom_knowledge.txt|symptom_herb_tcm_mesh.txt|symptom_herb_tcm_mesh_cooccur.txt
昆布,胸闷,1,symptom_herb_tcm_mesh_cooccur.txt
明党参,反胃,5,herb_symptom_db_knowledge.txt|herb_symptom_knowledge.txt|symptom_herb_tcm_mesh.txt|symptom_herb_tcm_mesh_cooccur.txt|symptom_herb_tcm_mesh_long.txt
明党参,口干,1,symptom_herb_tcm_mesh_long.txt
明党参,呕吐,5,herb_symptom_db_knowledge.txt|herb_symptom_knowledge.txt|symptom_herb_tcm_mesh.txt|symptom_herb_tcm_mesh_cooccur.txt|symptom_herb_tcm_mesh_long.txt
明党参,咳嗽,5,herb_symptom_db_knowledge.txt|herb_symptom_knowledge.txt|symptom_herb_tcm_mesh.txt|symptom_herb_tcm_mesh_cooccur.txt|symptom_herb_tcm_mesh_long.txt
明党参,白带,4,herb_symptom_db_knowledge.txt|herb_symptom_knowledge.txt|symptom_herb_tcm_mesh.txt|symptom_herb_tcm_mesh_cooccur.txt
明党参,目赤,1,symptom_herb_tcm_mesh_long.txt
明党参,眩晕,1,symptom_herb_tcm_mesh_long.txt
明党参,食少,1,symptom_herb_tcm_mesh_long.txt
景天三七,便血,1,symptom_herb_tcm_mesh_long.txt
景天三七,吐血、衄血,1,symptom_herb_tcm_mesh_long.txt
景天三七,衄血,1,symptom_herb_tcm_mesh_long.txt
月季花,月经不调,1,symptom_herb_tcm_mesh_long.txt
月季花,瘰疬,4,herb_symptom_db_knowledge.txt|herb_symptom_knowledge.txt|symptom_herb_tcm_mesh.txt|symptom_herb_tcm_mesh_cooccur.txt
月季花,闭经,5,herb_symptom_db_knowledge.txt|herb_symptom_knowledge.txt|symptom_herb_tcm_mesh.txt|symptom_herb_tcm_mesh_cooccur.txt|symptom_herb_tcm_mesh_long.txt
木棉,出血,1,symptom_herb_tcm_mesh_long.txt
木棉,瘰疬,3,herb_symptom_knowledge.txt|symptom_herb_tcm_mesh.txt|symptom_herb_tcm_mesh_cooccur.txt
木棉,神昏,1,symptom_herb_tcm_mesh_cooccur.txt
木棉,谵语,1,symptom_herb_tcm_mesh_cooccur.txt
木瓜,关节疼痛,1,symptom_herb_tcm_mesh_cooccur.txt
木瓜,半身不遂,1,symptom_herb_tcm_mesh_cooccur.txt
木瓜,口渴,1,symptom_herb_tcm_mesh_cooccur.txt
木瓜,呕吐,1,symptom_herb_tcm_mesh_cooccur.txt
木瓜,四肢麻木,1,symptom_herb_tcm_mesh_cooccur.txt
木瓜,头痛,1,symptom_herb_tcm_mesh_cooccur.txt
木瓜,小便不利,1,symptom_herb_tcm_mesh_cooccur.txt
木瓜,恶寒,1,symptom_herb_tcm_mesh_cooccur.txt
木瓜,恶寒发热,1,symptom_herb_tcm_mesh_cooccur.txt
木瓜,恶心,1,symptom_herb_tcm_mesh_cooccur.txt
木瓜,恶风,1,symptom_herb_tcm_mesh_cooccur.txt
木瓜,水肿,1,symptom_herb_tcm_mesh_long.txt
木瓜,烦躁,1,symptom_herb_tcm_mesh_cooccur.txt
木瓜,疼痛,1,symptom_herb_tcm_mesh_long.txt
木瓜,筋脉拘挛,1,symptom_herb_tcm_mesh_long.txt
木瓜,胸闷,1,symptom_herb_tcm_mesh_cooccur.txt
木瓜,脱发,1,symptom_herb_tcm_mesh_cooccur.txt
木瓜,腹冷,1,symptom_herb_tcm_mesh_cooccur.txt
木瓜,腹痛,1,symptom_herb_tcm_mesh_cooccur.txt
木瓜,转筋,4,herb_symptom_db_knowledge.txt|herb_symptom_knowledge.txt|symptom_herb_tcm_mesh.txt|symptom_herb_tcm_mesh_cooccur.txt
木耳,咳血,1,herb_symptom_db_knowledge.txt
木耳,崩漏,1,herb_symptom_db_knowledge.txt
木耳,疲乏,1,symptom_herb_tcm_mesh_cooccur.txt
木蝴蝶,咳嗽,5,herb_symptom_db_knowledge.txt|herb_symptom_knowledge.txt|symptom_herb_tcm_mesh.txt|symptom_herb_tcm_mesh_cooccur.txt|symptom_herb_tcm_mesh_long.txt
木蝴蝶,咽痛,1,symptom_herb_tcm_mesh_long.txt
木蝴蝶,声音嘶哑,5,herb_symptom_db_knowledge.txt|herb_symptom_knowledge.txt|symptom_herb_tcm_mesh.txt|symptom_herb_tcm_mesh_cooccur.txt|symptom_herb_tcm_mesh_long.txt
木蝴蝶,音哑,1,symptom_herb_tcm_mesh_long.txt
木贼,咳嗽,1,symptom_herb_tcm_mesh_cooccur.txt
木贼,气喘,1,symptom_herb_tcm_mesh_cooccur.txt
木贼,流泪,5,herb_symptom_db_knowledge.txt|herb_symptom_knowledge.txt|symptom_herb_tcm_mesh.txt|symptom_herb_tcm_mesh_cooccur.txt|symptom_herb_tcm_mesh_long.txt
木贼,浮肿,1,symptom_herb_tcm_mesh_cooccur.txt
木贼,目赤,1,symptom_herb_tcm_mesh_long.txt
木贼,胬肉攀睛,1,symptom_herb_tcm_mesh_cooccur.txt
木贼,胸闷,1,symptom_herb_tcm_mesh_cooccur.txt
木贼,脱肛,1,herb_symptom_db_knowledge.txt
木贼,迎风流泪,1,symptom_herb_tcm_mesh_long.txt
木通,口渴,1,symptom_herb_tcm_mesh_cooccur.txt
木通,口舌生疮,1,symptom_herb_tcm_mesh_long.txt
木通,咽痛,1,symptom_herb_tcm_mesh_long.txt
木通,大便秘结,1,symptom_herb_tcm_mesh_cooccur.txt
木通,头晕,1,symptom_herb_tcm_mesh_cooccur.txt
木通,头痛,1,symptom_herb_tcm_mesh_cooccur.txt
木通,小便,1,symptom_herb_tcm_mesh_long.txt
木通,小便不利,1,symptom_herb_tcm_mesh_cooccur.txt
木通,小便不通,1,symptom_herb_tcm_mesh_cooccur.txt
木通,小便赤,1,symptom_herb_tcm_mesh_long.txt
木通,小便频数,1,symptom_herb_tcm_mesh_cooccur.txt
木通,小便黄赤,1,symptom_herb_tcm_mesh_cooccur.txt
木通,尿血,1,symptom_herb_tcm_mesh_cooccur.txt
木通,尿赤,1,symptom_herb_tcm_mesh_long.txt
木通,无汗,1,symptom_herb_tcm_mesh_cooccur.txt
木通,水肿,1,symptom_herb_tcm_mesh_long.txt
木通,烦热,1,symptom_herb_tcm_mesh_long.txt
木通,疼痛,1,symptom_herb_tcm_mesh_long.txt
木通,耳聋,1,symptom_herb_tcm_mesh_cooccur.txt
木通,胁痛,1,symptom_herb_tcm_mesh_cooccur.txt
木通,胸中烦热,1,symptom_herb_tcm_mesh_long.txt
木通,腰痛,1,symptom_herb_tcm_mesh_cooccur.txt
木通,腹痛,1,symptom_herb_tcm_mesh_cooccur.txt
木通,舌干,1,symptom_herb_tcm_mesh_cooccur.txt
木通,麻疹,1,symptom_herb_tcm_mesh_cooccur.txt
木香,不思饮食,1,symptom_herb_tcm_mesh_long.txt
木香,健忘,1,symptom_herb_tcm_mesh_cooccur.txt
木香,半身不遂,1,symptom_herb_tcm_mesh_cooccur.txt
木香,吞酸,1,symptom_herb_tcm_mesh_cooccur.txt
木香,呃逆,1,symptom_herb_tcm_mesh_cooccur.txt
木香,呕吐,1,symptom_herb_tcm_mesh_cooccur.txt
木香,咳嗽,1,symptom_herb_tcm_mesh_cooccur.txt
木香,咳血,1,symptom_herb_tcm_mesh_cooccur.txt
木香,嗳气,1,symptom_herb_tcm_mesh_cooccur.txt
木香,嘈杂,1,symptom_herb_tcm_mesh_cooccur.txt
木香,多梦,1,symptom_herb_tcm_mesh_cooccur.txt
木香,大便溏,1,symptom_herb_tcm_mesh_cooccur.txt
木香,大便秘结,1,symptom_herb_tcm_mesh_cooccur.txt
木香,大便脓血,1,symptom_herb_tcm_mesh_cooccur.txt
木香,头昏,1,symptom_herb_tcm_mesh_cooccur.txt
木香,头晕,1,symptom_herb_tcm_mesh_cooccur.txt
木香,头痛,1,symptom_herb_tcm_mesh_cooccur.txt
木香,小便不利,1,symptom_herb_tcm_mesh_cooccur.txt
木香,崩漏,1,symptom_herb_tcm_mesh_cooccur.txt
木香,心悸,1,symptom_herb_tcm_mesh_cooccur.txt
木香,心烦,1,symptom_herb_tcm_mesh_cooccur.txt
木香,恶寒,1,symptom_herb_tcm_mesh_cooccur.txt
木香,恶寒发热,1,symptom_herb_tcm_mesh_cooccur.txt
木香,恶心,1,symptom_herb_tcm_mesh_cooccur.txt
木香,气喘,1,symptom_herb_tcm_mesh_cooccur.txt
木香,浮肿,1,symptom_herb_tcm_mesh_cooccur.txt
木香,牙痛,1,symptom_herb_tcm_mesh_cooccur.txt
木香,疲乏,1,symptom_herb_tcm_mesh_cooccur.txt
木香,痫,1,symptom_herb_tcm_mesh_cooccur.txt
木香,瘫痪,1,symptom_herb_tcm_mesh_cooccur.txt
木香,瘰疬,1,symptom_herb_tcm_mesh_cooccur.txt
木香,白带,1,symptom_herb_tcm_mesh_cooccur.txt
木香,神昏,1,symptom_herb_tcm_mesh_cooccur.txt
木香,积滞,1,symptom_herb_tcm_mesh_cooccur.txt
木香,耳聋,1,symptom_herb_tcm_mesh_cooccur.txt
木香,肠鸣,1,symptom_herb_tcm_mesh_cooccur.txt
木香,胁痛,1,symptom_herb_tcm_mesh_cooccur.txt
木香,胁胀,1,symptom_herb_tcm_mesh_long.txt
木香,胃痛,1,symptom_herb_tcm_mesh_cooccur.txt
木香,胎动不安,1,symptom_herb_tcm_mesh_cooccur.txt
木香,胎水肿满,1,symptom_herb_tcm_mesh_cooccur.txt
木香,胸痛,1,symptom_herb_tcm_mesh_cooccur.txt
木香,胸闷,1,symptom_herb_tcm_mesh_cooccur.txt
木香,脘腹胀痛,1,symptom_herb_tcm_mesh_long.txt
木香,腰重,1,symptom_herb_tcm_mesh_cooccur.txt
木香,腹冷,1,symptom_herb_tcm_mesh_cooccur.txt
木香,腹泻,1,symptom_herb_tcm_mesh_cooccur.txt
木香,腹痛,3,symptom_herb_tcm_mesh.txt|symptom_herb_tcm_mesh_cooccur.txt|symptom_herb_tcm_mesh_long.txt
木香,腹胀,1,symptom_herb_tcm_mesh_long.txt
木香,腿肿痛,1,symptom_herb_tcm_mesh_cooccur.txt
木香,谵语,1,symptom_herb_tcm_mesh_cooccur.txt
木香,里急后重,1,symptom_herb_tcm_mesh_cooccur.txt
木香,闭经,1,symptom_herb_tcm_mesh_cooccur.txt
木香,难产,1,symptom_herb_tcm_mesh_cooccur.txt
木香,食欲不振,1,symptom_herb_tcm_mesh_cooccur.txt
木香,鼻塞,1,symptom_herb_tcm_mesh_cooccur.txt
木鳖子,无名肿毒,1,herb_symptom_db_knowledge.txt
木鳖子,牙龈肿痛,1,herb_symptom_db_knowledge.txt
木鳖子,瘰疬,3,herb_symptom_knowledge.txt|symptom_herb_tcm_mesh.txt|symptom_herb_tcm_mesh_cooccur.txt
木鳖子,粉刺,1,herb_symptom_db_knowledge.txt
朱砂,健忘,1,symptom_herb_tcm_mesh_cooccur.txt
朱砂,发狂,2,symptom_herb_tcm_mesh.txt|symptom_herb_tcm_mesh_cooccur.txt
朱砂,口渴,1,symptom_herb_tcm_mesh_cooccur.txt
朱砂,呕吐,1,symptom_herb_tcm_mesh_cooccur.txt
朱砂,咳嗽,1,symptom_herb_tcm_mesh_cooccur.txt
朱砂,多梦,3,symptom_herb_tcm_mesh.txt|symptom_herb_tcm_mesh_cooccur.txt|symptom_herb_tcm_mesh_long.txt
朱砂,大便秘结,1,symptom_herb_tcm_mesh_cooccur.txt
朱砂,失眠,1,symptom_herb_tcm_mesh_long.txt
朱砂,失眠多梦,1,symptom_herb_tcm_mesh_long.txt
朱砂,头昏,1,symptom_herb_tcm_mesh_cooccur.txt
朱砂,头晕,1,symptom_herb_tcm_mesh_cooccur.txt
朱砂,头痛,1,symptom_herb_tcm_mesh_cooccur.txt
朱砂,小便不利,1,symptom_herb_tcm_mesh_cooccur.txt
朱砂,崩漏,1,symptom_herb_tcm_mesh_cooccur.txt
朱砂,心悸,3,symptom_herb_tcm_mesh.txt|symptom_herb_tcm_mesh_cooccur.txt|symptom_herb_tcm_mesh_long.txt
朱砂,心烦,5,herb_symptom_db_knowledge.txt|herb_symptom_knowledge.txt|symptom_herb_tcm_mesh.txt|symptom_herb_tcm_mesh_cooccur.txt|symptom_herb_tcm_mesh_long.txt
朱砂,急惊,1,symptom_herb_tcm_mesh_cooccur.txt
朱砂,恶寒,1,symptom_herb_tcm_mesh_cooccur.txt
朱砂,恶心,1,symptom_herb_tcm_mesh_cooccur.txt
朱砂,易惊,1,symptom_herb_tcm_mesh_long.txt
朱砂,气喘,1,symptom_herb_tcm_mesh_cooccur.txt
朱砂,烦躁,1,symptom_herb_tcm_mesh_cooccur.txt
朱砂,牙龈肿痛,1,symptom_herb_tcm_mesh_cooccur.txt
朱砂,痫,2,symptom_herb_tcm_mesh.txt|symptom_herb_tcm_mesh_cooccur.txt
朱砂,盗汗,1,symptom_herb_tcm_mesh_cooccur.txt
朱砂,目昏,4,herb_symptom_db_knowledge.txt|herb_symptom_knowledge.txt|symptom_herb_tcm_mesh.txt|symptom_herb_tcm_mesh_cooccur.txt
朱砂,眩晕,1,symptom_herb_tcm_mesh_long.txt
朱砂,神昏,1,symptom_herb_tcm_mesh_cooccur.txt
朱砂,积滞,1,symptom_herb_tcm_mesh_cooccur.txt
朱砂,耳聋,1,symptom_herb_tcm_mesh_cooccur.txt
朱砂,胸闷,1,symptom_herb_tcm_mesh_cooccur.txt
朱砂,腹泻,1,symptom_herb_tcm_mesh_cooccur.txt
朱砂,腹痛,1,symptom_herb_tcm_mesh_cooccur.txt
朱砂,舌强,1,symptom_herb_tcm_mesh_cooccur.txt
朱砂,视物昏花,1,symptom_herb_tcm_mesh_long.txt
朱砂,谵语,1,symptom_herb_tcm_mesh_cooccur.txt
朱砂,鼻塞,1,symptom_herb_tcm_mesh_cooccur.txt
朱砂七,出血,1,symptom_herb_tcm_mesh_long.txt
朱砂根,咽喉肿痛,1,symptom_herb_tcm_mesh_long.txt
朱砂莲,牙痛,1,herb_symptom_db_knowledge.txt
朱砂莲,胸痛,4,herb_symptom_knowledge.txt|symptom_herb_tcm_mesh.txt|symptom_herb_tcm_mesh_cooccur.txt|symptom_herb_tcm_mesh_long.txt
朱砂莲,腹泻,1,herb_symptom_db_knowledge.txt
杏,发黄,1,symptom_herb_tcm_mesh_cooccur.txt
杏,口渴,1,symptom_herb_tcm_mesh_cooccur.txt
杏,呕吐,1,symptom_herb_tcm_mesh_cooccur.txt
杏,咳嗽,1,symptom_herb_tcm_mesh_cooccur.txt
杏,咳血,1,symptom_herb_tcm_mesh_cooccur.txt
杏,咽干,1,symptom_herb_tcm_mesh_cooccur.txt
杏,喉痒,1,symptom_herb_tcm_mesh_cooccur.txt
杏,大便秘结,1,symptom_herb_tcm_mesh_cooccur.txt
杏,头痛,1,symptom_herb_tcm_mesh_cooccur.txt
杏,小便频数,1,symptom_herb_tcm_mesh_cooccur.txt
杏,恶寒,1,symptom_herb_tcm_mesh_cooccur.txt
杏,恶寒发热,1,symptom_herb_tcm_mesh_cooccur.txt
杏,无汗,1,symptom_herb_tcm_mesh_cooccur.txt
杏,气喘,1,symptom_herb_tcm_mesh_cooccur.txt
杏,湿疮,1,symptom_herb_tcm_mesh_cooccur.txt
杏,潮热,1,symptom_herb_tcm_mesh_cooccur.txt
杏,烦躁,1,symptom_herb_tcm_mesh_cooccur.txt
杏,胸闷,1,symptom_herb_tcm_mesh_cooccur.txt
杏,臁疮,1,symptom_herb_tcm_mesh_cooccur.txt
杏,自汗,1,symptom_herb_tcm_mesh_cooccur.txt
杏,身痛,1,symptom_herb_tcm_mesh_cooccur.txt
杏,遗尿,1,symptom_herb_tcm_mesh_cooccur.txt
杏,闭经,1,symptom_herb_tcm_mesh_cooccur.txt
杏,项强,1,symptom_herb_tcm_mesh_cooccur.txt
杏,麻疹,1,symptom_herb_tcm_mesh_cooccur.txt
杏,鼻塞,1,symptom_herb_tcm_mesh_cooccur.txt
杏仁,便秘,1,symptom_herb_tcm_mesh_long.txt
杏仁,发黄,1,symptom_herb_tcm_mesh_cooccur.txt
杏仁,口渴,1,symptom_herb_tcm_mesh_cooccur.txt
杏仁,呕吐,1,symptom_herb_tcm_mesh_cooccur.txt
杏仁,咳嗽,5,herb_symptom_db_knowledge.txt|herb_symptom_knowledge.txt|symptom_herb_tcm_mesh.txt|symptom_herb_tcm_mesh_cooccur.txt|symptom_herb_tcm_mesh_long.txt
杏仁,咳血,1,symptom_herb_tcm_mesh_cooccur.txt
杏仁,咽干,1,symptom_herb_tcm_mesh_cooccur.txt
杏仁,喉痒,1,symptom_herb_tcm_mesh_cooccur.txt
杏仁,大便秘结,1,symptom_herb_tcm_mesh_cooccur.txt
杏仁,头痛,1,symptom_herb_tcm_mesh_cooccur.txt
杏仁,小便频数,1,symptom_herb_tcm_mesh_cooccur.txt
杏仁,恶寒,1,symptom_herb_tcm_mesh_cooccur.txt
杏仁,恶寒发热,1,symptom_herb_tcm_mesh_cooccur.txt
杏仁,无汗,1,symptom_herb_tcm_mesh_cooccur.txt
杏仁,气喘,1,symptom_herb_tcm_mesh_cooccur.txt
杏仁,湿疮,1,symptom_herb_tcm_mesh_cooccur.txt
杏仁,潮热,1,symptom_herb_tcm_mesh_cooccur.txt
杏仁,烦躁,1,symptom_herb_tcm_mesh_cooccur.txt
杏仁,痫,4,herb_symptom_db_knowledge.txt|herb_symptom_knowledge.txt|symptom_herb_tcm_mesh.txt|symptom_herb_tcm_mesh_cooccur.txt
杏仁,耳聋,5,herb_symptom_db_knowledge.txt|herb_symptom_knowledge.txt|symptom_herb_tcm_mesh.txt|symptom_herb_tcm_mesh_cooccur.txt|symptom_herb_tcm_mesh_long.txt
杏仁,肿胀,1,symptom_herb_tcm_mesh_long.txt
杏仁,胸闷,1,symptom_herb_tcm_mesh_cooccur.txt
杏仁,臁疮,1,symptom_herb_tcm_mesh_cooccur.txt
杏仁,自汗,1,symptom_herb_tcm_mesh_cooccur.txt
杏仁,身痛,1,symptom_herb_tcm_mesh_cooccur.txt
杏仁,闭经,1,symptom_herb_tcm_mesh_cooccur.txt
杏仁,项强,1,symptom_herb_tcm_mesh_cooccur.txt
杏仁,麻疹,1,symptom_herb_tcm_mesh_cooccur.txt
杏仁,鼻塞,1,symptom_herb_tcm_mesh_cooccur.txt
杜仲,咳嗽,1,symptom_herb_tcm_mesh_cooccur.txt
杜仲,四肢麻木,1,symptom_herb_tcm_mesh_cooccur.txt
杜仲,头晕,1,symptom_herb_tcm_mesh_cooccur.txt
杜仲,小便,1,symptom_herb_tcm_mesh_long.txt
杜仲,小便余沥,1,symptom_herb_tcm_mesh_long.txt
杜仲,尿频,1,symptom_herb_tcm_mesh_long.txt
杜仲,崩漏,1,symptom_herb_tcm_mesh_cooccur.txt
杜仲,潮热,1,symptom_herb_tcm_mesh_cooccur.txt
杜仲,疲乏,1,symptom_herb_tcm_mesh_cooccur.txt
杜仲,白带,1,symptom_herb_tcm_mesh_cooccur.txt
杜仲,盗汗,1,symptom_herb_tcm_mesh_cooccur.txt
杜仲,经期延长,1,symptom_herb_tcm_mesh_cooccur.txt
杜仲,胎动不安,4,herb_symptom_db_knowledge.txt|herb_symptom_knowledge.txt|symptom_herb_tcm_mesh.txt|symptom_herb_tcm_mesh_cooccur.txt
杜仲,腰痛,3,symptom_herb_tcm_mesh.txt|symptom_herb_tcm_mesh_cooccur.txt|symptom_herb_tcm_mesh_long.txt
杜仲,阳痿,1,symptom_herb_tcm_mesh_long.txt
杜仲叶,头晕,4,herb_symptom_knowledge.txt|symptom_herb_tcm_mesh.txt|symptom_herb_tcm_mesh_cooccur.txt|symptom_herb_tcm_mesh_long.txt
杜仲叶,头晕目眩,1,symptom_herb_tcm_mesh_long.txt
杜仲叶,目眩,1,symptom_herb_tcm_mesh_long.txt
杜仲叶,筋骨痿软,1,symptom_herb_tcm_mesh_long.txt
杜鹃,咳嗽,1,symptom_herb_tcm_mesh_cooccur.txt
杜鹃,瘰疬,1,symptom_herb_tcm_mesh_cooccur.txt
杠板归,水肿,1,symptom_herb_tcm_mesh_long.txt
松塔,咳嗽,4,herb_symptom_knowledge.txt|symptom_herb_tcm_mesh.txt|symptom_herb_tcm_mesh_cooccur.txt|symptom_herb_tcm_mesh_long.txt
松节,四肢麻木,1,symptom_herb_tcm_mesh_cooccur.txt
松节,腹冷,1,symptom_herb_tcm_mesh_cooccur.txt
松节,腹痛,1,symptom_herb_tcm_mesh_cooccur.txt
松花粉,出血,1,symptom_herb_tcm_mesh_long.txt
松花粉,皮肤糜烂,3,herb_symptom_knowledge.txt|symptom_herb_tcm_mesh.txt|symptom_herb_tcm_mesh_cooccur.txt
松花粉,糜烂,1,symptom_herb_tcm_mesh_long.txt
松香,呕吐,1,symptom_herb_tcm_mesh_cooccur.txt
松香,牙痛,1,symptom_herb_tcm_mesh_cooccur.txt
松香,瘫痪,1,symptom_herb_tcm_mesh_cooccur.txt
松香,瘰疬,4,herb_symptom_db_knowledge.txt|herb_symptom_knowledge.txt|symptom_herb_tcm_mesh.txt|symptom_herb_tcm_mesh_cooccur.txt
松香,白带,4,herb_symptom_db_knowledge.txt|herb_symptom_knowledge.txt|symptom_herb_tcm_mesh.txt|symptom_herb_tcm_mesh_cooccur.txt
松香,食欲不振,1,symptom_herb_tcm_mesh_cooccur.txt
板蓝根,丹毒,4,herb_symptom_db_knowledge.txt|herb_symptom_knowledge.txt|symptom_herb_tcm_mesh.txt|symptom_herb_tcm_mesh_cooccur.txt
板蓝根,咳嗽,1,symptom_herb_tcm_mesh_cooccur.txt
板蓝根,头痛,5,herb_symptom_db_knowledge.txt|herb_symptom_knowledge.txt|symptom_herb_tcm_mesh.txt|symptom_herb_tcm_mesh_cooccur.txt|symptom_herb_tcm_mesh_long.txt
板蓝根,头胀,1,symptom_herb_tcm_mesh_cooccur.txt
板蓝根,恶寒,1,symptom_herb_tcm_mesh_cooccur.txt
板蓝根,痄腮,4,herb_symptom_db_knowledge.txt|herb_symptom_knowledge.txt|symptom_herb_tcm_mesh.txt|symptom_herb_tcm_mesh_cooccur.txt
板蓝根,神昏,1,symptom_herb_tcm_mesh_cooccur.txt
板蓝根,谵语,1,symptom_herb_tcm_mesh_cooccur.txt
板蓝根,高热,1,symptom_herb_tcm_mesh_long.txt
板蓝根,麻疹,4,herb_symptom_db_knowledge.txt|herb_symptom_knowledge.txt|symptom_herb_tcm_mesh.txt|symptom_herb_tcm_mesh_cooccur.txt
板蓝根,鼻塞,1,symptom_herb_tcm_mesh_cooccur.txt
枇杷,口渴,1,symptom_herb_tcm_mesh_cooccur.txt
枇杷,吐血,3,herb_symptom_knowledge.txt|symptom_herb_tcm_mesh.txt|symptom_herb_tcm_mesh_cooccur.txt
枇杷,吐血、衄血,1,symptom_herb_tcm_mesh_long.txt
枇杷,呃逆,1,symptom_herb_tcm_mesh_cooccur.txt
枇杷,咳嗽,4,herb_symptom_knowledge.txt|symptom_herb_tcm_mesh.txt|symptom_herb_tcm_mesh_cooccur.txt|symptom_herb_tcm_mesh_long.txt
枇杷,咽干,1,symptom_herb_tcm_mesh_cooccur.txt
枇杷,头痛,1,symptom_herb_tcm_mesh_cooccur.txt
枇杷,衄血,1,symptom_herb_tcm_mesh_long.txt
枇杷叶,口渴,3,symptom_herb_tcm_mesh.txt|symptom_herb_tcm_mesh_cooccur.txt|symptom_herb_tcm_mesh_long.txt
枇杷叶,呃逆,1,symptom_herb_tcm_mesh_cooccur.txt
枇杷叶,咳嗽,3,symptom_herb_tcm_mesh.txt|symptom_herb_tcm_mesh_cooccur.txt|symptom_herb_tcm_mesh_long.txt
枇杷叶,咳血,4,herb_symptom_db_knowledge.txt|herb_symptom_knowledge.txt|symptom_herb_tcm_mesh.txt|symptom_herb_tcm_mesh_cooccur.txt
枇杷叶,咽干,1,symptom_herb_tcm_mesh_cooccur.txt
枇杷叶,头痛,1,symptom_herb_tcm_mesh_cooccur.txt
枇杷叶,烦热,1,symptom_herb_tcm_mesh_long.txt
枇杷叶,烦热口渴,1,symptom_herb_tcm_mesh_long.txt
枇杷叶,衄血,1,symptom_herb_tcm_mesh_long.txt
枫香脂,健忘,1,symptom_herb_tcm_mesh_cooccur.txt
枫香脂,出血,1,symptom_herb_tcm_mesh_long.txt
枫香脂,吐血,4,herb_symptom_db_knowledge.txt|herb_symptom_knowledge.txt|symptom_herb_tcm_mesh.txt|symptom_herb_tcm_mesh_cooccur.txt
枫香脂,吐血、衄血,1,symptom_herb_tcm_mesh_long.txt
枫香脂,心悸,1,symptom_herb_tcm_mesh_cooccur.txt
枫香脂,瘫痪,1,herb_symptom_db_knowledge.txt
枫香脂,瘰疬,2,herb_symptom_db_knowledge.txt|symptom_herb_tcm_mesh_cooccur.txt
枫香脂,皮肤皲裂,1,herb_symptom_db_knowledge.txt
枫香脂,胸闷,1,symptom_herb_tcm_mesh_cooccur.txt
枫香脂,衄血,1,symptom_herb_tcm_mesh_long.txt
枳壳,便血,1,symptom_herb_tcm_mesh_cooccur.txt
枳壳,关节疼痛,1,symptom_herb_tcm_mesh_cooccur.txt
枳壳,半身不遂,1,symptom_herb_tcm_mesh_cooccur.txt
枳壳,口苦,1,symptom_herb_tcm_mesh_cooccur.txt
枳壳,呕吐,1,symptom_herb_tcm_mesh_cooccur.txt
枳壳,咳嗽,1,symptom_herb_tcm_mesh_cooccur.txt
枳壳,咳血,1,symptom_herb_tcm_mesh_cooccur.txt
枳壳,壮热,1,symptom_herb_tcm_mesh_cooccur.txt
枳壳,大便秘结,1,symptom_herb_tcm_mesh_cooccur.txt
枳壳,头痛,1,symptom_herb_tcm_mesh_cooccur.txt
枳壳,小便不利,1,symptom_herb_tcm_mesh_cooccur.txt
枳壳,小便清长,1,symptom_herb_tcm_mesh_cooccur.txt
枳壳,小儿痞块,1,symptom_herb_tcm_mesh_cooccur.txt
枳壳,干呕,1,symptom_herb_tcm_mesh_cooccur.txt
枳壳,急惊,1,symptom_herb_tcm_mesh_cooccur.txt
枳壳,恶寒,1,symptom_herb_tcm_mesh_cooccur.txt
枳壳,恶寒发热,1,symptom_herb_tcm_mesh_cooccur.txt
枳壳,恶心,1,symptom_herb_tcm_mesh_cooccur.txt
枳壳,慢惊,1,symptom_herb_tcm_mesh_cooccur.txt
枳壳,无汗,1,symptom_herb_tcm_mesh_cooccur.txt
枳壳,烦躁,1,symptom_herb_tcm_mesh_cooccur.txt
枳壳,疼痛,1,symptom_herb_tcm_mesh_long.txt
枳壳,痫,1,symptom_herb_tcm_mesh_cooccur.txt
枳壳,积滞,1,symptom_herb_tcm_mesh_cooccur.txt
枳壳,耳聋,1,symptom_herb_tcm_mesh_cooccur.txt
枳壳,胎位不正,1,symptom_herb_tcm_mesh_cooccur.txt
枳壳,胎动不安,1,symptom_herb_tcm_mesh_cooccur.txt
枳壳,胸痛,1,symptom_herb_tcm_mesh_cooccur.txt
枳壳,胸闷,1,symptom_herb_tcm_mesh_cooccur.txt
枳壳,脱肛,5,herb_symptom_db_knowledge.txt|herb_symptom_knowledge.txt|symptom_herb_tcm_mesh.txt|symptom_herb_tcm_mesh_cooccur.txt|symptom_herb_tcm_mesh_long.txt
枳壳,腹泻,1,symptom_herb_tcm_mesh_cooccur.txt
枳壳,腹痛,1,symptom_herb_tcm_mesh_cooccur.txt
枳壳,舌苔白,1,symptom_herb_tcm_mesh_cooccur.txt
枳壳,身痛,1,symptom_herb_tcm_mesh_cooccur.txt
枳壳,里急后重,1,symptom_herb_tcm_mesh_cooccur.txt
枳壳,项强,1,symptom_herb_tcm_mesh_cooccur.txt
枳壳,麻疹,1,symptom_herb_tcm_mesh_cooccur.txt
枳壳,鼻塞,1,symptom_herb_tcm_mesh_cooccur.txt
枳实,产后腹痛,1,symptom_herb_tcm_mesh_cooccur.txt
枳实,便秘,1,symptom_herb_tcm_mesh_long.txt
枳实,呃逆,1,symptom_herb_tcm_mesh_cooccur.txt
枳实,呕吐,1,symptom_herb_tcm_mesh_cooccur.txt
枳实,咳嗽,1,symptom_herb_tcm_mesh_cooccur.txt
枳实,咽干,1,symptom_herb_tcm_mesh_cooccur.txt
枳实,大便,1,symptom_herb_tcm_mesh_long.txt
枳实,大便不通,1,symptom_herb_tcm_mesh_long.txt
枳实,大便溏,1,symptom_herb_tcm_mesh_cooccur.txt
枳实,大便秘,1,symptom_herb_tcm_mesh_long.txt
枳实,大便秘结,5,herb_symptom_db_knowledge.txt|herb_symptom_knowledge.txt|symptom_herb_tcm_mesh.txt|symptom_herb_tcm_mesh_cooccur.txt|symptom_herb_tcm_mesh_long.txt
枳实,小便频数,1,symptom_herb_tcm_mesh_cooccur.txt
枳实,急惊,1,symptom_herb_tcm_mesh_cooccur.txt
枳实,潮热,1,symptom_herb_tcm_mesh_cooccur.txt
枳实,烦躁,1,symptom_herb_tcm_mesh_cooccur.txt
枳实,痫,1,symptom_herb_tcm_mesh_cooccur.txt
枳实,积滞,4,herb_symptom_db_knowledge.txt|herb_symptom_knowledge.txt|symptom_herb_tcm_mesh.txt|symptom_herb_tcm_mesh_cooccur.txt
枳实,胁痛,1,symptom_herb_tcm_mesh_cooccur.txt
枳实,胸闷,1,symptom_herb_tcm_mesh_cooccur.txt
枳实,脱肛,5,herb_symptom_db_knowledge.txt|herb_symptom_knowledge.txt|symptom_herb_tcm_mesh.txt|symptom_herb_tcm_mesh_cooccur.txt|symptom_herb_tcm_mesh_long.txt
枳实,腹满,1,symptom_herb_tcm_mesh_cooccur.txt
枳实,腹痛,1,symptom_herb_tcm_mesh_cooccur.txt
枳实,舌强,1,symptom_herb_tcm_mesh_cooccur.txt
枳实,谵语,1,symptom_herb_tcm_mesh_cooccur.txt
枳实,里急后重,1,symptom_herb_tcm_mesh_cooccur.txt
枳实,食欲不振,1,symptom_herb_tcm_mesh_cooccur.txt
枸杞子,健忘,1,symptom_herb_tcm_mesh_cooccur.txt
枸杞子,关节疼痛,1,symptom_herb_tcm_mesh_cooccur.txt
枸杞子,半身不遂,1,symptom_herb_tcm_mesh_cooccur.txt
枸杞子,咳嗽,5,herb_symptom_db_knowledge.txt|herb_symptom_knowledge.txt|symptom_herb_tcm_mesh.txt|symptom_herb_tcm_mesh_cooccur.txt|symptom_herb_tcm_mesh_long.txt
枸杞子,头晕,5,herb_symptom_db_knowledge.txt|herb_symptom_knowledge.txt|symptom_herb_tcm_mesh.txt|symptom_herb_tcm_mesh_cooccur.txt|symptom_herb_tcm_mesh_long.txt
枸杞子,头晕目眩,1,symptom_herb_tcm_mesh_long.txt
枸杞子,尿后余沥,1,symptom_herb_tcm_mesh_cooccur.txt
枸杞子,崩漏,1,symptom_herb_tcm_mesh_cooccur.txt
枸杞子,心悸,1,symptom_herb_tcm_mesh_cooccur.txt
枸杞子,漏下,1,symptom_herb_tcm_mesh_cooccur.txt
枸杞子,潮热,1,symptom_herb_tcm_mesh_cooccur.txt
枸杞子,疲乏,1,symptom_herb_tcm_mesh_cooccur.txt
枸杞子,白带,1,symptom_herb_tcm_mesh_cooccur.txt
枸杞子,盗汗,1,symptom_herb_tcm_mesh_cooccur.txt
枸杞子,目昏,2,symptom_herb_tcm_mesh.txt|symptom_herb_tcm_mesh_cooccur.txt
枸杞子,目眩,1,symptom_herb_tcm_mesh_long.txt
枸杞子,眩晕,1,symptom_herb_tcm_mesh_long.txt
枸杞子,眩晕耳鸣,1,symptom_herb_tcm_mesh_long.txt
枸杞子,耳聋,1,symptom_herb_tcm_mesh_cooccur.txt
枸杞子,耳鸣,1,symptom_herb_tcm_mesh_long.txt
枸杞子,胁痛,1,symptom_herb_tcm_mesh_cooccur.txt
枸杞子,背痛,1,symptom_herb_tcm_mesh_cooccur.txt
枸杞子,腰痛,1,symptom_herb_tcm_mesh_cooccur.txt
枸杞子,腰膝酸软,1,symptom_herb_tcm_mesh_long.txt
枸杞子,腹痛,1,symptom_herb_tcm_mesh_cooccur.txt
枸杞子,赤白带,1,symptom_herb_tcm_mesh_cooccur.txt
枸杞子,闭经,1,symptom_herb_tcm_mesh_cooccur.txt
枸杞子,阳痿,1,symptom_herb_tcm_mesh_long.txt
枸杞子,须发早白,1,symptom_herb_tcm_mesh_cooccur.txt
枸橘,便秘,1,symptom_herb_tcm_mesh_long.txt
枸橘,疼痛,1,symptom_herb_tcm_mesh_long.txt
枸橘,胁胀,1,symptom_herb_tcm_mesh_long.txt
枸橘,胸胁胀满,1,symptom_herb_tcm_mesh_long.txt
枸橘,胸腹胀满,1,symptom_herb_tcm_mesh_long.txt
枸橘,脘腹胀痛,1,symptom_herb_tcm_mesh_long.txt
枸橘,腹胀,1,symptom_herb_tcm_mesh_long.txt
枸骨叶,咳血,3,herb_symptom_knowledge.txt|symptom_herb_tcm_mesh.txt|symptom_herb_tcm_mesh_cooccur.txt
枸骨叶,头晕,4,herb_symptom_knowledge.txt|symptom_herb_tcm_mesh.txt|symptom_herb_tcm_mesh_cooccur.txt|symptom_herb_tcm_mesh_long.txt
枸骨叶,头晕目眩,1,symptom_herb_tcm_mesh_long.txt
枸骨叶,潮热,4,herb_symptom_knowledge.txt|symptom_herb_tcm_mesh.txt|symptom_herb_tcm_mesh_cooccur.txt|symptom_herb_tcm_mesh_long.txt
枸骨叶,目眩,1,symptom_herb_tcm_mesh_long.txt
柏子仁,便秘,1,symptom_herb_tcm_mesh_long.txt
柏子仁,健忘,5,herb_symptom_db_knowledge.txt|herb_symptom_knowledge.txt|symptom_herb_tcm_mesh.txt|symptom_herb_tcm_mesh_cooccur.txt|symptom_herb_tcm_mesh_long.txt
柏子仁,多梦,1,symptom_herb_tcm_mesh_cooccur.txt
柏子仁,失眠,1,symptom_herb_tcm_mesh_long.txt
柏子仁,失眠健忘,1,symptom_herb_tcm_mesh_long.txt
柏子仁,心悸,3,symptom_herb_tcm_mesh.txt|symptom_herb_tcm_mesh_cooccur.txt|symptom_herb_tcm_mesh_long.txt
柏子仁,心悸怔忡,1,symptom_herb_tcm_mesh_long.txt
柏子仁,怔忡,1,symptom_herb_tcm_mesh_long.txt
柏子仁,盗汗,5,herb_symptom_db_knowledge.txt|herb_symptom_knowledge.txt|symptom_herb_tcm_mesh.txt|symptom_herb_tcm_mesh_cooccur.txt|symptom_herb_tcm_mesh_long.txt
柚,咳嗽,1,symptom_herb_tcm_mesh_cooccur.txt
柚,喉痒,1,symptom_herb_tcm_mesh_cooccur.txt
柚,积滞,1,herb_symptom_db_knowledge.txt
柚,胃痛,3,herb_symptom_knowledge.txt|symptom_herb_tcm_mesh.txt|symptom_herb_tcm_mesh_cooccur.txt
柚,食欲不振,1,herb_symptom_db_knowledge.txt
柠檬,呕吐,1,herb_symptom_db_knowledge.txt
柠檬,咳嗽,1,herb_symptom_db_knowledge.txt
柠檬,妊娠呕吐,1,herb_symptom_db_knowledge.txt
柠檬,胃痛,3,herb_symptom_knowledge.txt|symptom_herb_tcm_mesh.txt|symptom_herb_tcm_mesh_cooccur.txt
柠檬,食欲不振,1,herb_symptom_db_knowledge.txt
柴胡,丹毒,1,symptom_herb_tcm_mesh_cooccur.txt
柴胡,低热,1,symptom_herb_tcm_mesh_cooccur.txt
柴胡,发热,1,symptom_herb_tcm_mesh_long.txt
柴胡,口渴,1,symptom_herb_tcm_mesh_cooccur.txt
柴胡,呃逆,1,symptom_herb_tcm_mesh_cooccur.txt
柴胡,呕吐,1,symptom_herb_tcm_mesh_cooccur.txt
柴胡,咳嗽,1,symptom_herb_tcm_mesh_cooccur.txt
柴胡,咽干,1,symptom_herb_tcm_mesh_cooccur.txt
柴胡,壮热,1,symptom_herb_tcm_mesh_cooccur.txt
柴胡,头晕,1,symptom_herb_tcm_mesh_cooccur.txt
柴胡,头痛,5,herb_symptom_db_knowledge.txt|herb_symptom_knowledge.txt|symptom_herb_tcm_mesh.txt|symptom_herb_tcm_mesh_cooccur.txt|symptom_herb_tcm_mesh_long.txt
柴胡,头眩,1,symptom_herb_tcm_mesh_long.txt
柴胡,寒热,1,symptom_herb_tcm_mesh_long.txt
柴胡,寒热往来,5,herb_symptom_db_knowledge.txt|herb_symptom_knowledge.txt|symptom_herb_tcm_mesh.txt|symptom_herb_tcm_mesh_cooccur.txt|symptom_herb_tcm_mesh_long.txt
柴胡,少气,1,symptom_herb_tcm_mesh_cooccur.txt
柴胡,崩漏,1,symptom_herb_tcm_mesh_cooccur.txt
柴胡,恶寒,1,symptom_herb_tcm_mesh_cooccur.txt
柴胡,慢惊,1,symptom_herb_tcm_mesh_cooccur.txt
柴胡,无汗,1,symptom_herb_tcm_mesh_cooccur.txt
柴胡,月经不调,1,symptom_herb_tcm_mesh_long.txt
柴胡,流泪,1,symptom_herb_tcm_mesh_cooccur.txt
柴胡,消瘦,1,symptom_herb_tcm_mesh_cooccur.txt
柴胡,潮热,1,symptom_herb_tcm_mesh_cooccur.txt
柴胡,烦躁,1,symptom_herb_tcm_mesh_cooccur.txt
柴胡,疲乏,1,symptom_herb_tcm_mesh_cooccur.txt
柴胡,痄腮,1,symptom_herb_tcm_mesh_cooccur.txt
柴胡,痫,1,symptom_herb_tcm_mesh_cooccur.txt
柴胡,白带,1,symptom_herb_tcm_mesh_cooccur.txt
柴胡,耳聋,1,symptom_herb_tcm_mesh_cooccur.txt
柴胡,胁痛,5,herb_symptom_db_knowledge.txt|herb_symptom_knowledge.txt|symptom_herb_tcm_mesh.txt|symptom_herb_tcm_mesh_cooccur.txt|symptom_herb_tcm_mesh_long.txt
柴胡,胁胀,1,symptom_herb_tcm_mesh_long.txt
柴胡,胃痛,1,symptom_herb_tcm_mesh_cooccur.txt
柴胡,胬肉攀睛,1,symptom_herb_tcm_mesh_cooccur.txt
柴胡,胸痛,1,symptom_herb_tcm_mesh_cooccur.txt
柴胡,胸胁胀痛,1,symptom_herb_tcm_mesh_long.txt
柴胡,脱肛,5,herb_symptom_db_knowledge.txt|herb_symptom_knowledge.txt|symptom_herb_tcm_mesh.txt|symptom_herb_tcm_mesh_cooccur.txt|symptom_herb_tcm_mesh_long.txt
柴胡,腹痛,1,symptom_herb_tcm_mesh_cooccur.txt
柴胡,舌苔白,1,symptom_herb_tcm_mesh_cooccur.txt
柴胡,身痛,1,symptom_herb_tcm_mesh_cooccur.txt
柴胡,闭经,1,symptom_herb_tcm_mesh_cooccur.txt
柴胡,阴挺,1,symptom_herb_tcm_mesh_cooccur.txt
柴胡,项强,1,symptom_herb_tcm_mesh_cooccur.txt
柴胡,食欲不振,1,symptom_herb_tcm_mesh_cooccur.txt
柴胡,鼻塞,1,symptom_herb_tcm_mesh_cooccur.txt
柽柳,皮肤瘙痒,1,herb_symptom_db_knowledge.txt
柽柳,麻疹,4,herb_symptom_db_knowledge.txt|herb_symptom_knowledge.txt|symptom_herb_tcm_mesh.txt|symptom_herb_tcm_mesh_cooccur.txt
柿蒂,反胃,5,herb_symptom_db_knowledge.txt|herb_symptom_knowledge.txt|symptom_herb_tcm_mesh.txt|symptom_herb_tcm_mesh_cooccur.txt|symptom_herb_tcm_mesh_long.txt
柿蒂,呃逆,4,herb_symptom_db_knowledge.txt|herb_symptom_knowledge.txt|symptom_herb_tcm_mesh.txt|symptom_herb_tcm_mesh_cooccur.txt
柿霜,口舌生疮,1,symptom_herb_tcm_mesh_long.txt
柿霜,吐血,4,herb_symptom_db_knowledge.txt|herb_symptom_knowledge.txt|symptom_herb_tcm_mesh.txt|symptom_herb_tcm_mesh_cooccur.txt
柿霜,咽干,5,herb_symptom_db_knowledge.txt|herb_symptom_knowledge.txt|symptom_herb_tcm_mesh.txt|symptom_herb_tcm_mesh_cooccur.txt|symptom_herb_tcm_mesh_long.txt
栀子,便血,1,symptom_herb_tcm_mesh_cooccur.txt
栀子,关节疼痛,1,symptom_herb_tcm_mesh_cooccur.txt
栀子,半身不遂,1,symptom_herb_tcm_mesh_cooccur.txt
栀子,发黄,1,symptom_herb_tcm_mesh_cooccur.txt
栀子,口舌生疮,1,symptom_herb_tcm_mesh_long.txt
栀子,口苦,1,symptom_herb_tcm_mesh_cooccur.txt
栀子,吐血,1,symptom_herb_tcm_mesh_cooccur.txt
栀子,吞酸,1,symptom_herb_tcm_mesh_cooccur.txt
栀子,呕吐,1,symptom_herb_tcm_mesh_cooccur.txt
栀子,咳嗽,1,symptom_herb_tcm_mesh_cooccur.txt
栀子,咳血,1,symptom_herb_tcm_mesh_cooccur.txt
栀子,咽干,1,symptom_herb_tcm_mesh_cooccur.txt
栀子,嗳气,1,symptom_herb_tcm_mesh_cooccur.txt
栀子,嘈杂,1,symptom_herb_tcm_mesh_cooccur.txt
栀子,壮热,1,symptom_herb_tcm_mesh_cooccur.txt
栀子,大便秘结,1,symptom_herb_tcm_mesh_cooccur.txt
栀子,头晕,1,symptom_herb_tcm_mesh_cooccur.txt
栀子,头汗,1,symptom_herb_tcm_mesh_cooccur.txt
栀子,头痛,5,herb_symptom_db_knowledge.txt|herb_symptom_knowledge.txt|symptom_herb_tcm_mesh.txt|symptom_herb_tcm_mesh_cooccur.txt|symptom_herb_tcm_mesh_long.txt
栀子,小便不利,1,symptom_herb_tcm_mesh_cooccur.txt
栀子,小便频数,1,symptom_herb_tcm_mesh_cooccur.txt
栀子,小便黄赤,1,symptom_herb_tcm_mesh_cooccur.txt
栀子,尿血,5,herb_symptom_db_knowledge.txt|herb_symptom_knowledge.txt|symptom_herb_tcm_mesh.txt|symptom_herb_tcm_mesh_cooccur.txt|symptom_herb_tcm_mesh_long.txt
栀子,尿赤,1,symptom_herb_tcm_mesh_long.txt
栀子,崩漏,3,symptom_herb_tcm_mesh.txt|symptom_herb_tcm_mesh_cooccur.txt|symptom_herb_tcm_mesh_long.txt
栀子,心烦,5,herb_symptom_db_knowledge.txt|herb_symptom_knowledge.txt|symptom_herb_tcm_mesh.txt|symptom_herb_tcm_mesh_cooccur.txt|symptom_herb_tcm_mesh_long.txt
栀子,恶寒,1,symptom_herb_tcm_mesh_cooccur.txt
栀子,恶心,1,symptom_herb_tcm_mesh_cooccur.txt
栀子,烦躁,1,symptom_herb_tcm_mesh_cooccur.txt
栀子,牙龈肿痛,1,symptom_herb_tcm_mesh_cooccur.txt
栀子,目赤,1,symptom_herb_tcm_mesh_long.txt
栀子,神昏,1,symptom_herb_tcm_mesh_cooccur.txt
栀子,耳聋,1,symptom_herb_tcm_mesh_cooccur.txt
栀子,胁痛,1,symptom_herb_tcm_mesh_cooccur.txt
栀子,腹痛,1,symptom_herb_tcm_mesh_cooccur.txt
栀子,衄血,1,symptom_herb_tcm_mesh_long.txt
栀子,谵语,1,symptom_herb_tcm_mesh_cooccur.txt
栀子,鼻塞,1,symptom_herb_tcm_mesh_cooccur.txt
核桃仁,便秘,1,symptom_herb_tcm_mesh_long.txt
核桃仁,大便,1,symptom_herb_tcm_mesh_long.txt
核桃仁,大便秘,1,symptom_herb_tcm_mesh_long.txt
核桃仁,大便秘结,4,herb_symptom_knowledge.txt|symptom_herb_tcm_mesh.txt|symptom_herb_tcm_mesh_cooccur.txt|symptom_herb_tcm_mesh_long.txt
核桃仁,腰痛,1,symptom_herb_tcm_mesh_cooccur.txt
核桃仁,腰膝酸软,1,symptom_herb_tcm_mesh_long.txt
核桃仁,遗精,1,symptom_herb_tcm_mesh_long.txt
核桃仁,阳痿,1,symptom_herb_tcm_mesh_long.txt
核桃仁,阳痿遗精,1,symptom_herb_tcm_mesh_long.txt
桂枝,关节疼痛,1,symptom_herb_tcm_mesh_cooccur.txt
桂枝,吞酸,1,symptom_herb_tcm_mesh_cooccur.txt
桂枝,呕吐,1,symptom_herb_tcm_mesh_cooccur.txt
桂枝,咳嗽,1,symptom_herb_tcm_mesh_cooccur.txt
桂枝,咳痰,1,symptom_herb_tcm_mesh_cooccur.txt
桂枝,咽干,1,symptom_herb_tcm_mesh_cooccur.txt
桂枝,嘈杂,1,symptom_herb_tcm_mesh_cooccur.txt
桂枝,四肢,1,symptom_herb_tcm_mesh_long.txt
桂枝,四肢厥冷,1,symptom_herb_tcm_mesh_long.txt
桂枝,四肢麻木,1,symptom_herb_tcm_mesh_cooccur.txt
桂枝,头痛,1,symptom_herb_tcm_mesh_cooccur.txt
桂枝,小便,1,symptom_herb_tcm_mesh_long.txt
桂枝,小便不利,5,herb_symptom_db_knowledge.txt|herb_symptom_knowledge.txt|symptom_herb_tcm_mesh.txt|symptom_herb_tcm_mesh_cooccur.txt|symptom_herb_tcm_mesh_long.txt
桂枝,少气,1,symptom_herb_tcm_mesh_cooccur.txt
桂枝,心悸,5,herb_symptom_db_knowledge.txt|herb_symptom_knowledge.txt|symptom_herb_tcm_mesh.txt|symptom_herb_tcm_mesh_cooccur.txt|symptom_herb_tcm_mesh_long.txt
桂枝,恶寒,1,symptom_herb_tcm_mesh_cooccur.txt
桂枝,恶寒发热,1,symptom_herb_tcm_mesh_cooccur.txt
桂枝,恶风,1,symptom_herb_tcm_mesh_cooccur.txt
桂枝,无汗,1,symptom_herb_tcm_mesh_cooccur.txt
桂枝,水肿,1,symptom_herb_tcm_mesh_long.txt
桂枝,烦躁,1,symptom_herb_tcm_mesh_cooccur.txt
桂枝,畏寒,1,symptom_herb_tcm_mesh_cooccur.txt
桂枝,痫,1,symptom_herb_tcm_mesh_cooccur.txt
桂枝,瘰疬,1,symptom_herb_tcm_mesh_cooccur.txt
桂枝,盗汗,1,symptom_herb_tcm_mesh_cooccur.txt
桂枝,短气,1,symptom_herb_tcm_mesh_cooccur.txt
桂枝,脘腹冷痛,1,symptom_herb_tcm_mesh_long.txt
桂枝,腹冷,3,symptom_herb_tcm_mesh.txt|symptom_herb_tcm_mesh_cooccur.txt|symptom_herb_tcm_mesh_long.txt
桂枝,腹泻,1,symptom_herb_tcm_mesh_cooccur.txt
桂枝,腹满,1,symptom_herb_tcm_mesh_cooccur.txt
桂枝,腹痛,1,symptom_herb_tcm_mesh_cooccur.txt
桂枝,自汗,1,symptom_herb_tcm_mesh_cooccur.txt
桂枝,闭经,1,symptom_herb_tcm_mesh_cooccur.txt
桂枝,项强,1,symptom_herb_tcm_mesh_cooccur.txt
桂枝,鼻塞,1,symptom_herb_tcm_mesh_cooccur.txt
桂皮,半身不遂,1,symptom_herb_tcm_mesh_cooccur.txt
桂皮,呕吐,5,herb_symptom_db_knowledge.txt|herb_symptom_knowledge.txt|symptom_herb_tcm_mesh.txt|symptom_herb_tcm_mesh_cooccur.txt|symptom_herb_tcm_mesh_long.txt
桂皮,噎膈,3,herb_symptom_knowledge.txt|symptom_herb_tcm_mesh.txt|symptom_herb_tcm_mesh_cooccur.txt
桂皮,胸满,1,symptom_herb_tcm_mesh_long.txt
桂皮,腹冷,5,herb_symptom_db_knowledge.txt|herb_symptom_knowledge.txt|symptom_herb_tcm_mesh.txt|symptom_herb_tcm_mesh_cooccur.txt|symptom_herb_tcm_mesh_long.txt
桂皮,腹痛,1,herb_symptom_db_knowledge.txt
桃,不孕,1,symptom_herb_tcm_mesh_cooccur.txt
桃,丹毒,1,symptom_herb_tcm_mesh_cooccur.txt
桃,产后眩晕,1,symptom_herb_tcm_mesh_cooccur.txt
桃,半身不遂,1,symptom_herb_tcm_mesh_cooccur.txt
桃,发狂,1,symptom_herb_tcm_mesh_cooccur.txt
桃,口苦,1,symptom_herb_tcm_mesh_cooccur.txt
桃,吐血,1,symptom_herb_tcm_mesh_cooccur.txt
桃,呃逆,1,symptom_herb_tcm_mesh_cooccur.txt
桃,呕吐,1,symptom_herb_tcm_mesh_cooccur.txt
桃,咳嗽,1,symptom_herb_tcm_mesh_cooccur.txt
桃,咽干,1,symptom_herb_tcm_mesh_cooccur.txt
桃,大便秘结,1,symptom_herb_tcm_mesh_cooccur.txt
桃,头痛,1,symptom_herb_tcm_mesh_cooccur.txt
桃,小便不利,1,symptom_herb_tcm_mesh_cooccur.txt
桃,小儿痞块,1,symptom_herb_tcm_mesh_cooccur.txt
桃,心悸,1,symptom_herb_tcm_mesh_cooccur.txt
桃,浮肿,1,symptom_herb_tcm_mesh_cooccur.txt
桃,潮热,1,symptom_herb_tcm_mesh_cooccur.txt
桃,牙痛,1,symptom_herb_tcm_mesh_cooccur.txt
桃,疲乏,1,symptom_herb_tcm_mesh_cooccur.txt
桃,痫,1,symptom_herb_tcm_mesh_cooccur.txt
桃,皮肤瘙痒,1,symptom_herb_tcm_mesh_cooccur.txt
桃,胃痛,1,symptom_herb_tcm_mesh_cooccur.txt
桃,胸痛,1,symptom_herb_tcm_mesh_cooccur.txt
桃,腰痛,1,symptom_herb_tcm_mesh_cooccur.txt
桃,腹冷,1,symptom_herb_tcm_mesh_cooccur.txt
桃,腹泻,1,symptom_herb_tcm_mesh_cooccur.txt
桃,腹痛,1,symptom_herb_tcm_mesh_cooccur.txt
桃,闭经,1,symptom_herb_tcm_mesh_cooccur.txt
桃,难产,1,symptom_herb_tcm_mesh_cooccur.txt
桃,麻疹,1,symptom_herb_tcm_mesh_cooccur.txt
桃仁,不孕,1,symptom_herb_tcm_mesh_cooccur.txt
桃仁,产后眩晕,1,symptom_herb_tcm_mesh_cooccur.txt
桃仁,便秘,1,symptom_herb_tcm_mesh_long.txt
桃仁,半身不遂,1,symptom_herb_tcm_mesh_cooccur.txt
桃仁,发狂,1,symptom_herb_tcm_mesh_cooccur.txt
桃仁,头痛,1,symptom_herb_tcm_mesh_cooccur.txt
桃仁,小儿痞块,1,symptom_herb_tcm_mesh_cooccur.txt
桃仁,潮热,1,symptom_herb_tcm_mesh_cooccur.txt
桃仁,疲乏,1,symptom_herb_tcm_mesh_cooccur.txt
桃仁,胸痛,1,symptom_herb_tcm_mesh_cooccur.txt
桃仁,腰痛,1,symptom_herb_tcm_mesh_cooccur.txt
桃仁,腹痛,1,symptom_herb_tcm_mesh_cooccur.txt
桃仁,闭经,1,symptom_herb_tcm_mesh_cooccur.txt
桉油,瘙痒,1,symptom_herb_tcm_mesh_long.txt
桉油,皮肤瘙痒,4,herb_symptom_knowledge.txt|symptom_herb_tcm_mesh.txt|symptom_herb_tcm_mesh_cooccur.txt|symptom_herb_tcm_mesh_long.txt
桑,关节疼痛,1,symptom_herb_tcm_mesh_cooccur.txt
桑,口渴,1,symptom_herb_tcm_mesh_cooccur.txt
桑,呃逆,1,symptom_herb_tcm_mesh_cooccur.txt
桑,呕吐,1,symptom_herb_tcm_mesh_cooccur.txt
桑,咳嗽,1,symptom_herb_tcm_mesh_cooccur.txt
桑,咳血,1,symptom_herb_tcm_mesh_cooccur.txt
桑,四肢麻木,1,symptom_herb_tcm_mesh_cooccur.txt
桑,夏季热,1,symptom_herb_tcm_mesh_cooccur.txt
桑,头晕,1,symptom_herb_tcm_mesh_cooccur.txt
桑,头痛,1,symptom_herb_tcm_mesh_cooccur.txt
桑,小便不利,1,symptom_herb_tcm_mesh_cooccur.txt
桑,小便频数,1,symptom_herb_tcm_mesh_cooccur.txt
桑,崩漏,1,symptom_herb_tcm_mesh_cooccur.txt
桑,心悸,1,symptom_herb_tcm_mesh_cooccur.txt
桑,浮肿,1,symptom_herb_tcm_mesh_cooccur.txt
桑,烦躁,1,symptom_herb_tcm_mesh_cooccur.txt
桑,盗汗,1,symptom_herb_tcm_mesh_cooccur.txt
桑,目昏,1,symptom_herb_tcm_mesh_cooccur.txt
桑,胎动不安,1,symptom_herb_tcm_mesh_cooccur.txt
桑,腹痛,1,symptom_herb_tcm_mesh_cooccur.txt
桑,须发早白,1,symptom_herb_tcm_mesh_cooccur.txt
桑,鼻塞,1,symptom_herb_tcm_mesh_cooccur.txt
桑叶,初起,1,symptom_herb_tcm_mesh_long.txt
桑叶,发热,1,symptom_herb_tcm_mesh_long.txt
桑叶,发热头痛,1,symptom_herb_tcm_mesh_long.txt
桑叶,口渴,5,herb_symptom_db_knowledge.txt|herb_symptom_knowledge.txt|symptom_herb_tcm_mesh.txt|symptom_herb_tcm_mesh_cooccur.txt|symptom_herb_tcm_mesh_long.txt
桑叶,呃逆,1,symptom_herb_tcm_mesh_cooccur.txt
桑叶,呕吐,1,symptom_herb_tcm_mesh_cooccur.txt
桑叶,咳嗽,5,herb_symptom_db_knowledge.txt|herb_symptom_knowledge.txt|symptom_herb_tcm_mesh.txt|symptom_herb_tcm_mesh_cooccur.txt|symptom_herb_tcm_mesh_long.txt
桑叶,咳嗽胸痛,1,symptom_herb_tcm_mesh_long.txt
桑叶,咳血,1,symptom_herb_tcm_mesh_cooccur.txt
桑叶,咽干,5,herb_symptom_db_knowledge.txt|herb_symptom_knowledge.txt|symptom_herb_tcm_mesh.txt|symptom_herb_tcm_mesh_cooccur.txt|symptom_herb_tcm_mesh_long.txt
桑叶,夏季热,1,symptom_herb_tcm_mesh_cooccur.txt
桑叶,头晕,3,symptom_herb_tcm_mesh.txt|symptom_herb_tcm_mesh_cooccur.txt|symptom_herb_tcm_mesh_long.txt
桑叶,头晕头痛,1,symptom_herb_tcm_mesh_long.txt
桑叶,头痛,5,herb_symptom_db_knowledge.txt|herb_symptom_knowledge.txt|symptom_herb_tcm_mesh.txt|symptom_herb_tcm_mesh_cooccur.txt|symptom_herb_tcm_mesh_long.txt
桑叶,干咳无痰,1,symptom_herb_tcm_mesh_long.txt
桑叶,恶风,5,herb_symptom_db_knowledge.txt|herb_symptom_knowledge.txt|symptom_herb_tcm_mesh.txt|symptom_herb_tcm_mesh_cooccur.txt|symptom_herb_tcm_mesh_long.txt
桑叶,汗出,1,symptom_herb_tcm_mesh_long.txt
桑叶,汗出恶风,1,symptom_herb_tcm_mesh_long.txt
桑叶,烦躁,1,symptom_herb_tcm_mesh_cooccur.txt
桑叶,目赤,1,symptom_herb_tcm_mesh_long.txt
桑叶,胸痛,5,herb_symptom_db_knowledge.txt|herb_symptom_knowledge.txt|symptom_herb_tcm_mesh.txt|symptom_herb_tcm_mesh_cooccur.txt|symptom_herb_tcm_mesh_long.txt
桑叶,须发早白,1,symptom_herb_tcm_mesh_cooccur.txt
桑寄生,关节疼痛,1,symptom_herb_tcm_mesh_cooccur.txt
桑寄生,四肢麻木,1,symptom_herb_tcm_mesh_cooccur.txt
桑寄生,崩漏,5,herb_symptom_db_knowledge.txt|herb_symptom_knowledge.txt|symptom_herb_tcm_mesh.txt|symptom_herb_tcm_mesh_cooccur.txt|symptom_herb_tcm_mesh_long.txt
桑寄生,漏下,4,herb_symptom_db_knowledge.txt|herb_symptom_knowledge.txt|symptom_herb_tcm_mesh.txt|symptom_herb_tcm_mesh_cooccur.txt
桑寄生,目眩,1,symptom_herb_tcm_mesh_long.txt
桑寄生,胎动不安,4,herb_symptom_db_knowledge.txt|herb_symptom_knowledge.txt|symptom_herb_tcm_mesh.txt|symptom_herb_tcm_mesh_cooccur.txt
桑寄生,腰膝酸软,1,symptom_herb_tcm_mesh_long.txt
桑寄生,腹痛,1,symptom_herb_tcm_mesh_cooccur.txt
桑枝,半身不遂,5,herb_symptom_db_knowledge.txt|herb_symptom_knowledge.txt|symptom_herb_tcm_mesh.txt|symptom_herb_tcm_mesh_cooccur.txt|symptom_herb_tcm_mesh_long.txt
桑枝,水肿,1,symptom_herb_tcm_mesh_long.txt
桑枝,麻木,1,symptom_herb_tcm_mesh_long.txt
桑椹,便秘,1,symptom_herb_tcm_mesh_long.txt
桑椹,口渴,4,herb_symptom_knowledge.txt|symptom_herb_tcm_mesh.txt|symptom_herb_tcm_mesh_cooccur.txt|symptom_herb_tcm_mesh_long.txt
桑椹,失眠,1,symptom_herb_tcm_mesh_long.txt
桑椹,头晕,1,symptom_herb_tcm_mesh_cooccur.txt
桑椹,心悸,4,herb_symptom_knowledge.txt|symptom_herb_tcm_mesh.txt|symptom_herb_tcm_mesh_cooccur.txt|symptom_herb_tcm_mesh_long.txt
桑椹,心悸失眠,1,symptom_herb_tcm_mesh_long.txt
桑椹,眩晕,1,symptom_herb_tcm_mesh_long.txt
桑椹,眩晕耳鸣,1,symptom_herb_tcm_mesh_long.txt
桑椹,耳鸣,1,symptom_herb_tcm_mesh_long.txt
桑椹,须发早白,3,herb_symptom_knowledge.txt|symptom_herb_tcm_mesh.txt|symptom_herb_tcm_mesh_cooccur.txt
桑椹,鼻塞,1,symptom_herb_tcm_mesh_cooccur.txt
桑椹子,便秘,1,symptom_herb_tcm_mesh_long.txt
桑椹子,口渴,5,herb_symptom_db_knowledge.txt|herb_symptom_knowledge.txt|symptom_herb_tcm_mesh.txt|symptom_herb_tcm_mesh_cooccur.txt|symptom_herb_tcm_mesh_long.txt
桑椹子,多梦,5,herb_symptom_db_knowledge.txt|herb_symptom_knowledge.txt|symptom_herb_tcm_mesh.txt|symptom_herb_tcm_mesh_cooccur.txt|symptom_herb_tcm_mesh_long.txt
桑椹子,失眠,1,symptom_herb_tcm_mesh_long.txt
桑椹子,失眠多梦,1,symptom_herb_tcm_mesh_long.txt
桑椹子,头晕,5,herb_symptom_db_knowledge.txt|herb_symptom_knowledge.txt|symptom_herb_tcm_mesh.txt|symptom_herb_tcm_mesh_cooccur.txt|symptom_herb_tcm_mesh_long.txt
桑椹子,头晕目眩,1,symptom_herb_tcm_mesh_long.txt
桑椹子,目眩,1,symptom_herb_tcm_mesh_long.txt
桑椹子,耳鸣,1,symptom_herb_tcm_mesh_long.txt
桑椹子,须发早白,4,herb_symptom_db_knowledge.txt|herb_symptom_knowledge.txt|symptom_herb_tcm_mesh.txt|symptom_herb_tcm_mesh_cooccur.txt
桑白皮,咳嗽,1,symptom_herb_tcm_mesh_cooccur.txt
桑白皮,头痛,1,symptom_herb_tcm_mesh_cooccur.txt
桑白皮,小便,1,symptom_herb_tcm_mesh_long.txt
桑白皮,小便不利,5,herb_symptom_db_knowledge.txt|herb_symptom_knowledge.txt|symptom_herb_tcm_mesh.txt|symptom_herb_tcm_mesh_cooccur.txt|symptom_herb_tcm_mesh_long.txt
桑白皮,尿少,1,symptom_herb_tcm_mesh_long.txt
桑白皮,水肿,1,symptom_herb_tcm_mesh_long.txt
桑白皮,浮肿,3,symptom_herb_tcm_mesh.txt|symptom_herb_tcm_mesh_cooccur.txt|symptom_herb_tcm_mesh_long.txt
桑白皮,肿胀,1,symptom_herb_tcm_mesh_long.txt
桑螵蛸,小便,1,symptom_herb_tcm_mesh_long.txt
桑螵蛸,小便失禁,5,herb_symptom_db_knowledge.txt|herb_symptom_knowledge.txt|symptom_herb_tcm_mesh.txt|symptom_herb_tcm_mesh_cooccur.txt|symptom_herb_tcm_mesh_long.txt
桑螵蛸,小便频数,1,symptom_herb_tcm_mesh_cooccur.txt
桑螵蛸,尿频,1,symptom_herb_tcm_mesh_long.txt
桑螵蛸,崩漏,1,symptom_herb_tcm_mesh_cooccur.txt
桑螵蛸,遗尿,4,herb_symptom_db_knowledge.txt|herb_symptom_knowledge.txt|symptom_herb_tcm_mesh.txt|symptom_herb_tcm_mesh_cooccur.txt
桑螵蛸,遗精,1,symptom_herb_tcm_mesh_long.txt
桑螵蛸,阳痿,1,symptom_herb_tcm_mesh_long.txt
桔梗,丹毒,1,symptom_herb_tcm_mesh_cooccur.txt
桔梗,健忘,1,symptom_herb_tcm_mesh_cooccur.txt
桔梗,口渴,1,symptom_herb_tcm_mesh_cooccur.txt
桔梗,呕吐,1,symptom_herb_tcm_mesh_cooccur.txt
桔梗,咳嗽,5,herb_symptom_db_knowledge.txt|herb_symptom_knowledge.txt|symptom_herb_tcm_mesh.txt|symptom_herb_tcm_mesh_cooccur.txt|symptom_herb_tcm_mesh_long.txt
桔梗,咳嗽痰多,1,symptom_herb_tcm_mesh_long.txt
桔梗,咳痰,1,symptom_herb_tcm_mesh_cooccur.txt
桔梗,咳血,1,symptom_herb_tcm_mesh_cooccur.txt
桔梗,咽喉肿痛,1,symptom_herb_tcm_mesh_long.txt
桔梗,咽干,1,symptom_herb_tcm_mesh_cooccur.txt
桔梗,咽痛,1,symptom_herb_tcm_mesh_long.txt
桔梗,喉痒,1,symptom_herb_tcm_mesh_cooccur.txt
桔梗,壮热,1,symptom_herb_tcm_mesh_cooccur.txt
桔梗,声音嘶哑,1,symptom_herb_tcm_mesh_cooccur.txt
桔梗,多梦,1,symptom_herb_tcm_mesh_cooccur.txt
桔梗,头晕,1,symptom_herb_tcm_mesh_cooccur.txt
桔梗,头痛,1,symptom_herb_tcm_mesh_cooccur.txt
桔梗,小便,1,symptom_herb_tcm_mesh_long.txt
桔梗,心悸,1,symptom_herb_tcm_mesh_cooccur.txt
桔梗,恶寒,1,symptom_herb_tcm_mesh_cooccur.txt
桔梗,恶寒发热,1,symptom_herb_tcm_mesh_cooccur.txt
桔梗,恶心,1,symptom_herb_tcm_mesh_cooccur.txt
桔梗,恶风,1,symptom_herb_tcm_mesh_cooccur.txt
桔梗,无汗,1,symptom_herb_tcm_mesh_cooccur.txt
桔梗,浮肿,1,symptom_herb_tcm_mesh_cooccur.txt
桔梗,烦躁,1,symptom_herb_tcm_mesh_cooccur.txt
桔梗,牙龈出血,1,symptom_herb_tcm_mesh_cooccur.txt
桔梗,牙龈肿痛,1,symptom_herb_tcm_mesh_cooccur.txt
桔梗,痄腮,1,symptom_herb_tcm_mesh_cooccur.txt
桔梗,痰多,1,symptom_herb_tcm_mesh_long.txt
桔梗,神昏,1,symptom_herb_tcm_mesh_cooccur.txt
桔梗,耳聋,1,symptom_herb_tcm_mesh_cooccur.txt
桔梗,胁痛,5,herb_symptom_db_knowledge.txt|herb_symptom_knowledge.txt|symptom_herb_tcm_mesh.txt|symptom_herb_tcm_mesh_cooccur.txt|symptom_herb_tcm_mesh_long.txt
桔梗,胸痛,1,symptom_herb_tcm_mesh_cooccur.txt
桔梗,胸闷,3,symptom_herb_tcm_mesh.txt|symptom_herb_tcm_mesh_cooccur.txt|symptom_herb_tcm_mesh_long.txt
桔梗,腹满,1,symptom_herb_tcm_mesh_cooccur.txt
桔梗,腹痛,5,herb_symptom_db_knowledge.txt|herb_symptom_knowledge.txt|symptom_herb_tcm_mesh.txt|symptom_herb_tcm_mesh_cooccur.txt|symptom_herb_tcm_mesh_long.txt
桔梗,舌干,1,symptom_herb_tcm_mesh_cooccur.txt
桔梗,舌苔白,1,symptom_herb_tcm_mesh_cooccur.txt
桔梗,谵语,1,symptom_herb_tcm_mesh_cooccur.txt
桔梗,身痛,1,symptom_herb_tcm_mesh_cooccur.txt
桔梗,闭经,1,symptom_herb_tcm_mesh_cooccur.txt
桔梗,音哑,1,symptom_herb_tcm_mesh_long.txt
桔梗,项强,1,symptom_herb_tcm_mesh_cooccur.txt
桔梗,麻疹,1,symptom_herb_tcm_mesh_cooccur.txt
桔梗,鼻塞,1,symptom_herb_tcm_mesh_cooccur.txt
桔梗,鼻干,1,symptom_herb_tcm_mesh_cooccur.txt
梅花,不孕,1,symptom_herb_tcm_mesh_cooccur.txt
梅花,崩漏,1,symptom_herb_tcm_mesh_cooccur.txt
梅花,心烦,5,herb_symptom_db_knowledge.txt|herb_symptom_knowledge.txt|symptom_herb_tcm_mesh.txt|symptom_herb_tcm_mesh_cooccur.txt|symptom_herb_tcm_mesh_long.txt
梅花,畏寒,1,symptom_herb_tcm_mesh_cooccur.txt
梅花,瘰疬,4,herb_symptom_db_knowledge.txt|herb_symptom_knowledge.txt|symptom_herb_tcm_mesh.txt|symptom_herb_tcm_mesh_cooccur.txt
梅花,瞳神缩小,1,symptom_herb_tcm_mesh_cooccur.txt
梅花,耳聋,1,symptom_herb_tcm_mesh_cooccur.txt
梨,口干,1,symptom_herb_tcm_mesh_long.txt
梨,咳嗽,5,herb_symptom_db_knowledge.txt|herb_symptom_knowledge.txt|symptom_herb_tcm_mesh.txt|symptom_herb_tcm_mesh_cooccur.txt|symptom_herb_tcm_mesh_long.txt
梨,咽干,1,symptom_herb_tcm_mesh_cooccur.txt
梨,头痛,1,symptom_herb_tcm_mesh_cooccur.txt
梨,消瘦,1,symptom_herb_tcm_mesh_cooccur.txt
梨,烦躁,4,herb_symptom_knowledge.txt|symptom_herb_tcm_mesh.txt|symptom_herb_tcm_mesh_cooccur.txt|symptom_herb_tcm_mesh_long.txt
棉花子,崩漏,5,herb_symptom_db_knowledge.txt|herb_symptom_knowledge.txt|symptom_herb_tcm_mesh.txt|symptom_herb_tcm_mesh_cooccur.txt|symptom_herb_tcm_mesh_long.txt
棉花子,白带,4,herb_symptom_db_knowledge.txt|herb_symptom_knowledge.txt|symptom_herb_tcm_mesh.txt|symptom_herb_tcm_mesh_cooccur.txt
棉花子,胃痛,4,herb_symptom_db_knowledge.txt|herb_symptom_knowledge.txt|symptom_herb_tcm_mesh.txt|symptom_herb_tcm_mesh_cooccur.txt
棉花子,腰膝冷痛,1,symptom_herb_tcm_mesh_long.txt
棉花子,阳痿,1,symptom_herb_tcm_mesh_long.txt
棕榈炭,便血,4,herb_symptom_knowledge.txt|symptom_herb_tcm_mesh.txt|symptom_herb_tcm_mesh_cooccur.txt|symptom_herb_tcm_mesh_long.txt
棕榈炭,吐血,3,herb_symptom_knowledge.txt|symptom_herb_tcm_mesh.txt|symptom_herb_tcm_mesh_cooccur.txt
棕榈炭,吐血、衄血,1,symptom_herb_tcm_mesh_long.txt
棕榈炭,尿血,4,herb_symptom_knowledge.txt|symptom_herb_tcm_mesh.txt|symptom_herb_tcm_mesh_cooccur.txt|symptom_herb_tcm_mesh_long.txt
棕榈炭,崩漏,4,herb_symptom_knowledge.txt|symptom_herb_tcm_mesh.txt|symptom_herb_tcm_mesh_cooccur.txt|symptom_herb_tcm_mesh_long.txt
棕榈炭,漏下,3,herb_symptom_knowledge.txt|symptom_herb_tcm_mesh.txt|symptom_herb_tcm_mesh_cooccur.txt
棕榈炭,衄血,1,symptom_herb_tcm_mesh_long.txt
椒目,水肿,1,symptom_herb_tcm_mesh_long.txt
椒目,肿胀,1,symptom_herb_tcm_mesh_long.txt
椿皮,便血,4,herb_symptom_knowledge.txt|symptom_herb_tcm_mesh.txt|symptom_herb_tcm_mesh_cooccur.txt|symptom_herb_tcm_mesh_long.txt
椿皮,崩漏,4,herb_symptom_knowledge.txt|symptom_herb_tcm_mesh.txt|symptom_herb_tcm_mesh_cooccur.txt|symptom_herb_tcm_mesh_long.txt
椿皮,疲乏,1,symptom_herb_tcm_mesh_cooccur.txt
椿皮,白带,3,herb_symptom_knowledge.txt|symptom_herb_tcm_mesh.txt|symptom_herb_tcm_mesh_cooccur.txt
椿皮,赤白带,3,herb_symptom_knowledge.txt|symptom_herb_tcm_mesh.txt|symptom_herb_tcm_mesh_cooccur.txt
楮实子,头晕,4,herb_symptom_knowledge.txt|symptom_herb_tcm_mesh.txt|symptom_herb_tcm_mesh_cooccur.txt|symptom_herb_tcm_mesh_long.txt
楮实子,头晕目昏,1,symptom_herb_tcm_mesh_long.txt
楮实子,水肿,1,symptom_herb_tcm_mesh_long.txt
楮实子,流泪,1,symptom_herb_tcm_mesh_cooccur.txt
楮实子,目昏,3,herb_symptom_knowledge.txt|symptom_herb_tcm_mesh.txt|symptom_herb_tcm_mesh_cooccur.txt
楮实子,肿胀,1,symptom_herb_tcm_mesh_long.txt
楮实子,腰膝酸软,1,symptom_herb_tcm_mesh_long.txt
榧,呕吐,1,symptom_herb_tcm_mesh_cooccur.txt
榧,大便秘结,1,symptom_herb_tcm_mesh_cooccur.txt
榧,头痛,1,symptom_herb_tcm_mesh_cooccur.txt
榧,恶心,1,symptom_herb_tcm_mesh_cooccur.txt
榧,疳积,1,symptom_herb_tcm_mesh_cooccur.txt
榧,腹痛,1,symptom_herb_tcm_mesh_cooccur.txt
榧,鼻塞,1,symptom_herb_tcm_mesh_cooccur.txt
榧子,便秘,1,symptom_herb_tcm_mesh_long.txt
榧子,咳嗽,5,herb_symptom_db_knowledge.txt|herb_symptom_knowledge.txt|symptom_herb_tcm_mesh.txt|symptom_herb_tcm_mesh_cooccur.txt|symptom_herb_tcm_mesh_long.txt
榧子,大便,1,symptom_herb_tcm_mesh_long.txt
榧子,大便秘,1,symptom_herb_tcm_mesh_long.txt
榧子,大便秘结,3,symptom_herb_tcm_mesh.txt|symptom_herb_tcm_mesh_cooccur.txt|symptom_herb_tcm_mesh_long.txt
榧子,疳积,4,herb_symptom_db_knowledge.txt|herb_symptom_knowledge.txt|symptom_herb_tcm_mesh.txt|symptom_herb_tcm_mesh_cooccur.txt
榧子,腹痛,3,symptom_herb_tcm_mesh.txt|symptom_herb_tcm_mesh_cooccur.txt|symptom_herb_tcm_mesh_long.txt
槐花,便血,5,herb_symptom_db_knowledge.txt|herb_symptom_knowledge.txt|symptom_herb_tcm_mesh.txt|symptom_herb_tcm_mesh_cooccur.txt|symptom_herb_tcm_mesh_long.txt
槐花,吐血,4,herb_symptom_db_knowledge.txt|herb_symptom_knowledge.txt|symptom_herb_tcm_mesh.txt|symptom_herb_tcm_mesh_cooccur.txt
槐花,吐血、衄血,1,symptom_herb_tcm_mesh_long.txt
槐花,头痛,5,herb_symptom_db_knowledge.txt|herb_symptom_knowledge.txt|symptom_herb_tcm_mesh.txt|symptom_herb_tcm_mesh_cooccur.txt|symptom_herb_tcm_mesh_long.txt
槐花,头痛眩晕,1,symptom_herb_tcm_mesh_long.txt
槐花,尿血,5,herb_symptom_db_knowledge.txt|herb_symptom_knowledge.txt|symptom_herb_tcm_mesh.txt|symptom_herb_tcm_mesh_cooccur.txt|symptom_herb_tcm_mesh_long.txt
槐花,崩漏,5,herb_symptom_db_knowledge.txt|herb_symptom_knowledge.txt|symptom_herb_tcm_mesh.txt|symptom_herb_tcm_mesh_cooccur.txt|symptom_herb_tcm_mesh_long.txt
槐花,目赤,1,symptom_herb_tcm_mesh_long.txt
槐花,眩晕,1,symptom_herb_tcm_mesh_long.txt
槐花,衄血,1,symptom_herb_tcm_mesh_long.txt
槐角,便血,4,herb_symptom_knowledge.txt|symptom_herb_tcm_mesh.txt|symptom_herb_tcm_mesh_cooccur.txt|symptom_herb_tcm_mesh_long.txt
槐角,出血,1,symptom_herb_tcm_mesh_long.txt
槐角,头晕,1,herb_symptom_db_knowledge.txt
槐角,头痛,4,herb_symptom_knowledge.txt|symptom_herb_tcm_mesh.txt|symptom_herb_tcm_mesh_cooccur.txt|symptom_herb_tcm_mesh_long.txt
槐角,崩漏,1,herb_symptom_db_knowledge.txt
槐角,目赤,1,symptom_herb_tcm_mesh_long.txt
槐角,眩晕,1,symptom_herb_tcm_mesh_long.txt
槟榔,关节疼痛,1,symptom_herb_tcm_mesh_cooccur.txt
槟榔,半身不遂,1,symptom_herb_tcm_mesh_cooccur.txt
槟榔,吞酸,1,symptom_herb_tcm_mesh_cooccur.txt
槟榔,呃逆,1,symptom_herb_tcm_mesh_cooccur.txt
槟榔,呕吐,1,symptom_herb_tcm_mesh_cooccur.txt
槟榔,咳嗽,1,symptom_herb_tcm_mesh_cooccur.txt
槟榔,嗳气,1,symptom_herb_tcm_mesh_cooccur.txt
槟榔,大便秘结,1,symptom_herb_tcm_mesh_cooccur.txt
槟榔,头痛,1,symptom_herb_tcm_mesh_cooccur.txt
槟榔,小便不利,1,symptom_herb_tcm_mesh_cooccur.txt
槟榔,恶寒,1,symptom_herb_tcm_mesh_cooccur.txt
槟榔,恶寒发热,1,symptom_herb_tcm_mesh_cooccur.txt
槟榔,恶心,1,symptom_herb_tcm_mesh_cooccur.txt
槟榔,气喘,1,symptom_herb_tcm_mesh_cooccur.txt
槟榔,水肿,1,symptom_herb_tcm_mesh_long.txt
槟榔,浮肿,1,symptom_herb_tcm_mesh_cooccur.txt
槟榔,疳积,1,symptom_herb_tcm_mesh_cooccur.txt
槟榔,积滞,2,symptom_herb_tcm_mesh.txt|symptom_herb_tcm_mesh_cooccur.txt
槟榔,胁痛,1,symptom_herb_tcm_mesh_cooccur.txt
槟榔,脘腹胀痛,1,symptom_herb_tcm_mesh_long.txt
槟榔,腹痛,3,symptom_herb_tcm_mesh.txt|symptom_herb_tcm_mesh_cooccur.txt|symptom_herb_tcm_mesh_long.txt
槟榔,腹胀,1,symptom_herb_tcm_mesh_long.txt
槟榔,舌干,1,symptom_herb_tcm_mesh_cooccur.txt
槟榔,里急后重,3,symptom_herb_tcm_mesh.txt|symptom_herb_tcm_mesh_cooccur.txt|symptom_herb_tcm_mesh_long.txt
槟榔,食欲不振,1,symptom_herb_tcm_mesh_cooccur.txt
槟榔,鼻塞,1,symptom_herb_tcm_mesh_cooccur.txt
槲寄生,关节疼痛,1,symptom_herb_tcm_mesh_cooccur.txt
槲寄生,四肢麻木,1,symptom_herb_tcm_mesh_cooccur.txt
槲寄生,漏下,1,herb_symptom_db_knowledge.txt
槲寄生,胎动不安,4,herb_symptom_db_knowledge.txt|herb_symptom_knowledge.txt|symptom_herb_tcm_mesh.txt|symptom_herb_tcm_mesh_cooccur.txt
槲寄生,胎漏,1,herb_symptom_db_knowledge.txt
槲寄生,腰膝酸软,1,symptom_herb_tcm_mesh_long.txt
樟脑,四肢麻木,1,symptom_herb_tcm_mesh_cooccur.txt
樟脑,牙痛,1,herb_symptom_db_knowledge.txt
樟脑,神昏,1,herb_symptom_db_knowledge.txt
樟脑,腹冷,1,symptom_herb_tcm_mesh_cooccur.txt
樟脑,腹痛,2,herb_symptom_db_knowledge.txt|symptom_herb_tcm_mesh_cooccur.txt
樟脑,腹胀,1,symptom_herb_tcm_mesh_long.txt
樟脑,臁疮,1,herb_symptom_db_knowledge.txt
橄榄,咳嗽,5,herb_symptom_db_knowledge.txt|herb_symptom_knowledge.txt|symptom_herb_tcm_mesh.txt|symptom_herb_tcm_mesh_cooccur.txt|symptom_herb_tcm_mesh_long.txt
橄榄,咽喉肿痛,1,symptom_herb_tcm_mesh_long.txt
橄榄,烦渴,1,symptom_herb_tcm_mesh_long.txt
橄榄,胃痛,1,symptom_herb_tcm_mesh_cooccur.txt
橄榄核,天疱疮,1,herb_symptom_db_knowledge.txt
橄榄核,胃痛,3,herb_symptom_knowledge.txt|symptom_herb_tcm_mesh.txt|symptom_herb_tcm_mesh_cooccur.txt
橘叶,乳房胀痛,1,symptom_herb_tcm_mesh_cooccur.txt
橘叶,胁胀,1,symptom_herb_tcm_mesh_long.txt
橘叶,胸胁胀痛,1,symptom_herb_tcm_mesh_long.txt
橘核,腰痛,5,herb_symptom_db_knowledge.txt|herb_symptom_knowledge.txt|symptom_herb_tcm_mesh.txt|symptom_herb_tcm_mesh_cooccur.txt|symptom_herb_tcm_mesh_long.txt
橘红,呕吐,2,herb_symptom_db_knowledge.txt|symptom_herb_tcm_mesh_cooccur.txt
橘红,呕恶,1,symptom_herb_tcm_mesh_long.txt
橘红,咳嗽,2,herb_symptom_db_knowledge.txt|symptom_herb_tcm_mesh_cooccur.txt
橘红,咽干,1,symptom_herb_tcm_mesh_cooccur.txt
橘红,喉痒,4,herb_symptom_knowledge.txt|symptom_herb_tcm_mesh.txt|symptom_herb_tcm_mesh_cooccur.txt|symptom_herb_tcm_mesh_long.txt
橘红,头痛,1,symptom_herb_tcm_mesh_cooccur.txt
橘红,崩漏,1,symptom_herb_tcm_mesh_cooccur.txt
橘红,恶心,2,herb_symptom_db_knowledge.txt|symptom_herb_tcm_mesh_cooccur.txt
橘红,疲乏,1,symptom_herb_tcm_mesh_cooccur.txt
橘红,痰多,1,symptom_herb_tcm_mesh_long.txt
橘红,白带,1,symptom_herb_tcm_mesh_cooccur.txt
橘红,胸闷,1,symptom_herb_tcm_mesh_cooccur.txt
橘红,腹泻,1,symptom_herb_tcm_mesh_cooccur.txt
橘红,腹痛,1,symptom_herb_tcm_mesh_cooccur.txt
橘红,舌强,1,symptom_herb_tcm_mesh_cooccur.txt
橘络,口渴,5,herb_symptom_db_knowledge.txt|herb_symptom_knowledge.txt|symptom_herb_tcm_mesh.txt|symptom_herb_tcm_mesh_cooccur.txt|symptom_herb_tcm_mesh_long.txt
橘络,痰中带血,1,symptom_herb_tcm_mesh_long.txt
橘络,胸痛,5,herb_symptom_db_knowledge.txt|herb_symptom_knowledge.txt|symptom_herb_tcm_mesh.txt|symptom_herb_tcm_mesh_cooccur.txt|symptom_herb_tcm_mesh_long.txt
檀香,半身不遂,1,symptom_herb_tcm_mesh_cooccur.txt
檀香,呕吐,1,symptom_herb_tcm_mesh_cooccur.txt
檀香,咳嗽,1,symptom_herb_tcm_mesh_cooccur.txt
檀香,噎膈,4,herb_symptom_db_knowledge.txt|herb_symptom_knowledge.txt|symptom_herb_tcm_mesh.txt|symptom_herb_tcm_mesh_cooccur.txt
檀香,头痛,1,symptom_herb_tcm_mesh_cooccur.txt
檀香,心悸,1,symptom_herb_tcm_mesh_cooccur.txt
檀香,急惊,1,symptom_herb_tcm_mesh_cooccur.txt
檀香,恶寒,1,symptom_herb_tcm_mesh_cooccur.txt
檀香,恶寒发热,1,symptom_herb_tcm_mesh_cooccur.txt
檀香,恶心,1,symptom_herb_tcm_mesh_cooccur.txt
檀香,烦躁,1,symptom_herb_tcm_mesh_cooccur.txt
檀香,痫,1,symptom_herb_tcm_mesh_cooccur.txt
檀香,胃痛,2,symptom_herb_tcm_mesh.txt|symptom_herb_tcm_mesh_cooccur.txt
檀香,胸痛,3,symptom_herb_tcm_mesh.txt|symptom_herb_tcm_mesh_cooccur.txt|symptom_herb_tcm_mesh_long.txt
檀香,胸闷,1,symptom_herb_tcm_mesh_cooccur.txt
檀香,腹泻,1,symptom_herb_tcm_mesh_cooccur.txt
檀香,腹痛,5,herb_symptom_db_knowledge.txt|herb_symptom_knowledge.txt|symptom_herb_tcm_mesh.txt|symptom_herb_tcm_mesh_cooccur.txt|symptom_herb_tcm_mesh_long.txt
檀香,腹胀,1,symptom_herb_tcm_mesh_long.txt
檀香,食少,1,symptom_herb_tcm_mesh_long.txt
檀香,鼻塞,1,symptom_herb_tcm_mesh_cooccur.txt
款冬花,咳嗽,5,herb_symptom_db_knowledge.txt|herb_symptom_knowledge.txt|symptom_herb_tcm_mesh.txt|symptom_herb_tcm_mesh_cooccur.txt|symptom_herb_tcm_mesh_long.txt
款冬花,咳痰,2,symptom_herb_tcm_mesh.txt|symptom_herb_tcm_mesh_cooccur.txt
款冬花,咳血,4,herb_symptom_db_knowledge.txt|herb_symptom_knowledge.txt|symptom_herb_tcm_mesh.txt|symptom_herb_tcm_mesh_cooccur.txt
款冬花,咽干,1,symptom_herb_tcm_mesh_cooccur.txt
款冬花,喉痒,1,symptom_herb_tcm_mesh_cooccur.txt
款冬花,气喘,5,herb_symptom_db_knowledge.txt|herb_symptom_knowledge.txt|symptom_herb_tcm_mesh.txt|symptom_herb_tcm_mesh_cooccur.txt|symptom_herb_tcm_mesh_long.txt
款冬花,痰多,1,symptom_herb_tcm_mesh_long.txt
款冬花,胸闷,1,symptom_herb_tcm_mesh_cooccur.txt
母丁香,口臭,1,herb_symptom_db_knowledge.txt
母丁香,呃逆,3,herb_symptom_knowledge.txt|symptom_herb_tcm_mesh.txt|symptom_herb_tcm_mesh_cooccur.txt
母丁香,呕吐,4,herb_symptom_knowledge.txt|symptom_herb_tcm_mesh.txt|symptom_herb_tcm_mesh_cooccur.txt|symptom_herb_tcm_mesh_long.txt
母丁香,妇人阴冷,1,herb_symptom_db_knowledge.txt
母丁香,腹冷,4,herb_symptom_knowledge.txt|symptom_herb_tcm_mesh.txt|symptom_herb_tcm_mesh_cooccur.txt|symptom_herb_tcm_mesh_long.txt
母丁香,阳痿,1,symptom_herb_tcm_mesh_long.txt
母丁香,食少,1,symptom_herb_tcm_mesh_long.txt
毛冬青,丹毒,1,herb_symptom_db_knowledge.txt
毛冬青,牙龈肿痛,1,herb_symptom_db_knowledge.txt
毛茛,不寐,1,symptom_herb_tcm_mesh_cooccur.txt
毛茛,偏头痛,1,herb_symptom_db_knowledge.txt
毛茛,健忘,1,symptom_herb_tcm_mesh_cooccur.txt
毛茛,关节疼痛,1,symptom_herb_tcm_mesh_cooccur.txt
毛茛,吐血,1,symptom_herb_tcm_mesh_cooccur.txt
毛茛,吞酸,1,symptom_herb_tcm_mesh_cooccur.txt
毛茛,呕吐,1,symptom_herb_tcm_mesh_cooccur.txt
毛茛,头痛,2,herb_symptom_db_knowledge.txt|symptom_herb_tcm_mesh_cooccur.txt
毛茛,小便不通,1,symptom_herb_tcm_mesh_cooccur.txt
毛茛,心烦,1,symptom_herb_tcm_mesh_cooccur.txt
毛茛,无汗,1,symptom_herb_tcm_mesh_cooccur.txt
毛茛,湿疮,1,symptom_herb_tcm_mesh_cooccur.txt
毛茛,牙痛,2,herb_symptom_db_knowledge.txt|symptom_herb_tcm_mesh_cooccur.txt
毛茛,痄腮,1,symptom_herb_tcm_mesh_cooccur.txt
毛茛,痫,1,symptom_herb_tcm_mesh_cooccur.txt
毛茛,瘰疬,2,herb_symptom_db_knowledge.txt|symptom_herb_tcm_mesh_cooccur.txt
毛茛,盗汗,1,symptom_herb_tcm_mesh_cooccur.txt
毛茛,神昏,1,symptom_herb_tcm_mesh_cooccur.txt
毛茛,胁痛,1,symptom_herb_tcm_mesh_cooccur.txt
毛茛,脱肛,1,symptom_herb_tcm_mesh_cooccur.txt
毛茛,腹冷,1,symptom_herb_tcm_mesh_cooccur.txt
毛茛,腹痛,1,symptom_herb_tcm_mesh_cooccur.txt
毛茛,自汗,1,symptom_herb_tcm_mesh_cooccur.txt
毛茛,谵语,1,symptom_herb_tcm_mesh_cooccur.txt
毛茛,阴痒,1,symptom_herb_tcm_mesh_cooccur.txt
毛茛,麻疹,1,symptom_herb_tcm_mesh_cooccur.txt
毛诃子,便血,1,symptom_herb_tcm_mesh_cooccur.txt
毛诃子,半身不遂,1,symptom_herb_tcm_mesh_cooccur.txt
毛诃子,咳嗽,1,symptom_herb_tcm_mesh_cooccur.txt
毛诃子,头痛,1,symptom_herb_tcm_mesh_cooccur.txt
毛诃子,胸痛,1,symptom_herb_tcm_mesh_cooccur.txt
毛诃子,脱肛,1,symptom_herb_tcm_mesh_cooccur.txt
水杨梅,出血,1,symptom_herb_tcm_mesh_long.txt
水杨梅,牙痛,1,herb_symptom_db_knowledge.txt
水杨梅,高热,1,symptom_herb_tcm_mesh_long.txt
水牛角,发黄,1,herb_symptom_db_knowledge.txt
水牛角,吐血,4,herb_symptom_db_knowledge.txt|herb_symptom_knowledge.txt|symptom_herb_tcm_mesh.txt|symptom_herb_tcm_mesh_cooccur.txt
水牛角,吐血衄血,1,symptom_herb_tcm_mesh_long.txt
水牛角,咳嗽,1,symptom_herb_tcm_mesh_cooccur.txt
水牛角,壮热,1,symptom_herb_tcm_mesh_cooccur.txt
水牛角,头晕,1,symptom_herb_tcm_mesh_cooccur.txt
水牛角,头痛,2,herb_symptom_db_knowledge.txt|symptom_herb_tcm_mesh_cooccur.txt
水牛角,恶心,1,symptom_herb_tcm_mesh_cooccur.txt
水牛角,烦躁,1,symptom_herb_tcm_mesh_cooccur.txt
水牛角,牙痛,1,symptom_herb_tcm_mesh_cooccur.txt
水牛角,牙龈出血,1,symptom_herb_tcm_mesh_cooccur.txt
水牛角,痄腮,1,symptom_herb_tcm_mesh_cooccur.txt
水牛角,神昏,5,herb_symptom_db_knowledge.txt|herb_symptom_knowledge.txt|symptom_herb_tcm_mesh.txt|symptom_herb_tcm_mesh_cooccur.txt|symptom_herb_tcm_mesh_long.txt
水牛角,神昏谵语,1,symptom_herb_tcm_mesh_long.txt
水牛角,衄血,1,symptom_herb_tcm_mesh_long.txt
水牛角,谵语,4,herb_symptom_knowledge.txt|symptom_herb_tcm_mesh.txt|symptom_herb_tcm_mesh_cooccur.txt|symptom_herb_tcm_mesh_long.txt
水牛角,高热,1,symptom_herb_tcm_mesh_long.txt
水牛角,鼻塞,1,symptom_herb_tcm_mesh_cooccur.txt
水红花子,瘰疬,4,herb_symptom_db_knowledge.txt|herb_symptom_knowledge.txt|symptom_herb_tcm_mesh.txt|symptom_herb_tcm_mesh_cooccur.txt
水红花子,胃脘胀痛,1,symptom_herb_tcm_mesh_long.txt
水红花子,腹胀,1,symptom_herb_tcm_mesh_long.txt
水红花子,食少,1,symptom_herb_tcm_mesh_long.txt
水红花子,食少腹胀,1,symptom_herb_tcm_mesh_long.txt
水蛭,半身不遂,1,symptom_herb_tcm_mesh_cooccur.txt
水蛭,发狂,1,symptom_herb_tcm_mesh_cooccur.txt
水蛭,头昏,1,symptom_herb_tcm_mesh_cooccur.txt
水蛭,头晕,1,symptom_herb_tcm_mesh_cooccur.txt
水蛭,潮热,1,symptom_herb_tcm_mesh_cooccur.txt
水蛭,闭经,1,symptom_herb_tcm_mesh_cooccur.txt
水蛭,黄色,1,symptom_herb_tcm_mesh_long.txt
水飞蓟,胁痛,4,herb_symptom_knowledge.txt|symptom_herb_tcm_mesh.txt|symptom_herb_tcm_mesh_cooccur.txt|symptom_herb_tcm_mesh_long.txt
沉香,健忘,1,symptom_herb_tcm_mesh_cooccur.txt
沉香,半身不遂,1,symptom_herb_tcm_mesh_cooccur.txt
沉香,呃逆,4,herb_symptom_db_knowledge.txt|herb_symptom_knowledge.txt|symptom_herb_tcm_mesh.txt|symptom_herb_tcm_mesh_cooccur.txt
沉香,呕吐,5,herb_symptom_db_knowledge.txt|herb_symptom_knowledge.txt|symptom_herb_tcm_mesh.txt|symptom_herb_tcm_mesh_cooccur.txt|symptom_herb_tcm_mesh_long.txt
沉香,咳嗽,1,symptom_herb_tcm_mesh_cooccur.txt
沉香,嗳气,1,symptom_herb_tcm_mesh_cooccur.txt
沉香,大便秘结,1,symptom_herb_tcm_mesh_cooccur.txt
沉香,头昏,1,symptom_herb_tcm_mesh_cooccur.txt
沉香,头痛,1,symptom_herb_tcm_mesh_cooccur.txt
沉香,小便,1,symptom_herb_tcm_mesh_long.txt
沉香,小便不利,1,symptom_herb_tcm_mesh_cooccur.txt
沉香,崩漏,1,symptom_herb_tcm_mesh_cooccur.txt
沉香,心悸,1,symptom_herb_tcm_mesh_cooccur.txt
沉香,恶心,1,symptom_herb_tcm_mesh_cooccur.txt
沉香,气喘,1,symptom_herb_tcm_mesh_cooccur.txt
沉香,浮肿,1,symptom_herb_tcm_mesh_cooccur.txt
沉香,疲乏,1,symptom_herb_tcm_mesh_cooccur.txt
沉香,疼痛,1,symptom_herb_tcm_mesh_long.txt
沉香,痫,1,symptom_herb_tcm_mesh_cooccur.txt
沉香,瘫痪,1,symptom_herb_tcm_mesh_cooccur.txt
沉香,白带,1,symptom_herb_tcm_mesh_cooccur.txt
沉香,神昏,1,symptom_herb_tcm_mesh_cooccur.txt
沉香,纳,1,symptom_herb_tcm_mesh_long.txt
沉香,胸痛,1,symptom_herb_tcm_mesh_cooccur.txt
沉香,胸腹胀闷,1,symptom_herb_tcm_mesh_long.txt
沉香,胸闷,1,symptom_herb_tcm_mesh_cooccur.txt
沉香,脘腹冷痛,1,symptom_herb_tcm_mesh_long.txt
沉香,腹冷,5,herb_symptom_db_knowledge.txt|herb_symptom_knowledge.txt|symptom_herb_tcm_mesh.txt|symptom_herb_tcm_mesh_cooccur.txt|symptom_herb_tcm_mesh_long.txt
沉香,腹泻,1,symptom_herb_tcm_mesh_cooccur.txt
沉香,腹痛,1,symptom_herb_tcm_mesh_cooccur.txt
沉香,腹胀,1,symptom_herb_tcm_mesh_long.txt
沉香,谵语,1,symptom_herb_tcm_mesh_cooccur.txt
沉香,闭经,1,symptom_herb_tcm_mesh_cooccur.txt
沙参,五心烦热,1,symptom_herb_tcm_mesh_cooccur.txt
沙参,口渴,5,herb_symptom_db_knowledge.txt|herb_symptom_knowledge.txt|symptom_herb_tcm_mesh.txt|symptom_herb_tcm_mesh_cooccur.txt|symptom_herb_tcm_mesh_long.txt
沙参,呃逆,1,symptom_herb_tcm_mesh_cooccur.txt
沙参,呕吐,1,symptom_herb_tcm_mesh_cooccur.txt
沙参,咳嗽,1,symptom_herb_tcm_mesh_cooccur.txt
沙参,咳痰,4,herb_symptom_db_knowledge.txt|herb_symptom_knowledge.txt|symptom_herb_tcm_mesh.txt|symptom_herb_tcm_mesh_cooccur.txt
沙参,夏季热,1,symptom_herb_tcm_mesh_cooccur.txt
沙参,头痛,1,symptom_herb_tcm_mesh_cooccur.txt
沙参,崩漏,1,symptom_herb_tcm_mesh_cooccur.txt
沙参,心悸,1,symptom_herb_tcm_mesh_cooccur.txt
沙参,心烦,1,symptom_herb_tcm_mesh_cooccur.txt
沙参,疲乏,1,symptom_herb_tcm_mesh_cooccur.txt
沙参,白带,1,symptom_herb_tcm_mesh_cooccur.txt
沙参,胁痛,1,symptom_herb_tcm_mesh_cooccur.txt
沙参,胸痛,1,symptom_herb_tcm_mesh_cooccur.txt
沙参,胸闷,1,symptom_herb_tcm_mesh_cooccur.txt
沙棘,咳嗽,5,herb_symptom_db_knowledge.txt|herb_symptom_knowledge.txt|symptom_herb_tcm_mesh.txt|symptom_herb_tcm_mesh_cooccur.txt|symptom_herb_tcm_mesh_long.txt
沙棘,咳嗽痰多,1,symptom_herb_tcm_mesh_long.txt
沙棘,消化不良,1,symptom_herb_tcm_mesh_long.txt
沙棘,痰多,1,symptom_herb_tcm_mesh_long.txt
沙棘,胃痛,1,herb_symptom_db_knowledge.txt
沙棘,腹痛,5,herb_symptom_db_knowledge.txt|herb_symptom_knowledge.txt|symptom_herb_tcm_mesh.txt|symptom_herb_tcm_mesh_cooccur.txt|symptom_herb_tcm_mesh_long.txt
沙棘,闭经,1,herb_symptom_db_knowledge.txt
沙棘,难产,1,symptom_herb_tcm_mesh_cooccur.txt
沙苑子,小便,1,symptom_herb_tcm_mesh_long.txt
沙苑子,小便余沥,1,symptom_herb_tcm_mesh_long.txt
沙苑子,目昏,3,herb_symptom_knowledge.txt|symptom_herb_tcm_mesh.txt|symptom_herb_tcm_mesh_cooccur.txt
沙苑子,眩晕,1,symptom_herb_tcm_mesh_long.txt
沙苑子,腰痛,4,herb_symptom_knowledge.txt|symptom_herb_tcm_mesh.txt|symptom_herb_tcm_mesh_cooccur.txt|symptom_herb_tcm_mesh_long.txt
沙苑子,遗精,1,symptom_herb_tcm_mesh_long.txt
沙苑子,遗精早泄,1,symptom_herb_tcm_mesh_long.txt
没药,产后腹痛,1,symptom_herb_tcm_mesh_cooccur.txt
没药,口渴,1,symptom_herb_tcm_mesh_cooccur.txt
没药,四肢麻木,1,symptom_herb_tcm_mesh_cooccur.txt
没药,大便秘结,1,symptom_herb_tcm_mesh_cooccur.txt
没药,崩漏,1,symptom_herb_tcm_mesh_cooccur.txt
没药,湿疮,1,symptom_herb_tcm_mesh_cooccur.txt
没药,烦躁,1,symptom_herb_tcm_mesh_cooccur.txt
没药,疲乏,1,symptom_herb_tcm_mesh_cooccur.txt
没药,瘫痪,1,symptom_herb_tcm_mesh_cooccur.txt
没药,瘰疬,1,symptom_herb_tcm_mesh_cooccur.txt
没药,白带,1,symptom_herb_tcm_mesh_cooccur.txt
没药,目赤,1,symptom_herb_tcm_mesh_long.txt
没药,腹冷,1,symptom_herb_tcm_mesh_cooccur.txt
没药,腹痛,1,symptom_herb_tcm_mesh_cooccur.txt
没药,臁疮,1,symptom_herb_tcm_mesh_cooccur.txt
法半夏,呕吐,1,symptom_herb_tcm_mesh_cooccur.txt
法半夏,咳嗽,1,symptom_herb_tcm_mesh_cooccur.txt
法半夏,咳痰,1,symptom_herb_tcm_mesh_cooccur.txt
法半夏,咽干,1,symptom_herb_tcm_mesh_cooccur.txt
法半夏,喉痒,1,symptom_herb_tcm_mesh_cooccur.txt
法半夏,头痛,4,herb_symptom_knowledge.txt|symptom_herb_tcm_mesh.txt|symptom_herb_tcm_mesh_cooccur.txt|symptom_herb_tcm_mesh_long.txt
法半夏,恶寒,1,symptom_herb_tcm_mesh_cooccur.txt
法半夏,恶寒发热,1,symptom_herb_tcm_mesh_cooccur.txt
法半夏,恶心,1,symptom_herb_tcm_mesh_cooccur.txt
法半夏,无汗,1,symptom_herb_tcm_mesh_cooccur.txt
法半夏,痰多,1,symptom_herb_tcm_mesh_long.txt
法半夏,眩晕,1,symptom_herb_tcm_mesh_long.txt
法半夏,腹泻,1,symptom_herb_tcm_mesh_cooccur.txt
泽兰,月经不调,1,symptom_herb_tcm_mesh_long.txt
泽兰,水肿,1,symptom_herb_tcm_mesh_long.txt
泽兰,浮肿,5,herb_symptom_db_knowledge.txt|herb_symptom_knowledge.txt|symptom_herb_tcm_mesh.txt|symptom_herb_tcm_mesh_cooccur.txt|symptom_herb_tcm_mesh_long.txt
泽兰,腹痛,5,herb_symptom_db_knowledge.txt|herb_symptom_knowledge.txt|symptom_herb_tcm_mesh.txt|symptom_herb_tcm_mesh_cooccur.txt|symptom_herb_tcm_mesh_long.txt
泽泻,口渴,1,symptom_herb_tcm_mesh_cooccur.txt
泽泻,咳血,1,symptom_herb_tcm_mesh_cooccur.txt
泽泻,咽干,1,symptom_herb_tcm_mesh_cooccur.txt
泽泻,大便秘结,1,symptom_herb_tcm_mesh_cooccur.txt
泽泻,头晕,1,symptom_herb_tcm_mesh_cooccur.txt
泽泻,头痛,1,symptom_herb_tcm_mesh_cooccur.txt
泽泻,小便,1,symptom_herb_tcm_mesh_long.txt
泽泻,小便不利,5,herb_symptom_db_knowledge.txt|herb_symptom_knowledge.txt|symptom_herb_tcm_mesh.txt|symptom_herb_tcm_mesh_cooccur.txt|symptom_herb_tcm_mesh_long.txt
泽泻,小便清长,1,symptom_herb_tcm_mesh_cooccur.txt
泽泻,小便黄赤,1,symptom_herb_tcm_mesh_cooccur.txt
泽泻,尿少,1,symptom_herb_tcm_mesh_long.txt
泽泻,尿痛,1,symptom_herb_tcm_mesh_cooccur.txt
泽泻,崩漏,1,symptom_herb_tcm_mesh_cooccur.txt
泽泻,恶寒,1,symptom_herb_tcm_mesh_cooccur.txt
泽泻,无汗,1,symptom_herb_tcm_mesh_cooccur.txt
泽泻,水肿,1,symptom_herb_tcm_mesh_long.txt
泽泻,浮肿,1,symptom_herb_tcm_mesh_cooccur.txt
泽泻,潮热,1,symptom_herb_tcm_mesh_cooccur.txt
泽泻,烦躁,1,symptom_herb_tcm_mesh_cooccur.txt
泽泻,畏寒,1,symptom_herb_tcm_mesh_cooccur.txt
泽泻,疲乏,1,symptom_herb_tcm_mesh_cooccur.txt
泽泻,白带,1,symptom_herb_tcm_mesh_cooccur.txt
泽泻,盗汗,1,symptom_herb_tcm_mesh_cooccur.txt
泽泻,眩晕,1,symptom_herb_tcm_mesh_long.txt
泽泻,积滞,1,symptom_herb_tcm_mesh_cooccur.txt
泽泻,耳聋,1,symptom_herb_tcm_mesh_cooccur.txt
泽泻,肩痛,1,symptom_herb_tcm_mesh_cooccur.txt
泽泻,肿胀,1,symptom_herb_tcm_mesh_long.txt
泽泻,胃痛,1,symptom_herb_tcm_mesh_cooccur.txt
泽泻,腰痛,1,symptom_herb_tcm_mesh_cooccur.txt
泽泻,腹满,1,symptom_herb_tcm_mesh_cooccur.txt
泽泻,腹痛,1,symptom_herb_tcm_mesh_cooccur.txt
泽泻,自汗,1,symptom_herb_tcm_mesh_cooccur.txt
泽泻,遗精,1,symptom_herb_tcm_mesh_long.txt
泽泻,里急后重,1,symptom_herb_tcm_mesh_cooccur.txt
泽漆,瘰疬,4,herb_symptom_db_knowledge.txt|herb_symptom_knowledge.txt|symptom_herb_tcm_mesh.txt|symptom_herb_tcm_mesh_cooccur.txt
洋金花,咳嗽,5,herb_symptom_db_knowledge.txt|herb_symptom_knowledge.txt|symptom_herb_tcm_mesh.txt|symptom_herb_tcm_mesh_cooccur.txt|symptom_herb_tcm_mesh_long.txt
洋金花,慢惊,2,symptom_herb_tcm_mesh.txt|symptom_herb_tcm_mesh_cooccur.txt
洋金花,痫,4,herb_symptom_db_knowledge.txt|herb_symptom_knowledge.txt|symptom_herb_tcm_mesh.txt|symptom_herb_tcm_mesh_cooccur.txt
洋金花,胸闷,1,symptom_herb_tcm_mesh_cooccur.txt
洋金花,脘腹冷痛,1,symptom_herb_tcm_mesh_long.txt
洋金花,腹冷,5,herb_symptom_db_knowledge.txt|herb_symptom_knowledge.txt|symptom_herb_tcm_mesh.txt|symptom_herb_tcm_mesh_cooccur.txt|symptom_herb_tcm_mesh_long.txt
浙贝母,咳嗽,5,herb_symptom_db_knowledge.txt|herb_symptom_knowledge.txt|symptom_herb_tcm_mesh.txt|symptom_herb_tcm_mesh_cooccur.txt|symptom_herb_tcm_mesh_long.txt
浙贝母,嘈杂,1,symptom_herb_tcm_mesh_cooccur.txt
浙贝母,头痛,1,symptom_herb_tcm_mesh_cooccur.txt
浙贝母,烦躁,1,symptom_herb_tcm_mesh_cooccur.txt
浙贝母,瘰疬,4,herb_symptom_db_knowledge.txt|herb_symptom_knowledge.txt|symptom_herb_tcm_mesh.txt|symptom_herb_tcm_mesh_cooccur.txt
浙贝母,胸闷,1,symptom_herb_tcm_mesh_cooccur.txt
浮小麦,发热,1,symptom_herb_tcm_mesh_long.txt
浮小麦,头昏,1,symptom_herb_tcm_mesh_cooccur.txt
浮小麦,心悸,1,symptom_herb_tcm_mesh_cooccur.txt
浮小麦,潮热,1,symptom_herb_tcm_mesh_cooccur.txt
浮小麦,烦躁,1,symptom_herb_tcm_mesh_cooccur.txt
浮小麦,盗汗,5,herb_symptom_db_knowledge.txt|herb_symptom_knowledge.txt|symptom_herb_tcm_mesh.txt|symptom_herb_tcm_mesh_cooccur.txt|symptom_herb_tcm_mesh_long.txt
浮小麦,短气,1,symptom_herb_tcm_mesh_cooccur.txt
浮小麦,自汗,5,herb_symptom_db_knowledge.txt|herb_symptom_knowledge.txt|symptom_herb_tcm_mesh.txt|symptom_herb_tcm_mesh_cooccur.txt|symptom_herb_tcm_mesh_long.txt
浮海石,咳嗽,1,herb_symptom_db_knowledge.txt
浮萍,丹毒,4,herb_symptom_db_knowledge.txt|herb_symptom_knowledge.txt|symptom_herb_tcm_mesh.txt|symptom_herb_tcm_mesh_cooccur.txt
浮萍,尿少,1,symptom_herb_tcm_mesh_long.txt
浮萍,水肿,1,symptom_herb_tcm_mesh_long.txt
浮萍,瘙痒,1,symptom_herb_tcm_mesh_long.txt
浮萍,麻疹,4,herb_symptom_db_knowledge.txt|herb_symptom_knowledge.txt|symptom_herb_tcm_mesh.txt|symptom_herb_tcm_mesh_cooccur.txt
海参,便血,1,herb_symptom_db_knowledge.txt
海参,咳嗽,1,herb_symptom_db_knowledge.txt
海参,大便秘结,1,symptom_herb_tcm_mesh_cooccur.txt
海狗肾,疼痛,1,symptom_herb_tcm_mesh_long.txt
海狗肾,遗精,1,symptom_herb_tcm_mesh_long.txt
海狗肾,阳痿,1,symptom_herb_tcm_mesh_long.txt
海狗肾,阳痿遗精,1,symptom_herb_tcm_mesh_long.txt
海胆,瘰疬,1,herb_symptom_db_knowledge.txt
海胆,胃痛,1,herb_symptom_db_knowledge.txt
海藻,水肿,1,symptom_herb_tcm_mesh_long.txt
海藻,瘰疬,4,herb_symptom_db_knowledge.txt|herb_symptom_knowledge.txt|symptom_herb_tcm_mesh.txt|symptom_herb_tcm_mesh_cooccur.txt
海藻,胸闷,1,symptom_herb_tcm_mesh_cooccur.txt
海螵蛸,便血,5,herb_symptom_db_knowledge.txt|herb_symptom_knowledge.txt|symptom_herb_tcm_mesh.txt|symptom_herb_tcm_mesh_cooccur.txt|symptom_herb_tcm_mesh_long.txt
海螵蛸,出血,1,symptom_herb_tcm_mesh_long.txt
海螵蛸,吐血,4,herb_symptom_db_knowledge.txt|herb_symptom_knowledge.txt|symptom_herb_tcm_mesh.txt|symptom_herb_tcm_mesh_cooccur.txt
海螵蛸,吐血衄血,1,symptom_herb_tcm_mesh_long.txt
海螵蛸,吞酸,4,herb_symptom_knowledge.txt|symptom_herb_tcm_mesh.txt|symptom_herb_tcm_mesh_cooccur.txt|symptom_herb_tcm_mesh_long.txt
海螵蛸,嗳气,1,herb_symptom_db_knowledge.txt
海螵蛸,嘈杂,2,herb_symptom_db_knowledge.txt|symptom_herb_tcm_mesh_cooccur.txt
海螵蛸,崩漏,5,herb_symptom_db_knowledge.txt|herb_symptom_knowledge.txt|symptom_herb_tcm_mesh.txt|symptom_herb_tcm_mesh_cooccur.txt|symptom_herb_tcm_mesh_long.txt
海螵蛸,疳积,1,symptom_herb_tcm_mesh_cooccur.txt
海螵蛸,白带,4,herb_symptom_db_knowledge.txt|herb_symptom_knowledge.txt|symptom_herb_tcm_mesh.txt|symptom_herb_tcm_mesh_cooccur.txt
海螵蛸,胃痛,4,herb_symptom_db_knowledge.txt|herb_symptom_knowledge.txt|symptom_herb_tcm_mesh.txt|symptom_herb_tcm_mesh_cooccur.txt
海螵蛸,腹痛,1,symptom_herb_tcm_mesh_cooccur.txt
海螵蛸,衄血,1,symptom_herb_tcm_mesh_long.txt
海螵蛸,赤白带,4,herb_symptom_db_knowledge.txt|herb_symptom_knowledge.txt|symptom_herb_tcm_mesh.txt|symptom_herb_tcm_mesh_cooccur.txt
海螵蛸,遗精,1,symptom_herb_tcm_mesh_long.txt
海螵蛸,食欲不振,1,symptom_herb_tcm_mesh_cooccur.txt
海金沙,出血,1,symptom_herb_tcm_mesh_long.txt
海金沙,吐血,4,herb_symptom_db_knowledge.txt|herb_symptom_knowledge.txt|symptom_herb_tcm_mesh.txt|symptom_herb_tcm_mesh_cooccur.txt
海金沙,尿血,5,herb_symptom_db_knowledge.txt|herb_symptom_knowledge.txt|symptom_herb_tcm_mesh.txt|symptom_herb_tcm_mesh_cooccur.txt|symptom_herb_tcm_mesh_long.txt
海金沙,衄血,1,symptom_herb_tcm_mesh_long.txt
海风藤,关节疼痛,1,symptom_herb_tcm_mesh_cooccur.txt
海风藤,四肢麻木,1,symptom_herb_tcm_mesh_cooccur.txt
海风藤,屈伸不利,1,symptom_herb_tcm_mesh_long.txt
海风藤,恶风,1,symptom_herb_tcm_mesh_cooccur.txt
海风藤,水肿,1,symptom_herb_tcm_mesh_long.txt
海风藤,疼痛,1,symptom_herb_tcm_mesh_long.txt
海风藤,筋脉拘挛,1,symptom_herb_tcm_mesh_long.txt
海风藤,肢体疼痛,1,symptom_herb_tcm_mesh_long.txt
海风藤,肢节疼痛,1,symptom_herb_tcm_mesh_long.txt
海风藤,脘腹冷痛,1,symptom_herb_tcm_mesh_long.txt
海风藤,腹冷,5,herb_symptom_db_knowledge.txt|herb_symptom_knowledge.txt|symptom_herb_tcm_mesh.txt|symptom_herb_tcm_mesh_cooccur.txt|symptom_herb_tcm_mesh_long.txt
海龙,瘰疬,4,herb_symptom_db_knowledge.txt|herb_symptom_knowledge.txt|symptom_herb_tcm_mesh.txt|symptom_herb_tcm_mesh_cooccur.txt
海龙,遗尿,1,symptom_herb_tcm_mesh_cooccur.txt
海龙,遗精,1,symptom_herb_tcm_mesh_long.txt
海龙,阳痿,1,symptom_herb_tcm_mesh_long.txt
海龙,阳痿遗精,1,symptom_herb_tcm_mesh_long.txt
淡竹,口渴,1,symptom_herb_tcm_mesh_cooccur.txt
淡竹,口苦,1,symptom_herb_tcm_mesh_cooccur.txt
淡竹,呕吐,1,symptom_herb_tcm_mesh_cooccur.txt
淡竹,咳嗽,1,symptom_herb_tcm_mesh_cooccur.txt
淡竹,咽干,1,symptom_herb_tcm_mesh_cooccur.txt
淡竹,壮热,1,symptom_herb_tcm_mesh_cooccur.txt
淡竹,头晕,1,symptom_herb_tcm_mesh_cooccur.txt
淡竹,头痛,1,symptom_herb_tcm_mesh_cooccur.txt
淡竹,小便,1,symptom_herb_tcm_mesh_long.txt
淡竹,小便频数,1,symptom_herb_tcm_mesh_cooccur.txt
淡竹,尿血,1,symptom_herb_tcm_mesh_cooccur.txt
淡竹,干呕,1,symptom_herb_tcm_mesh_cooccur.txt
淡竹,恶寒,1,symptom_herb_tcm_mesh_cooccur.txt
淡竹,恶寒发热,1,symptom_herb_tcm_mesh_cooccur.txt
淡竹,无汗,1,symptom_herb_tcm_mesh_cooccur.txt
淡竹,烦热,1,symptom_herb_tcm_mesh_long.txt
淡竹,痄腮,1,symptom_herb_tcm_mesh_cooccur.txt
淡竹,痫,1,symptom_herb_tcm_mesh_cooccur.txt
淡竹,胎动不安,1,symptom_herb_tcm_mesh_cooccur.txt
淡竹,胸闷,1,symptom_herb_tcm_mesh_cooccur.txt
淡竹,舌强,1,symptom_herb_tcm_mesh_cooccur.txt
淡竹,麻疹,1,symptom_herb_tcm_mesh_cooccur.txt
淡竹叶,口渴,5,herb_symptom_db_knowledge.txt|herb_symptom_knowledge.txt|symptom_herb_tcm_mesh.txt|symptom_herb_tcm_mesh_cooccur.txt|symptom_herb_tcm_mesh_long.txt
淡竹叶,口舌生疮,1,symptom_herb_tcm_mesh_long.txt
淡竹叶,咳嗽,1,symptom_herb_tcm_mesh_cooccur.txt
淡竹叶,咽干,1,symptom_herb_tcm_mesh_cooccur.txt
淡竹叶,壮热,1,symptom_herb_tcm_mesh_cooccur.txt
淡竹叶,头晕,1,symptom_herb_tcm_mesh_cooccur.txt
淡竹叶,头痛,1,symptom_herb_tcm_mesh_cooccur.txt
淡竹叶,小便,1,symptom_herb_tcm_mesh_long.txt
淡竹叶,小便赤,1,symptom_herb_tcm_mesh_long.txt
淡竹叶,小便赤涩,1,symptom_herb_tcm_mesh_long.txt
淡竹叶,小便频数,1,symptom_herb_tcm_mesh_cooccur.txt
淡竹叶,尿血,1,symptom_herb_tcm_mesh_cooccur.txt
淡竹叶,恶寒,1,symptom_herb_tcm_mesh_cooccur.txt
淡竹叶,恶寒发热,1,symptom_herb_tcm_mesh_cooccur.txt
淡竹叶,无汗,1,symptom_herb_tcm_mesh_cooccur.txt
淡竹叶,烦渴,1,symptom_herb_tcm_mesh_long.txt
淡竹叶,烦热,1,symptom_herb_tcm_mesh_long.txt
淡竹叶,烦热口渴,1,symptom_herb_tcm_mesh_long.txt
淡竹叶,牙龈肿痛,5,herb_symptom_db_knowledge.txt|herb_symptom_knowledge.txt|symptom_herb_tcm_mesh.txt|symptom_herb_tcm_mesh_cooccur.txt|symptom_herb_tcm_mesh_long.txt
淡竹叶,痄腮,1,symptom_herb_tcm_mesh_cooccur.txt
淡竹叶,麻疹,1,symptom_herb_tcm_mesh_cooccur.txt
淡豆豉,咳嗽,1,symptom_herb_tcm_mesh_cooccur.txt
淡豆豉,头晕,1,symptom_herb_tcm_mesh_cooccur.txt
淡豆豉,头痛,5,herb_symptom_db_knowledge.txt|herb_symptom_knowledge.txt|symptom_herb_tcm_mesh.txt|symptom_herb_tcm_mesh_cooccur.txt|symptom_herb_tcm_mesh_long.txt
淡豆豉,寒热,1,symptom_herb_tcm_mesh_long.txt
淡豆豉,心烦,1,herb_symptom_db_knowledge.txt
淡豆豉,恶寒,1,symptom_herb_tcm_mesh_cooccur.txt
淡豆豉,恶寒发热,1,symptom_herb_tcm_mesh_cooccur.txt
淡豆豉,烦躁,4,herb_symptom_knowledge.txt|symptom_herb_tcm_mesh.txt|symptom_herb_tcm_mesh_cooccur.txt|symptom_herb_tcm_mesh_long.txt
淡豆豉,烦躁胸闷,1,symptom_herb_tcm_mesh_long.txt
淡豆豉,胸闷,5,herb_symptom_db_knowledge.txt|herb_symptom_knowledge.txt|symptom_herb_tcm_mesh.txt|symptom_herb_tcm_mesh_cooccur.txt|symptom_herb_tcm_mesh_long.txt
淡豆豉,虚烦不眠,1,symptom_herb_tcm_mesh_long.txt
淡豆豉,谵语,1,symptom_herb_tcm_mesh_cooccur.txt
淫羊藿,健忘,1,symptom_herb_tcm_mesh_cooccur.txt
淫羊藿,半身不遂,5,herb_symptom_db_knowledge.txt|herb_symptom_knowledge.txt|symptom_herb_tcm_mesh.txt|symptom_herb_tcm_mesh_cooccur.txt|symptom_herb_tcm_mesh_long.txt
淫羊藿,四肢,1,symptom_herb_tcm_mesh_long.txt
淫羊藿,头晕,1,symptom_herb_tcm_mesh_cooccur.txt
淫羊藿,尿频,1,symptom_herb_tcm_mesh_long.txt
淫羊藿,心悸,1,symptom_herb_tcm_mesh_cooccur.txt
淫羊藿,筋骨痿软,1,symptom_herb_tcm_mesh_long.txt
淫羊藿,胸闷,1,symptom_herb_tcm_mesh_cooccur.txt
淫羊藿,腰痛,1,symptom_herb_tcm_mesh_cooccur.txt
淫羊藿,腰膝酸软,1,symptom_herb_tcm_mesh_long.txt
淫羊藿,遗精,1,symptom_herb_tcm_mesh_long.txt
淫羊藿,阳痿,1,symptom_herb_tcm_mesh_long.txt
淫羊藿,阳痿遗精,1,symptom_herb_tcm_mesh_long.txt
淫羊藿,麻木,1,symptom_herb_tcm_mesh_long.txt
滑石,口渴,1,symptom_herb_tcm_mesh_cooccur.txt
滑石,呕吐,1,symptom_herb_tcm_mesh_cooccur.txt
滑石,咳嗽,1,symptom_herb_tcm_mesh_cooccur.txt
滑石,壮热,1,symptom_herb_tcm_mesh_cooccur.txt
滑石,大便秘结,1,symptom_herb_tcm_mesh_cooccur.txt
滑石,头痛,1,symptom_herb_tcm_mesh_cooccur.txt
滑石,小便,1,symptom_herb_tcm_mesh_long.txt
滑石,小便不利,5,herb_symptom_db_knowledge.txt|herb_symptom_knowledge.txt|symptom_herb_tcm_mesh.txt|symptom_herb_tcm_mesh_cooccur.txt|symptom_herb_tcm_mesh_long.txt
滑石,小便频数,1,symptom_herb_tcm_mesh_cooccur.txt
滑石,小便黄赤,1,symptom_herb_tcm_mesh_cooccur.txt
滑石,尿血,1,symptom_herb_tcm_mesh_cooccur.txt
滑石,心烦,1,symptom_herb_tcm_mesh_cooccur.txt
滑石,恶寒,1,symptom_herb_tcm_mesh_cooccur.txt
滑石,水肿,1,symptom_herb_tcm_mesh_long.txt
滑石,湿疮,4,herb_symptom_db_knowledge.txt|herb_symptom_knowledge.txt|symptom_herb_tcm_mesh.txt|symptom_herb_tcm_mesh_cooccur.txt
滑石,烦渴,1,symptom_herb_tcm_mesh_long.txt
滑石,痱子,2,symptom_herb_tcm_mesh.txt|symptom_herb_tcm_mesh_cooccur.txt
滑石,腹痛,1,symptom_herb_tcm_mesh_cooccur.txt
滑石,舌干,1,symptom_herb_tcm_mesh_cooccur.txt
滑石,衄血,1,symptom_herb_tcm_mesh_long.txt
滑石,鼻塞,1,symptom_herb_tcm_mesh_cooccur.txt
滑石粉,口渴,1,symptom_herb_tcm_mesh_cooccur.txt
滑石粉,头痛,1,symptom_herb_tcm_mesh_cooccur.txt
滑石粉,湿疮,3,herb_symptom_knowledge.txt|symptom_herb_tcm_mesh.txt|symptom_herb_tcm_mesh_cooccur.txt
滑石粉,烦渴,1,symptom_herb_tcm_mesh_long.txt
滑石粉,痱子,3,herb_symptom_knowledge.txt|symptom_herb_tcm_mesh.txt|symptom_herb_tcm_mesh_cooccur.txt
滑石粉,舌干,1,symptom_herb_tcm_mesh_cooccur.txt
满山红,咳嗽,1,symptom_herb_tcm_mesh_cooccur.txt
漏芦,瘰疬,2,symptom_herb_tcm_mesh.txt|symptom_herb_tcm_mesh_cooccur.txt
漏芦,目赤,1,symptom_herb_tcm_mesh_long.txt
漏芦,腹痛,5,herb_symptom_db_knowledge.txt|herb_symptom_knowledge.txt|symptom_herb_tcm_mesh.txt|symptom_herb_tcm_mesh_cooccur.txt|symptom_herb_tcm_mesh_long.txt
火炭母,咽痛,1,symptom_herb_tcm_mesh_long.txt
火麻仁,丹毒,4,herb_symptom_db_knowledge.txt|herb_symptom_knowledge.txt|symptom_herb_tcm_mesh.txt|symptom_herb_tcm_mesh_cooccur.txt
火麻仁,便秘,1,symptom_herb_tcm_mesh_long.txt
火麻仁,小便频数,1,symptom_herb_tcm_mesh_cooccur.txt
火麻仁,月经不调,1,symptom_herb_tcm_mesh_long.txt
灯心草,不寐,5,herb_symptom_db_knowledge.txt|herb_symptom_knowledge.txt|symptom_herb_tcm_mesh.txt|symptom_herb_tcm_mesh_cooccur.txt|symptom_herb_tcm_mesh_long.txt
灯心草,丹毒,1,symptom_herb_tcm_mesh_cooccur.txt
灯心草,口舌生疮,1,symptom_herb_tcm_mesh_long.txt
灯心草,失眠,1,symptom_herb_tcm_mesh_long.txt
灯心草,小便,1,symptom_herb_tcm_mesh_long.txt
灯心草,小便不利,5,herb_symptom_db_knowledge.txt|herb_symptom_knowledge.txt|symptom_herb_tcm_mesh.txt|symptom_herb_tcm_mesh_cooccur.txt|symptom_herb_tcm_mesh_long.txt
灯心草,尿少,1,symptom_herb_tcm_mesh_long.txt
灯心草,心烦,5,herb_symptom_db_knowledge.txt|herb_symptom_knowledge.txt|symptom_herb_tcm_mesh.txt|symptom_herb_tcm_mesh_cooccur.txt|symptom_herb_tcm_mesh_long.txt
灯心草,心烦不寐,1,symptom_herb_tcm_mesh_long.txt
灯心草,心烦失眠,1,symptom_herb_tcm_mesh_long.txt
灯心草,水肿,1,symptom_herb_tcm_mesh_long.txt
灯心草,烦躁,1,symptom_herb_tcm_mesh_cooccur.txt
灯盏细辛,牙痛,4,herb_symptom_db_knowledge.txt|herb_symptom_knowledge.txt|symptom_herb_tcm_mesh.txt|symptom_herb_tcm_mesh_cooccur.txt
灯盏细辛,疳积,1,herb_symptom_db_knowledge.txt
灯盏细辛,瘫痪,4,herb_symptom_db_knowledge.txt|herb_symptom_knowledge.txt|symptom_herb_tcm_mesh.txt|symptom_herb_tcm_mesh_cooccur.txt
灯盏细辛,胃痛,1,herb_symptom_db_knowledge.txt
灵猫香,腹痛,1,herb_symptom_db_knowledge.txt
灵芝,头昏,1,symptom_herb_tcm_mesh_cooccur.txt
灵芝,头晕,1,herb_symptom_db_knowledge.txt
灵芝,心悸,5,herb_symptom_db_knowledge.txt|herb_symptom_knowledge.txt|symptom_herb_tcm_mesh.txt|symptom_herb_tcm_mesh_cooccur.txt|symptom_herb_tcm_mesh_long.txt
灵芝,心悸气短,1,symptom_herb_tcm_mesh_long.txt
灵芝,气喘,1,herb_symptom_db_knowledge.txt
灵芝,气短,1,symptom_herb_tcm_mesh_long.txt
灵芝,疲乏,1,herb_symptom_db_knowledge.txt
灵芝,眩晕,1,symptom_herb_tcm_mesh_long.txt
灶心土,出血,1,symptom_herb_tcm_mesh_long.txt
灶心土,反胃,4,herb_symptom_knowledge.txt|symptom_herb_tcm_mesh.txt|symptom_herb_tcm_mesh_cooccur.txt|symptom_herb_tcm_mesh_long.txt
灶心土,呕吐,4,herb_symptom_knowledge.txt|symptom_herb_tcm_mesh.txt|symptom_herb_tcm_mesh_cooccur.txt|symptom_herb_tcm_mesh_long.txt
灶心土,腹痛,4,herb_symptom_knowledge.txt|symptom_herb_tcm_mesh.txt|symptom_herb_tcm_mesh_cooccur.txt|symptom_herb_tcm_mesh_long.txt
灶心土,腹痛泄泻,1,symptom_herb_tcm_mesh_long.txt
炉甘石,头昏,1,symptom_herb_tcm_mesh_cooccur.txt
炉甘石,头痛,1,symptom_herb_tcm_mesh_cooccur.txt
炉甘石,湿疮,4,herb_symptom_db_knowledge.txt|herb_symptom_knowledge.txt|symptom_herb_tcm_mesh.txt|symptom_herb_tcm_mesh_cooccur.txt
炉甘石,痫,1,symptom_herb_tcm_mesh_cooccur.txt
炉甘石,瘙痒,1,symptom_herb_tcm_mesh_long.txt
炉甘石,皮肤瘙痒,4,herb_symptom_knowledge.txt|symptom_herb_tcm_mesh.txt|symptom_herb_tcm_mesh_cooccur.txt|symptom_herb_tcm_mesh_long.txt
炉甘石,目赤,1,symptom_herb_tcm_mesh_long.txt
炉甘石,脓水淋漓,1,symptom_herb_tcm_mesh_long.txt
炙甘草,乏力,1,symptom_herb_tcm_mesh_long.txt
炙甘草,低热,1,symptom_herb_tcm_mesh_cooccur.txt
炙甘草,倦怠,1,symptom_herb_tcm_mesh_long.txt
炙甘草,倦怠乏力,1,symptom_herb_tcm_mesh_long.txt
炙甘草,吞酸,1,symptom_herb_tcm_mesh_cooccur.txt
炙甘草,呃逆,1,symptom_herb_tcm_mesh_cooccur.txt
炙甘草,呕吐,1,symptom_herb_tcm_mesh_cooccur.txt
炙甘草,咳嗽,1,symptom_herb_tcm_mesh_cooccur.txt
炙甘草,咳痰,1,symptom_herb_tcm_mesh_cooccur.txt
炙甘草,咳血,1,symptom_herb_tcm_mesh_cooccur.txt
炙甘草,咽干,1,symptom_herb_tcm_mesh_cooccur.txt
炙甘草,嘈杂,1,symptom_herb_tcm_mesh_cooccur.txt
炙甘草,头晕,1,symptom_herb_tcm_mesh_cooccur.txt
炙甘草,头痛,1,symptom_herb_tcm_mesh_cooccur.txt
炙甘草,小便频数,1,symptom_herb_tcm_mesh_cooccur.txt
炙甘草,尿血,1,symptom_herb_tcm_mesh_cooccur.txt
炙甘草,心悸,1,symptom_herb_tcm_mesh_cooccur.txt
炙甘草,恶寒,1,symptom_herb_tcm_mesh_cooccur.txt
炙甘草,恶寒发热,1,symptom_herb_tcm_mesh_cooccur.txt
炙甘草,恶风,1,symptom_herb_tcm_mesh_cooccur.txt
炙甘草,无汗,1,symptom_herb_tcm_mesh_cooccur.txt
炙甘草,潮热,1,symptom_herb_tcm_mesh_cooccur.txt
炙甘草,盗汗,1,symptom_herb_tcm_mesh_cooccur.txt
炙甘草,短气,1,symptom_herb_tcm_mesh_cooccur.txt
炙甘草,耳聋,1,symptom_herb_tcm_mesh_cooccur.txt
炙甘草,胃痛,1,symptom_herb_tcm_mesh_cooccur.txt
炙甘草,胎动不安,1,symptom_herb_tcm_mesh_cooccur.txt
炙甘草,脉结代,1,symptom_herb_tcm_mesh_long.txt
炙甘草,脱肛,1,symptom_herb_tcm_mesh_cooccur.txt
炙甘草,腹冷,1,symptom_herb_tcm_mesh_cooccur.txt
炙甘草,腹泻,1,symptom_herb_tcm_mesh_cooccur.txt
炙甘草,腹痛,1,symptom_herb_tcm_mesh_cooccur.txt
炙甘草,舌苔白,1,symptom_herb_tcm_mesh_cooccur.txt
炙甘草,舌苔白腻,1,symptom_herb_tcm_mesh_cooccur.txt
炙甘草,身重,1,symptom_herb_tcm_mesh_cooccur.txt
炙甘草,阴挺,1,symptom_herb_tcm_mesh_cooccur.txt
炙甘草,食欲不振,1,symptom_herb_tcm_mesh_cooccur.txt
炙甘草,骨痛,1,symptom_herb_tcm_mesh_cooccur.txt
炙甘草,黄色,1,symptom_herb_tcm_mesh_long.txt
炮姜,产后腹痛,1,symptom_herb_tcm_mesh_cooccur.txt
炮姜,便血,1,herb_symptom_db_knowledge.txt
炮姜,吐血,1,herb_symptom_db_knowledge.txt
炮姜,呕吐,2,herb_symptom_db_knowledge.txt|symptom_herb_tcm_mesh_cooccur.txt
炮姜,崩漏,5,herb_symptom_db_knowledge.txt|herb_symptom_knowledge.txt|symptom_herb_tcm_mesh.txt|symptom_herb_tcm_mesh_cooccur.txt|symptom_herb_tcm_mesh_long.txt
炮姜,腹冷,1,symptom_herb_tcm_mesh_cooccur.txt
炮姜,腹痛,4,herb_symptom_knowledge.txt|symptom_herb_tcm_mesh.txt|symptom_herb_tcm_mesh_cooccur.txt|symptom_herb_tcm_mesh_long.txt
煅石膏,出血,1,symptom_herb_tcm_mesh_long.txt
煅石膏,瘙痒,1,symptom_herb_tcm_mesh_long.txt
熊胆,烦躁,1,symptom_herb_tcm_mesh_cooccur.txt
熊胆,痫,4,herb_symptom_db_knowledge.txt|herb_symptom_knowledge.txt|symptom_herb_tcm_mesh.txt|symptom_herb_tcm_mesh_cooccur.txt
熟地黄,不孕,4,herb_symptom_db_knowledge.txt|herb_symptom_knowledge.txt|symptom_herb_tcm_mesh.txt|symptom_herb_tcm_mesh_cooccur.txt
熟地黄,便秘,1,symptom_herb_tcm_mesh_long.txt
熟地黄,健忘,1,symptom_herb_tcm_mesh_cooccur.txt
熟地黄,咳嗽,1,symptom_herb_tcm_mesh_cooccur.txt
熟地黄,咳血,1,symptom_herb_tcm_mesh_cooccur.txt
熟地黄,咽干,1,symptom_herb_tcm_mesh_cooccur.txt
熟地黄,喘促,1,symptom_herb_tcm_mesh_long.txt
熟地黄,头晕,1,symptom_herb_tcm_mesh_cooccur.txt
熟地黄,小便不利,1,symptom_herb_tcm_mesh_cooccur.txt
熟地黄,崩漏,3,symptom_herb_tcm_mesh.txt|symptom_herb_tcm_mesh_cooccur.txt|symptom_herb_tcm_mesh_long.txt
熟地黄,心悸,5,herb_symptom_db_knowledge.txt|herb_symptom_knowledge.txt|symptom_herb_tcm_mesh.txt|symptom_herb_tcm_mesh_cooccur.txt|symptom_herb_tcm_mesh_long.txt
熟地黄,心悸怔忡,1,symptom_herb_tcm_mesh_long.txt
熟地黄,心烦,1,symptom_herb_tcm_mesh_cooccur.txt
熟地黄,怔忡,1,symptom_herb_tcm_mesh_long.txt
熟地黄,月经不调,1,symptom_herb_tcm_mesh_long.txt
熟地黄,月经过多,1,symptom_herb_tcm_mesh_cooccur.txt
熟地黄,浮肿,1,symptom_herb_tcm_mesh_cooccur.txt
熟地黄,漏下,2,symptom_herb_tcm_mesh.txt|symptom_herb_tcm_mesh_cooccur.txt
熟地黄,潮热,5,herb_symptom_db_knowledge.txt|herb_symptom_knowledge.txt|symptom_herb_tcm_mesh.txt|symptom_herb_tcm_mesh_cooccur.txt|symptom_herb_tcm_mesh_long.txt
熟地黄,潮热盗汗,1,symptom_herb_tcm_mesh_long.txt
熟地黄,烦躁,1,symptom_herb_tcm_mesh_cooccur.txt
熟地黄,畏寒,1,symptom_herb_tcm_mesh_cooccur.txt
熟地黄,疲乏,1,symptom_herb_tcm_mesh_cooccur.txt
熟地黄,瘫痪,1,symptom_herb_tcm_mesh_cooccur.txt
熟地黄,白带,1,symptom_herb_tcm_mesh_cooccur.txt
熟地黄,盗汗,5,herb_symptom_db_knowledge.txt|herb_symptom_knowledge.txt|symptom_herb_tcm_mesh.txt|symptom_herb_tcm_mesh_cooccur.txt|symptom_herb_tcm_mesh_long.txt
熟地黄,目昏,4,herb_symptom_db_knowledge.txt|herb_symptom_knowledge.txt|symptom_herb_tcm_mesh.txt|symptom_herb_tcm_mesh_cooccur.txt
熟地黄,眩晕,1,symptom_herb_tcm_mesh_long.txt
熟地黄,耳聋,5,herb_symptom_db_knowledge.txt|herb_symptom_knowledge.txt|symptom_herb_tcm_mesh.txt|symptom_herb_tcm_mesh_cooccur.txt|symptom_herb_tcm_mesh_long.txt
熟地黄,耳鸣,1,symptom_herb_tcm_mesh_long.txt
熟地黄,耳鸣耳聋,1,symptom_herb_tcm_mesh_long.txt
熟地黄,胎动不安,1,symptom_herb_tcm_mesh_cooccur.txt
熟地黄,胸闷,1,symptom_herb_tcm_mesh_cooccur.txt
熟地黄,脱发,1,symptom_herb_tcm_mesh_cooccur.txt
熟地黄,腰痛,1,symptom_herb_tcm_mesh_cooccur.txt
熟地黄,腰膝酸软,1,symptom_herb_tcm_mesh_long.txt
熟地黄,腹冷,1,symptom_herb_tcm_mesh_cooccur.txt
熟地黄,腹痛,1,symptom_herb_tcm_mesh_cooccur.txt
熟地黄,赤白带,1,symptom_herb_tcm_mesh_cooccur.txt
熟地黄,遗精,1,symptom_herb_tcm_mesh_long.txt
熟地黄,遗精阳痿,1,symptom_herb_tcm_mesh_long.txt
熟地黄,阳痿,1,symptom_herb_tcm_mesh_long.txt
熟地黄,须发早白,4,herb_symptom_db_knowledge.txt|herb_symptom_knowledge.txt|symptom_herb_tcm_mesh.txt|symptom_herb_tcm_mesh_cooccur.txt
熟地黄,食欲不振,1,symptom_herb_tcm_mesh_cooccur.txt
爵床,发热,1,symptom_herb_tcm_mesh_long.txt
爵床,咳嗽,5,herb_symptom_db_knowledge.txt|herb_symptom_knowledge.txt|symptom_herb_tcm_mesh.txt|symptom_herb_tcm_mesh_cooccur.txt|symptom_herb_tcm_mesh_long.txt
爵床,咳血,1,symptom_herb_tcm_mesh_cooccur.txt
爵床,咽喉肿痛,1,symptom_herb_tcm_mesh_long.txt
爵床,小便,1,symptom_herb_tcm_mesh_long.txt
爵床,浮肿,5,herb_symptom_db_knowledge.txt|herb_symptom_knowledge.txt|symptom_herb_tcm_mesh.txt|symptom_herb_tcm_mesh_cooccur.txt|symptom_herb_tcm_mesh_long.txt
爵床,疳积,4,herb_symptom_db_knowledge.txt|herb_symptom_knowledge.txt|symptom_herb_tcm_mesh.txt|symptom_herb_tcm_mesh_cooccur.txt
爵床,疼痛,1,symptom_herb_tcm_mesh_long.txt
爵床,痄腮,1,symptom_herb_tcm_mesh_cooccur.txt
爵床,痫,1,symptom_herb_tcm_mesh_cooccur.txt
爵床,目赤,1,symptom_herb_tcm_mesh_long.txt
爵床,胸痛,1,symptom_herb_tcm_mesh_cooccur.txt
爵床,顿咳,1,symptom_herb_tcm_mesh_cooccur.txt
片姜黄,刺痛,1,symptom_herb_tcm_mesh_long.txt
片姜黄,疼痛,1,symptom_herb_tcm_mesh_long.txt
片姜黄,胸胁刺痛,1,symptom_herb_tcm_mesh_long.txt
片姜黄,腹痛,4,herb_symptom_knowledge.txt|symptom_herb_tcm_mesh.txt|symptom_herb_tcm_mesh_cooccur.txt|symptom_herb_tcm_mesh_long.txt
牛胆,咳嗽,1,herb_symptom_db_knowledge.txt
牛胆,烦躁,1,symptom_herb_tcm_mesh_cooccur.txt
牛胆,神昏,1,symptom_herb_tcm_mesh_cooccur.txt
牛膝,丹毒,1,symptom_herb_tcm_mesh_cooccur.txt
牛膝,健忘,1,symptom_herb_tcm_mesh_cooccur.txt
牛膝,关节疼痛,1,symptom_herb_tcm_mesh_cooccur.txt
牛膝,半身不遂,1,symptom_herb_tcm_mesh_cooccur.txt
牛膝,口苦,1,symptom_herb_tcm_mesh_cooccur.txt
牛膝,咳嗽,1,symptom_herb_tcm_mesh_cooccur.txt
牛膝,咽喉肿痛,1,symptom_herb_tcm_mesh_long.txt
牛膝,四肢疼痛,1,symptom_herb_tcm_mesh_cooccur.txt
牛膝,四肢麻木,1,symptom_herb_tcm_mesh_cooccur.txt
牛膝,大便秘结,1,symptom_herb_tcm_mesh_cooccur.txt
牛膝,头昏,1,symptom_herb_tcm_mesh_cooccur.txt
牛膝,头晕,1,symptom_herb_tcm_mesh_cooccur.txt
牛膝,头痛,1,symptom_herb_tcm_mesh_cooccur.txt
牛膝,小便不利,1,symptom_herb_tcm_mesh_cooccur.txt
牛膝,小便清长,1,symptom_herb_tcm_mesh_cooccur.txt
牛膝,崩漏,1,symptom_herb_tcm_mesh_cooccur.txt
牛膝,心悸,1,symptom_herb_tcm_mesh_cooccur.txt
牛膝,恶风,1,symptom_herb_tcm_mesh_cooccur.txt
牛膝,潮热,1,symptom_herb_tcm_mesh_cooccur.txt
牛膝,疲乏,1,symptom_herb_tcm_mesh_cooccur.txt
牛膝,白带,1,symptom_herb_tcm_mesh_cooccur.txt
牛膝,盗汗,1,symptom_herb_tcm_mesh_cooccur.txt
牛膝,眩晕,1,symptom_herb_tcm_mesh_long.txt
牛膝,耳聋,1,symptom_herb_tcm_mesh_cooccur.txt
牛膝,背痛,1,symptom_herb_tcm_mesh_cooccur.txt
牛膝,胞衣不下,4,herb_symptom_db_knowledge.txt|herb_symptom_knowledge.txt|symptom_herb_tcm_mesh.txt|symptom_herb_tcm_mesh_cooccur.txt
牛膝,胸痛,1,symptom_herb_tcm_mesh_cooccur.txt
牛膝,腰痛,1,symptom_herb_tcm_mesh_cooccur.txt
牛膝,腹痛,5,herb_symptom_db_knowledge.txt|herb_symptom_knowledge.txt|symptom_herb_tcm_mesh.txt|symptom_herb_tcm_mesh_cooccur.txt|symptom_herb_tcm_mesh_long.txt
牛膝,须发早白,1,symptom_herb_tcm_mesh_cooccur.txt
牛蒡,丹毒,1,symptom_herb_tcm_mesh_cooccur.txt
牛蒡,口渴,1,symptom_herb_tcm_mesh_cooccur.txt
牛蒡,咳嗽,1,symptom_herb_tcm_mesh_cooccur.txt
牛蒡,咽喉痛,1,symptom_herb_tcm_mesh_cooccur.txt
牛蒡,咽干,1,symptom_herb_tcm_mesh_cooccur.txt
牛蒡,壮热,1,symptom_herb_tcm_mesh_cooccur.txt
牛蒡,头晕,4,herb_symptom_knowledge.txt|symptom_herb_tcm_mesh.txt|symptom_herb_tcm_mesh_cooccur.txt|symptom_herb_tcm_mesh_long.txt
牛蒡,头痛,1,symptom_herb_tcm_mesh_cooccur.txt
牛蒡,恶寒,1,symptom_herb_tcm_mesh_cooccur.txt
牛蒡,恶寒发热,1,symptom_herb_tcm_mesh_cooccur.txt
牛蒡,恶风,1,symptom_herb_tcm_mesh_cooccur.txt
牛蒡,无汗,1,symptom_herb_tcm_mesh_cooccur.txt
牛蒡,气喘,1,symptom_herb_tcm_mesh_cooccur.txt
牛蒡,牙痛,1,symptom_herb_tcm_mesh_cooccur.txt
牛蒡,牙龈出血,1,symptom_herb_tcm_mesh_cooccur.txt
牛蒡,痄腮,1,symptom_herb_tcm_mesh_cooccur.txt
牛蒡,瘰疬,1,symptom_herb_tcm_mesh_cooccur.txt
牛蒡,麻疹,1,symptom_herb_tcm_mesh_cooccur.txt
牛蒡,鼻塞,1,symptom_herb_tcm_mesh_cooccur.txt
牛蒡子,丹毒,2,symptom_herb_tcm_mesh.txt|symptom_herb_tcm_mesh_cooccur.txt
牛蒡子,口渴,1,symptom_herb_tcm_mesh_cooccur.txt
牛蒡子,咳嗽,5,herb_symptom_db_knowledge.txt|herb_symptom_knowledge.txt|symptom_herb_tcm_mesh.txt|symptom_herb_tcm_mesh_cooccur.txt|symptom_herb_tcm_mesh_long.txt
牛蒡子,咳嗽痰多,1,symptom_herb_tcm_mesh_long.txt
牛蒡子,咽喉痛,1,symptom_herb_tcm_mesh_cooccur.txt
牛蒡子,咽喉肿痛,1,symptom_herb_tcm_mesh_long.txt
牛蒡子,咽干,1,symptom_herb_tcm_mesh_cooccur.txt
牛蒡子,壮热,1,symptom_herb_tcm_mesh_cooccur.txt
牛蒡子,头晕,1,symptom_herb_tcm_mesh_cooccur.txt
牛蒡子,头痛,1,symptom_herb_tcm_mesh_cooccur.txt
牛蒡子,恶寒,1,symptom_herb_tcm_mesh_cooccur.txt
牛蒡子,恶寒发热,1,symptom_herb_tcm_mesh_cooccur.txt
牛蒡子,恶风,1,symptom_herb_tcm_mesh_cooccur.txt
牛蒡子,无汗,1,symptom_herb_tcm_mesh_cooccur.txt
牛蒡子,气喘,1,symptom_herb_tcm_mesh_cooccur.txt
牛蒡子,牙痛,1,symptom_herb_tcm_mesh_cooccur.txt
牛蒡子,牙龈出血,1,symptom_herb_tcm_mesh_cooccur.txt
牛蒡子,痄腮,2,symptom_herb_tcm_mesh.txt|symptom_herb_tcm_mesh_cooccur.txt
牛蒡子,痰多,1,symptom_herb_tcm_mesh_long.txt
牛蒡子,瘙痒,1,symptom_herb_tcm_mesh_long.txt
牛蒡子,麻疹,2,symptom_herb_tcm_mesh.txt|symptom_herb_tcm_mesh_cooccur.txt
牛蒡子,鼻塞,1,symptom_herb_tcm_mesh_cooccur.txt
牛黄,半身不遂,1,symptom_herb_tcm_mesh_cooccur.txt
牛黄,发狂,2,symptom_herb_tcm_mesh.txt|symptom_herb_tcm_mesh_cooccur.txt
牛黄,口渴,1,symptom_herb_tcm_mesh_cooccur.txt
牛黄,口舌生疮,1,symptom_herb_tcm_mesh_long.txt
牛黄,口苦,1,symptom_herb_tcm_mesh_cooccur.txt
牛黄,呕吐,1,symptom_herb_tcm_mesh_cooccur.txt
牛黄,咳嗽,1,symptom_herb_tcm_mesh_cooccur.txt
牛黄,咽喉痛,1,symptom_herb_tcm_mesh_cooccur.txt
牛黄,咽喉肿痛,1,symptom_herb_tcm_mesh_long.txt
牛黄,咽干,1,symptom_herb_tcm_mesh_cooccur.txt
牛黄,大便秘结,1,symptom_herb_tcm_mesh_cooccur.txt
牛黄,头晕,1,symptom_herb_tcm_mesh_cooccur.txt
牛黄,头痛,1,symptom_herb_tcm_mesh_cooccur.txt
牛黄,急惊,4,herb_symptom_db_knowledge.txt|herb_symptom_knowledge.txt|symptom_herb_tcm_mesh.txt|symptom_herb_tcm_mesh_cooccur.txt
牛黄,恶风,1,symptom_herb_tcm_mesh_cooccur.txt
牛黄,抽搐,1,symptom_herb_tcm_mesh_long.txt
牛黄,气喘,1,symptom_herb_tcm_mesh_cooccur.txt
牛黄,烦躁,1,symptom_herb_tcm_mesh_cooccur.txt
牛黄,牙痛,1,symptom_herb_tcm_mesh_cooccur.txt
牛黄,牙龈肿痛,1,symptom_herb_tcm_mesh_cooccur.txt
牛黄,痫,4,herb_symptom_db_knowledge.txt|herb_symptom_knowledge.txt|symptom_herb_tcm_mesh.txt|symptom_herb_tcm_mesh_cooccur.txt
牛黄,瘫痪,1,symptom_herb_tcm_mesh_cooccur.txt
牛黄,神昏,5,herb_symptom_db_knowledge.txt|herb_symptom_knowledge.txt|symptom_herb_tcm_mesh.txt|symptom_herb_tcm_mesh_cooccur.txt|symptom_herb_tcm_mesh_long.txt
牛黄,胸闷,1,symptom_herb_tcm_mesh_cooccur.txt
牛黄,腹痛,1,symptom_herb_tcm_mesh_cooccur.txt
牛黄,舌肿,1,symptom_herb_tcm_mesh_cooccur.txt
牛黄,谵语,1,symptom_herb_tcm_mesh_cooccur.txt
牛黄,鼻塞,1,symptom_herb_tcm_mesh_cooccur.txt
牡丹,关节疼痛,1,symptom_herb_tcm_mesh_cooccur.txt
牡丹,半身不遂,1,symptom_herb_tcm_mesh_cooccur.txt
牡丹,吐血,1,symptom_herb_tcm_mesh_cooccur.txt
牡丹,咳嗽,1,symptom_herb_tcm_mesh_cooccur.txt
牡丹,咳血,1,symptom_herb_tcm_mesh_cooccur.txt
牡丹,咽干,1,symptom_herb_tcm_mesh_cooccur.txt
牡丹,壮热,1,symptom_herb_tcm_mesh_cooccur.txt
牡丹,头晕,1,symptom_herb_tcm_mesh_cooccur.txt
牡丹,小便不利,1,symptom_herb_tcm_mesh_cooccur.txt
牡丹,尿痛,1,symptom_herb_tcm_mesh_cooccur.txt
牡丹,崩漏,1,symptom_herb_tcm_mesh_cooccur.txt
牡丹,无汗,1,symptom_herb_tcm_mesh_cooccur.txt
牡丹,浮肿,1,symptom_herb_tcm_mesh_cooccur.txt
牡丹,潮热,1,symptom_herb_tcm_mesh_cooccur.txt
牡丹,烦躁,1,symptom_herb_tcm_mesh_cooccur.txt
牡丹,牙痛,1,symptom_herb_tcm_mesh_cooccur.txt
牡丹,牙龈出血,1,symptom_herb_tcm_mesh_cooccur.txt
牡丹,疲乏,1,symptom_herb_tcm_mesh_cooccur.txt
牡丹,盗汗,1,symptom_herb_tcm_mesh_cooccur.txt
牡丹,神昏,1,symptom_herb_tcm_mesh_cooccur.txt
牡丹,经期延长,1,symptom_herb_tcm_mesh_cooccur.txt
牡丹,耳聋,1,symptom_herb_tcm_mesh_cooccur.txt
牡丹,腰痛,1,symptom_herb_tcm_mesh_cooccur.txt
牡丹,腹痛,1,symptom_herb_tcm_mesh_cooccur.txt
牡丹,谵语,1,symptom_herb_tcm_mesh_cooccur.txt
牡丹皮,关节疼痛,1,symptom_herb_tcm_mesh_cooccur.txt
牡丹皮,半身不遂,1,symptom_herb_tcm_mesh_cooccur.txt
牡丹皮,发热,1,symptom_herb_tcm_mesh_long.txt
牡丹皮,吐血,2,symptom_herb_tcm_mesh.txt|symptom_herb_tcm_mesh_cooccur.txt
牡丹皮,吐血衄血,1,symptom_herb_tcm_mesh_long.txt
牡丹皮,咳血,1,symptom_herb_tcm_mesh_cooccur.txt
牡丹皮,咽干,1,symptom_herb_tcm_mesh_cooccur.txt
牡丹皮,壮热,1,symptom_herb_tcm_mesh_cooccur.txt
牡丹皮,头晕,1,symptom_herb_tcm_mesh_cooccur.txt
牡丹皮,小便不利,1,symptom_herb_tcm_mesh_cooccur.txt
牡丹皮,尿痛,1,symptom_herb_tcm_mesh_cooccur.txt
牡丹皮,崩漏,1,symptom_herb_tcm_mesh_cooccur.txt
牡丹皮,无汗,3,symptom_herb_tcm_mesh.txt|symptom_herb_tcm_mesh_cooccur.txt|symptom_herb_tcm_mesh_long.txt
牡丹皮,浮肿,1,symptom_herb_tcm_mesh_cooccur.txt
牡丹皮,潮热,5,herb_symptom_db_knowledge.txt|herb_symptom_knowledge.txt|symptom_herb_tcm_mesh.txt|symptom_herb_tcm_mesh_cooccur.txt|symptom_herb_tcm_mesh_long.txt
牡丹皮,烦躁,1,symptom_herb_tcm_mesh_cooccur.txt
牡丹皮,牙痛,1,symptom_herb_tcm_mesh_cooccur.txt
牡丹皮,牙龈出血,1,symptom_herb_tcm_mesh_cooccur.txt
牡丹皮,疲乏,1,symptom_herb_tcm_mesh_cooccur.txt
牡丹皮,盗汗,1,symptom_herb_tcm_mesh_cooccur.txt
牡丹皮,神昏,1,symptom_herb_tcm_mesh_cooccur.txt
牡丹皮,经期延长,1,symptom_herb_tcm_mesh_cooccur.txt
牡丹皮,耳聋,1,symptom_herb_tcm_mesh_cooccur.txt
牡丹皮,腰痛,1,symptom_herb_tcm_mesh_cooccur.txt
牡丹皮,腹痛,1,symptom_herb_tcm_mesh_cooccur.txt
牡丹皮,衄血,1,symptom_herb_tcm_mesh_long.txt
牡丹皮,谵语,1,symptom_herb_tcm_mesh_cooccur.txt
牡蛎,吞酸,3,symptom_herb_tcm_mesh.txt|symptom_herb_tcm_mesh_cooccur.txt|symptom_herb_tcm_mesh_long.txt
牡蛎,失眠,1,symptom_herb_tcm_mesh_long.txt
牡蛎,头晕,1,symptom_herb_tcm_mesh_cooccur.txt
牡蛎,崩漏,5,herb_symptom_db_knowledge.txt|herb_symptom_knowledge.txt|symptom_herb_tcm_mesh.txt|symptom_herb_tcm_mesh_cooccur.txt|symptom_herb_tcm_mesh_long.txt
牡蛎,心悸,1,symptom_herb_tcm_mesh_cooccur.txt
牡蛎,烦躁,1,symptom_herb_tcm_mesh_cooccur.txt
牡蛎,疲乏,1,symptom_herb_tcm_mesh_cooccur.txt
牡蛎,瘰疬,4,herb_symptom_db_knowledge.txt|herb_symptom_knowledge.txt|symptom_herb_tcm_mesh.txt|symptom_herb_tcm_mesh_cooccur.txt
牡蛎,白带,1,symptom_herb_tcm_mesh_cooccur.txt
牡蛎,盗汗,5,herb_symptom_db_knowledge.txt|herb_symptom_knowledge.txt|symptom_herb_tcm_mesh.txt|symptom_herb_tcm_mesh_cooccur.txt|symptom_herb_tcm_mesh_long.txt
牡蛎,眩晕,1,symptom_herb_tcm_mesh_long.txt
牡蛎,眩晕耳鸣,1,symptom_herb_tcm_mesh_long.txt
牡蛎,短气,1,symptom_herb_tcm_mesh_cooccur.txt
牡蛎,耳鸣,1,symptom_herb_tcm_mesh_long.txt
牡蛎,胃痛,2,symptom_herb_tcm_mesh.txt|symptom_herb_tcm_mesh_cooccur.txt
牡蛎,胸闷,1,symptom_herb_tcm_mesh_cooccur.txt
牡蛎,自汗,5,herb_symptom_db_knowledge.txt|herb_symptom_knowledge.txt|symptom_herb_tcm_mesh.txt|symptom_herb_tcm_mesh_cooccur.txt|symptom_herb_tcm_mesh_long.txt
牡蛎,自汗盗汗,1,symptom_herb_tcm_mesh_long.txt
牡蛎,赤白带,1,symptom_herb_tcm_mesh_cooccur.txt
牡蛎,遗精,1,symptom_herb_tcm_mesh_long.txt
牵牛,吞酸,1,symptom_herb_tcm_mesh_cooccur.txt
牵牛,呕吐,1,symptom_herb_tcm_mesh_cooccur.txt
牵牛,嗳气,1,symptom_herb_tcm_mesh_cooccur.txt
牵牛,大便秘结,1,symptom_herb_tcm_mesh_cooccur.txt
牵牛,头痛,1,symptom_herb_tcm_mesh_cooccur.txt
牵牛,恶心,1,symptom_herb_tcm_mesh_cooccur.txt
牵牛,浮肿,1,symptom_herb_tcm_mesh_cooccur.txt
牵牛,积滞,1,symptom_herb_tcm_mesh_cooccur.txt
牵牛,腹痛,1,symptom_herb_tcm_mesh_cooccur.txt
牵牛,舌干,1,symptom_herb_tcm_mesh_cooccur.txt
牵牛,里急后重,1,symptom_herb_tcm_mesh_cooccur.txt
牵牛子,二便不通,1,symptom_herb_tcm_mesh_long.txt
牵牛子,便秘,1,symptom_herb_tcm_mesh_long.txt
牵牛子,吞酸,1,symptom_herb_tcm_mesh_cooccur.txt
牵牛子,呕吐,1,symptom_herb_tcm_mesh_cooccur.txt
牵牛子,嗳气,1,symptom_herb_tcm_mesh_cooccur.txt
牵牛子,大便,1,symptom_herb_tcm_mesh_long.txt
牵牛子,大便秘,1,symptom_herb_tcm_mesh_long.txt
牵牛子,大便秘结,5,herb_symptom_db_knowledge.txt|herb_symptom_knowledge.txt|symptom_herb_tcm_mesh.txt|symptom_herb_tcm_mesh_cooccur.txt|symptom_herb_tcm_mesh_long.txt
牵牛子,头痛,1,symptom_herb_tcm_mesh_cooccur.txt
牵牛子,恶心,1,symptom_herb_tcm_mesh_cooccur.txt
牵牛子,水肿,1,symptom_herb_tcm_mesh_long.txt
牵牛子,浮肿,1,symptom_herb_tcm_mesh_cooccur.txt
牵牛子,积滞,1,symptom_herb_tcm_mesh_cooccur.txt
牵牛子,肿胀,1,symptom_herb_tcm_mesh_long.txt
牵牛子,腰痛,5,herb_symptom_db_knowledge.txt|herb_symptom_knowledge.txt|symptom_herb_tcm_mesh.txt|symptom_herb_tcm_mesh_cooccur.txt|symptom_herb_tcm_mesh_long.txt
牵牛子,腹痛,3,symptom_herb_tcm_mesh.txt|symptom_herb_tcm_mesh_cooccur.txt|symptom_herb_tcm_mesh_long.txt
牵牛子,舌干,1,symptom_herb_tcm_mesh_cooccur.txt
牵牛子,里急后重,1,symptom_herb_tcm_mesh_cooccur.txt
牵牛子,阴囊,1,symptom_herb_tcm_mesh_long.txt
犀角,吐血,1,symptom_herb_tcm_mesh_cooccur.txt
犀角,瘫痪,1,symptom_herb_tcm_mesh_cooccur.txt
狗宝,反胃,5,herb_symptom_db_knowledge.txt|herb_symptom_knowledge.txt|symptom_herb_tcm_mesh.txt|symptom_herb_tcm_mesh_cooccur.txt|symptom_herb_tcm_mesh_long.txt
狗宝,噎膈,4,herb_symptom_db_knowledge.txt|herb_symptom_knowledge.txt|symptom_herb_tcm_mesh.txt|symptom_herb_tcm_mesh_cooccur.txt
狗宝,胁胀,1,symptom_herb_tcm_mesh_long.txt
狗宝,胸胁胀满,1,symptom_herb_tcm_mesh_long.txt
狗脊,四肢麻木,1,symptom_herb_tcm_mesh_cooccur.txt
狗脊,尿频,1,symptom_herb_tcm_mesh_long.txt
狗脊,白带,4,herb_symptom_db_knowledge.txt|herb_symptom_knowledge.txt|symptom_herb_tcm_mesh.txt|symptom_herb_tcm_mesh_cooccur.txt
狗脊,腰痛,5,herb_symptom_db_knowledge.txt|herb_symptom_knowledge.txt|symptom_herb_tcm_mesh.txt|symptom_herb_tcm_mesh_cooccur.txt|symptom_herb_tcm_mesh_long.txt
狗脊,腰膝酸软,1,symptom_herb_tcm_mesh_long.txt
狗脊,膝软,1,symptom_herb_tcm_mesh_long.txt
狗脊,遗精,1,symptom_herb_tcm_mesh_long.txt
独一味,出血,1,symptom_herb_tcm_mesh_long.txt
独活,关节疼痛,1,symptom_herb_tcm_mesh_cooccur.txt
独活,半身不遂,1,symptom_herb_tcm_mesh_cooccur.txt
独活,四肢麻木,1,symptom_herb_tcm_mesh_cooccur.txt
独活,壮热,1,symptom_herb_tcm_mesh_cooccur.txt
独活,头痛,5,herb_symptom_db_knowledge.txt|herb_symptom_knowledge.txt|symptom_herb_tcm_mesh.txt|symptom_herb_tcm_mesh_cooccur.txt|symptom_herb_tcm_mesh_long.txt
独活,恶寒,1,symptom_herb_tcm_mesh_cooccur.txt
独活,疼痛,1,symptom_herb_tcm_mesh_long.txt
独活,瘰疬,1,symptom_herb_tcm_mesh_cooccur.txt
独活,胃痛,1,symptom_herb_tcm_mesh_cooccur.txt
独活,腹冷,1,symptom_herb_tcm_mesh_cooccur.txt
独活,腹泻,1,symptom_herb_tcm_mesh_cooccur.txt
独活,腹痛,1,symptom_herb_tcm_mesh_cooccur.txt
独活,舌苔白,1,symptom_herb_tcm_mesh_cooccur.txt
独活,舌苔白腻,1,symptom_herb_tcm_mesh_cooccur.txt
独活,身痛,1,symptom_herb_tcm_mesh_cooccur.txt
独活,身重,1,symptom_herb_tcm_mesh_cooccur.txt
独活,项强,1,symptom_herb_tcm_mesh_cooccur.txt
猕猴桃,烦热,1,symptom_herb_tcm_mesh_long.txt
猪牙皂,便燥结,1,symptom_herb_tcm_mesh_long.txt
猪牙皂,口噤,4,herb_symptom_knowledge.txt|symptom_herb_tcm_mesh.txt|symptom_herb_tcm_mesh_cooccur.txt|symptom_herb_tcm_mesh_long.txt
猪牙皂,吞酸,1,symptom_herb_tcm_mesh_cooccur.txt
猪牙皂,咯痰不爽,1,symptom_herb_tcm_mesh_long.txt
猪牙皂,嗳气,1,symptom_herb_tcm_mesh_cooccur.txt
猪牙皂,大便,1,symptom_herb_tcm_mesh_long.txt
猪牙皂,大便燥,1,symptom_herb_tcm_mesh_long.txt
猪牙皂,大便燥结,1,symptom_herb_tcm_mesh_long.txt
猪牙皂,大便秘结,1,symptom_herb_tcm_mesh_cooccur.txt
猪牙皂,昏迷,1,symptom_herb_tcm_mesh_long.txt
猪牙皂,痫,3,herb_symptom_knowledge.txt|symptom_herb_tcm_mesh.txt|symptom_herb_tcm_mesh_cooccur.txt
猪牙皂,腹痛,1,symptom_herb_tcm_mesh_cooccur.txt
猪胆汁,便秘,1,symptom_herb_tcm_mesh_long.txt
猪胆汁,口苦,1,symptom_herb_tcm_mesh_cooccur.txt
猪胆汁,咳嗽,1,symptom_herb_tcm_mesh_cooccur.txt
猪胆汁,头晕,1,symptom_herb_tcm_mesh_cooccur.txt
猪胆汁,牙痛,1,symptom_herb_tcm_mesh_cooccur.txt
猪胆汁,痫,1,symptom_herb_tcm_mesh_cooccur.txt
猪胆汁,自汗,1,symptom_herb_tcm_mesh_cooccur.txt
猪苓,头痛,1,symptom_herb_tcm_mesh_cooccur.txt
猪苓,小便,1,symptom_herb_tcm_mesh_long.txt
猪苓,小便不利,5,herb_symptom_db_knowledge.txt|herb_symptom_knowledge.txt|symptom_herb_tcm_mesh.txt|symptom_herb_tcm_mesh_cooccur.txt|symptom_herb_tcm_mesh_long.txt
猪苓,小便黄赤,1,symptom_herb_tcm_mesh_cooccur.txt
猪苓,恶寒,1,symptom_herb_tcm_mesh_cooccur.txt
猪苓,无汗,1,symptom_herb_tcm_mesh_cooccur.txt
猪苓,水肿,1,symptom_herb_tcm_mesh_long.txt
猪苓,肩痛,1,symptom_herb_tcm_mesh_cooccur.txt
猪苓,肿胀,1,symptom_herb_tcm_mesh_long.txt
猫爪草,偏头痛,1,herb_symptom_db_knowledge.txt
猫爪草,头痛,1,herb_symptom_db_knowledge.txt
猫爪草,牙痛,1,herb_symptom_db_knowledge.txt
猫爪草,瘰疬,4,herb_symptom_db_knowledge.txt|herb_symptom_knowledge.txt|symptom_herb_tcm_mesh.txt|symptom_herb_tcm_mesh_cooccur.txt
猴枣,咽痛,1,symptom_herb_tcm_mesh_long.txt
猴枣,急惊,4,herb_symptom_db_knowledge.txt|herb_symptom_knowledge.txt|symptom_herb_tcm_mesh.txt|symptom_herb_tcm_mesh_cooccur.txt
猴枣,痫,4,herb_symptom_db_knowledge.txt|herb_symptom_knowledge.txt|symptom_herb_tcm_mesh.txt|symptom_herb_tcm_mesh_cooccur.txt
猴枣,瘰疬,4,herb_symptom_db_knowledge.txt|herb_symptom_knowledge.txt|symptom_herb_tcm_mesh.txt|symptom_herb_tcm_mesh_cooccur.txt
玄参,丹毒,1,symptom_herb_tcm_mesh_cooccur.txt
玄参,便秘,1,symptom_herb_tcm_mesh_long.txt
玄参,便血,1,symptom_herb_tcm_mesh_cooccur.txt
玄参,健忘,1,symptom_herb_tcm_mesh_cooccur.txt
玄参,口渴,1,symptom_herb_tcm_mesh_cooccur.txt
玄参,吐血,1,symptom_herb_tcm_mesh_cooccur.txt
玄参,咳嗽,1,symptom_herb_tcm_mesh_cooccur.txt
玄参,咳血,1,symptom_herb_tcm_mesh_cooccur.txt
玄参,咽干,1,symptom_herb_tcm_mesh_cooccur.txt
玄参,咽痛,1,symptom_herb_tcm_mesh_long.txt
玄参,壮热,1,symptom_herb_tcm_mesh_cooccur.txt
玄参,多梦,1,symptom_herb_tcm_mesh_cooccur.txt
玄参,大便秘结,1,symptom_herb_tcm_mesh_cooccur.txt
玄参,头痛,1,symptom_herb_tcm_mesh_cooccur.txt
玄参,小便不利,1,symptom_herb_tcm_mesh_cooccur.txt
玄参,尿血,1,symptom_herb_tcm_mesh_cooccur.txt
玄参,崩漏,1,symptom_herb_tcm_mesh_cooccur.txt
玄参,心悸,1,symptom_herb_tcm_mesh_cooccur.txt
玄参,无汗,1,symptom_herb_tcm_mesh_cooccur.txt
玄参,漏下,1,symptom_herb_tcm_mesh_cooccur.txt
玄参,潮热,1,symptom_herb_tcm_mesh_cooccur.txt
玄参,烦渴,1,symptom_herb_tcm_mesh_long.txt
玄参,烦躁,1,symptom_herb_tcm_mesh_cooccur.txt
玄参,牙痛,1,symptom_herb_tcm_mesh_cooccur.txt
玄参,牙龈出血,1,symptom_herb_tcm_mesh_cooccur.txt
玄参,痄腮,1,symptom_herb_tcm_mesh_cooccur.txt
玄参,瘰疬,4,herb_symptom_db_knowledge.txt|herb_symptom_knowledge.txt|symptom_herb_tcm_mesh.txt|symptom_herb_tcm_mesh_cooccur.txt
玄参,盗汗,1,symptom_herb_tcm_mesh_cooccur.txt
玄参,目涩,1,symptom_herb_tcm_mesh_long.txt
玄参,目赤,1,symptom_herb_tcm_mesh_long.txt
玄参,神昏,1,symptom_herb_tcm_mesh_cooccur.txt
玄参,耳聋,1,symptom_herb_tcm_mesh_cooccur.txt
玄参,胸闷,1,symptom_herb_tcm_mesh_cooccur.txt
玄参,腹痛,1,symptom_herb_tcm_mesh_cooccur.txt
玄参,谵语,1,symptom_herb_tcm_mesh_cooccur.txt
玄参,身热,1,symptom_herb_tcm_mesh_long.txt
玄参,须发早白,1,symptom_herb_tcm_mesh_cooccur.txt
玄参,鼻干,1,symptom_herb_tcm_mesh_cooccur.txt
玄明粉,丹毒,3,herb_symptom_knowledge.txt|symptom_herb_tcm_mesh.txt|symptom_herb_tcm_mesh_cooccur.txt
玄明粉,便燥结,1,symptom_herb_tcm_mesh_long.txt
玄明粉,便秘,1,symptom_herb_tcm_mesh_long.txt
玄明粉,口舌生疮,1,symptom_herb_tcm_mesh_long.txt
玄明粉,咽喉肿痛,1,symptom_herb_tcm_mesh_long.txt
玄明粉,咽肿,1,herb_symptom_db_knowledge.txt
玄明粉,大便,1,symptom_herb_tcm_mesh_long.txt
玄明粉,大便燥,1,symptom_herb_tcm_mesh_long.txt
玄明粉,大便燥结,1,symptom_herb_tcm_mesh_long.txt
玄明粉,牙龈肿痛,4,herb_symptom_knowledge.txt|symptom_herb_tcm_mesh.txt|symptom_herb_tcm_mesh_cooccur.txt|symptom_herb_tcm_mesh_long.txt
玄明粉,目赤,1,symptom_herb_tcm_mesh_long.txt
玄明粉,积滞,4,herb_symptom_db_knowledge.txt|herb_symptom_knowledge.txt|symptom_herb_tcm_mesh.txt|symptom_herb_tcm_mesh_cooccur.txt
玄明粉,腹痛,4,herb_symptom_knowledge.txt|symptom_herb_tcm_mesh.txt|symptom_herb_tcm_mesh_cooccur.txt|symptom_herb_tcm_mesh_long.txt
玉竹,关节疼痛,1,symptom_herb_tcm_mesh_cooccur.txt
玉竹,半身不遂,1,symptom_herb_tcm_mesh_cooccur.txt
玉竹,口渴,5,herb_symptom_db_knowledge.txt|herb_symptom_knowledge.txt|symptom_herb_tcm_mesh.txt|symptom_herb_tcm_mesh_cooccur.txt|symptom_herb_tcm_mesh_long.txt
玉竹,呃逆,1,symptom_herb_tcm_mesh_cooccur.txt
玉竹,呕吐,1,symptom_herb_tcm_mesh_cooccur.txt
玉竹,咳嗽,3,symptom_herb_tcm_mesh.txt|symptom_herb_tcm_mesh_cooccur.txt|symptom_herb_tcm_mesh_long.txt
玉竹,咽干,5,herb_symptom_db_knowledge.txt|herb_symptom_knowledge.txt|symptom_herb_tcm_mesh.txt|symptom_herb_tcm_mesh_cooccur.txt|symptom_herb_tcm_mesh_long.txt
玉竹,四肢麻木,1,symptom_herb_tcm_mesh_cooccur.txt
玉竹,夏季热,1,symptom_herb_tcm_mesh_cooccur.txt
玉竹,头昏,5,herb_symptom_db_knowledge.txt|herb_symptom_knowledge.txt|symptom_herb_tcm_mesh.txt|symptom_herb_tcm_mesh_cooccur.txt|symptom_herb_tcm_mesh_long.txt
玉竹,眩晕,1,symptom_herb_tcm_mesh_long.txt
玉竹,筋脉挛痛,1,symptom_herb_tcm_mesh_long.txt
玉米须,小便,1,symptom_herb_tcm_mesh_long.txt
玉米须,水肿,1,symptom_herb_tcm_mesh_long.txt
王不留行,乳房胀痛,1,symptom_herb_tcm_mesh_cooccur.txt
王不留行,经行腹痛,4,herb_symptom_db_knowledge.txt|herb_symptom_knowledge.txt|symptom_herb_tcm_mesh.txt|symptom_herb_tcm_mesh_cooccur.txt
王不留行,腹痛,5,herb_symptom_db_knowledge.txt|herb_symptom_knowledge.txt|symptom_herb_tcm_mesh.txt|symptom_herb_tcm_mesh_cooccur.txt|symptom_herb_tcm_mesh_long.txt
玫瑰花,呕吐,1,symptom_herb_tcm_mesh_cooccur.txt
玫瑰花,呕恶,1,symptom_herb_tcm_mesh_long.txt
玫瑰花,头痛,1,symptom_herb_tcm_mesh_cooccur.txt
玫瑰花,恶心,1,symptom_herb_tcm_mesh_cooccur.txt
玫瑰花,月经不调,1,symptom_herb_tcm_mesh_long.txt
玫瑰花,胁胀,1,symptom_herb_tcm_mesh_long.txt
玫瑰花,胸膈满闷,1,symptom_herb_tcm_mesh_long.txt
玫瑰花,食少,1,symptom_herb_tcm_mesh_long.txt
玫瑰花,鼻塞,1,symptom_herb_tcm_mesh_cooccur.txt
玳瑁,失眠,1,symptom_herb_tcm_mesh_long.txt
玳瑁,心烦,5,herb_symptom_db_knowledge.txt|herb_symptom_knowledge.txt|symptom_herb_tcm_mesh.txt|symptom_herb_tcm_mesh_cooccur.txt|symptom_herb_tcm_mesh_long.txt
玳瑁,心烦失眠,1,symptom_herb_tcm_mesh_long.txt
玳瑁,抽搐,1,symptom_herb_tcm_mesh_long.txt
玳瑁,烦躁,1,symptom_herb_tcm_mesh_cooccur.txt
玳瑁,痫,4,herb_symptom_db_knowledge.txt|herb_symptom_knowledge.txt|symptom_herb_tcm_mesh.txt|symptom_herb_tcm_mesh_cooccur.txt
玳瑁,眩晕,1,symptom_herb_tcm_mesh_long.txt
玳瑁,神昏,5,herb_symptom_db_knowledge.txt|herb_symptom_knowledge.txt|symptom_herb_tcm_mesh.txt|symptom_herb_tcm_mesh_cooccur.txt|symptom_herb_tcm_mesh_long.txt
玳瑁,神昏谵语,1,symptom_herb_tcm_mesh_long.txt
玳瑁,谵语,5,herb_symptom_db_knowledge.txt|herb_symptom_knowledge.txt|symptom_herb_tcm_mesh.txt|symptom_herb_tcm_mesh_cooccur.txt|symptom_herb_tcm_mesh_long.txt
玳瑁,高热,1,symptom_herb_tcm_mesh_long.txt
珍珠,久不收口,1,symptom_herb_tcm_mesh_long.txt
珍珠,半身不遂,1,symptom_herb_tcm_mesh_cooccur.txt
珍珠,口渴,1,symptom_herb_tcm_mesh_cooccur.txt
珍珠,口舌生疮,1,symptom_herb_tcm_mesh_long.txt
珍珠,口苦,1,symptom_herb_tcm_mesh_cooccur.txt
珍珠,咳嗽,1,symptom_herb_tcm_mesh_cooccur.txt
珍珠,咽干,1,symptom_herb_tcm_mesh_cooccur.txt
珍珠,大便秘结,1,symptom_herb_tcm_mesh_cooccur.txt
珍珠,失眠,1,symptom_herb_tcm_mesh_long.txt
珍珠,头昏,1,symptom_herb_tcm_mesh_cooccur.txt
珍珠,头晕,1,symptom_herb_tcm_mesh_cooccur.txt
珍珠,头痛,1,symptom_herb_tcm_mesh_cooccur.txt
珍珠,心烦,5,herb_symptom_db_knowledge.txt|herb_symptom_knowledge.txt|symptom_herb_tcm_mesh.txt|symptom_herb_tcm_mesh_cooccur.txt|symptom_herb_tcm_mesh_long.txt
珍珠,心烦失眠,1,symptom_herb_tcm_mesh_long.txt
珍珠,恶心,1,symptom_herb_tcm_mesh_cooccur.txt
珍珠,潮热,1,symptom_herb_tcm_mesh_cooccur.txt
珍珠,烦躁,1,symptom_herb_tcm_mesh_cooccur.txt
珍珠,牙痛,1,symptom_herb_tcm_mesh_cooccur.txt
珍珠,痫,4,herb_symptom_db_knowledge.txt|herb_symptom_knowledge.txt|symptom_herb_tcm_mesh.txt|symptom_herb_tcm_mesh_cooccur.txt
珍珠,目昏,1,symptom_herb_tcm_mesh_cooccur.txt
珍珠,目赤,1,symptom_herb_tcm_mesh_long.txt
珍珠,神昏,1,symptom_herb_tcm_mesh_cooccur.txt
珍珠,胸闷,1,symptom_herb_tcm_mesh_cooccur.txt
珍珠,腹痛,1,symptom_herb_tcm_mesh_cooccur.txt
珍珠,舌肿,1,symptom_herb_tcm_mesh_cooccur.txt
珍珠,谵语,1,symptom_herb_tcm_mesh_cooccur.txt
珍珠,近视,1,symptom_herb_tcm_mesh_cooccur.txt
珍珠母,口苦,1,symptom_herb_tcm_mesh_cooccur.txt
珍珠母,失眠,1,symptom_herb_tcm_mesh_long.txt
珍珠母,头昏,1,symptom_herb_tcm_mesh_cooccur.txt
珍珠母,头晕,1,symptom_herb_tcm_mesh_cooccur.txt
珍珠母,头痛,5,herb_symptom_db_knowledge.txt|herb_symptom_knowledge.txt|symptom_herb_tcm_mesh.txt|symptom_herb_tcm_mesh_cooccur.txt|symptom_herb_tcm_mesh_long.txt
珍珠母,头痛眩晕,1,symptom_herb_tcm_mesh_long.txt
珍珠母,心悸,5,herb_symptom_db_knowledge.txt|herb_symptom_knowledge.txt|symptom_herb_tcm_mesh.txt|symptom_herb_tcm_mesh_cooccur.txt|symptom_herb_tcm_mesh_long.txt
珍珠母,心悸失眠,1,symptom_herb_tcm_mesh_long.txt
珍珠母,潮热,1,symptom_herb_tcm_mesh_cooccur.txt
珍珠母,烦躁,1,symptom_herb_tcm_mesh_cooccur.txt
珍珠母,痫,4,herb_symptom_db_knowledge.txt|herb_symptom_knowledge.txt|symptom_herb_tcm_mesh.txt|symptom_herb_tcm_mesh_cooccur.txt
珍珠母,目昏,2,symptom_herb_tcm_mesh.txt|symptom_herb_tcm_mesh_cooccur.txt
珍珠母,目赤,1,symptom_herb_tcm_mesh_long.txt
珍珠母,眩晕,1,symptom_herb_tcm_mesh_long.txt
珍珠母,神昏,1,symptom_herb_tcm_mesh_cooccur.txt
琥珀,呕吐,1,symptom_herb_tcm_mesh_cooccur.txt
琥珀,咳嗽,1,symptom_herb_tcm_mesh_cooccur.txt
琥珀,失眠,1,symptom_herb_tcm_mesh_long.txt
琥珀,崩漏,1,symptom_herb_tcm_mesh_cooccur.txt
琥珀,急惊,1,symptom_herb_tcm_mesh_cooccur.txt
琥珀,烦躁,1,symptom_herb_tcm_mesh_cooccur.txt
琥珀,疲乏,1,symptom_herb_tcm_mesh_cooccur.txt
琥珀,痫,4,herb_symptom_db_knowledge.txt|herb_symptom_knowledge.txt|symptom_herb_tcm_mesh.txt|symptom_herb_tcm_mesh_cooccur.txt
琥珀,白带,1,symptom_herb_tcm_mesh_cooccur.txt
琥珀,神昏,1,symptom_herb_tcm_mesh_cooccur.txt
琥珀,胸闷,1,symptom_herb_tcm_mesh_cooccur.txt
琥珀,腹痛,5,herb_symptom_db_knowledge.txt|herb_symptom_knowledge.txt|symptom_herb_tcm_mesh.txt|symptom_herb_tcm_mesh_cooccur.txt|symptom_herb_tcm_mesh_long.txt
琥珀,谵语,1,symptom_herb_tcm_mesh_cooccur.txt
琥珀,鼻塞,1,symptom_herb_tcm_mesh_cooccur.txt
瓜蒌,便秘,1,symptom_herb_tcm_mesh_long.txt
瓜蒌,咳嗽,4,herb_symptom_knowledge.txt|symptom_herb_tcm_mesh.txt|symptom_herb_tcm_mesh_cooccur.txt|symptom_herb_tcm_mesh_long.txt
瓜蒌,咳痰,1,symptom_herb_tcm_mesh_cooccur.txt
瓜蒌,咳血,1,symptom_herb_tcm_mesh_cooccur.txt
瓜蒌,咽干,1,symptom_herb_tcm_mesh_cooccur.txt
瓜蒌,喉痒,1,symptom_herb_tcm_mesh_cooccur.txt
瓜蒌,大便,1,symptom_herb_tcm_mesh_long.txt
瓜蒌,大便秘,1,symptom_herb_tcm_mesh_long.txt
瓜蒌,大便秘结,4,herb_symptom_knowledge.txt|symptom_herb_tcm_mesh.txt|symptom_herb_tcm_mesh_cooccur.txt|symptom_herb_tcm_mesh_long.txt
瓜蒌,胸痛,1,symptom_herb_tcm_mesh_cooccur.txt
瓜蒌,胸闷,1,symptom_herb_tcm_mesh_cooccur.txt
瓜蒌子,便秘,1,symptom_herb_tcm_mesh_long.txt
瓜蒌子,咳痰,3,herb_symptom_knowledge.txt|symptom_herb_tcm_mesh.txt|symptom_herb_tcm_mesh_cooccur.txt
瓜蒌子,咳血,1,symptom_herb_tcm_mesh_cooccur.txt
瓜蒌皮,咳嗽,4,herb_symptom_knowledge.txt|symptom_herb_tcm_mesh.txt|symptom_herb_tcm_mesh_cooccur.txt|symptom_herb_tcm_mesh_long.txt
瓜蒌皮,咽干,1,symptom_herb_tcm_mesh_cooccur.txt
瓜蒌皮,喉痒,1,symptom_herb_tcm_mesh_cooccur.txt
瓜蒌皮,胁痛,4,herb_symptom_knowledge.txt|symptom_herb_tcm_mesh.txt|symptom_herb_tcm_mesh_cooccur.txt|symptom_herb_tcm_mesh_long.txt
瓜蒌皮,胸闷,4,herb_symptom_knowledge.txt|symptom_herb_tcm_mesh.txt|symptom_herb_tcm_mesh_cooccur.txt|symptom_herb_tcm_mesh_long.txt
瓜蒌皮,胸闷胁痛,1,symptom_herb_tcm_mesh_long.txt
瓦松,便血,5,herb_symptom_db_knowledge.txt|herb_symptom_knowledge.txt|symptom_herb_tcm_mesh.txt|symptom_herb_tcm_mesh_cooccur.txt|symptom_herb_tcm_mesh_long.txt
瓦松,吐血,1,herb_symptom_db_knowledge.txt
瓦松,鼻衄,1,herb_symptom_db_knowledge.txt
瓦楞子,瘰疬,4,herb_symptom_db_knowledge.txt|herb_symptom_knowledge.txt|symptom_herb_tcm_mesh.txt|symptom_herb_tcm_mesh_cooccur.txt
瓦楞子,胃痛,4,herb_symptom_db_knowledge.txt|herb_symptom_knowledge.txt|symptom_herb_tcm_mesh.txt|symptom_herb_tcm_mesh_cooccur.txt
甘松,呕吐,3,symptom_herb_tcm_mesh.txt|symptom_herb_tcm_mesh_cooccur.txt|symptom_herb_tcm_mesh_long.txt
甘松,头晕,1,symptom_herb_tcm_mesh_cooccur.txt
甘松,头痛,1,symptom_herb_tcm_mesh_cooccur.txt
甘松,恶心,1,symptom_herb_tcm_mesh_cooccur.txt
甘松,烦躁,1,symptom_herb_tcm_mesh_cooccur.txt
甘松,牙痛,4,herb_symptom_db_knowledge.txt|herb_symptom_knowledge.txt|symptom_herb_tcm_mesh.txt|symptom_herb_tcm_mesh_cooccur.txt
甘松,脘腹胀满,1,symptom_herb_tcm_mesh_long.txt
甘松,脘腹胀痛,1,symptom_herb_tcm_mesh_long.txt
甘松,腹胀,1,symptom_herb_tcm_mesh_long.txt
甘松,食欲不振,3,symptom_herb_tcm_mesh.txt|symptom_herb_tcm_mesh_cooccur.txt|symptom_herb_tcm_mesh_long.txt
甘松,鼻塞,1,symptom_herb_tcm_mesh_cooccur.txt
甘草,丹毒,1,symptom_herb_tcm_mesh_cooccur.txt
甘草,乏力,1,symptom_herb_tcm_mesh_long.txt
甘草,低热,1,symptom_herb_tcm_mesh_cooccur.txt
甘草,便溏,1,symptom_herb_tcm_mesh_long.txt
甘草,倦怠,1,symptom_herb_tcm_mesh_long.txt
甘草,倦怠乏力,1,symptom_herb_tcm_mesh_long.txt
甘草,倦怠食少,1,symptom_herb_tcm_mesh_long.txt
甘草,健忘,1,symptom_herb_tcm_mesh_cooccur.txt
甘草,关节疼痛,1,symptom_herb_tcm_mesh_cooccur.txt
甘草,发黄,1,symptom_herb_tcm_mesh_cooccur.txt
甘草,口噤,1,symptom_herb_tcm_mesh_cooccur.txt
甘草,口渴,1,symptom_herb_tcm_mesh_cooccur.txt
甘草,口臭,1,symptom_herb_tcm_mesh_cooccur.txt
甘草,吐血,1,symptom_herb_tcm_mesh_cooccur.txt
甘草,吞酸,1,symptom_herb_tcm_mesh_cooccur.txt
甘草,呃逆,1,symptom_herb_tcm_mesh_cooccur.txt
甘草,呕吐,1,symptom_herb_tcm_mesh_cooccur.txt
甘草,咳嗽,5,herb_symptom_db_knowledge.txt|herb_symptom_knowledge.txt|symptom_herb_tcm_mesh.txt|symptom_herb_tcm_mesh_cooccur.txt|symptom_herb_tcm_mesh_long.txt
甘草,咳嗽气喘,1,symptom_herb_tcm_mesh_long.txt
甘草,咳嗽痰多,1,symptom_herb_tcm_mesh_long.txt
甘草,咳痰,1,symptom_herb_tcm_mesh_cooccur.txt
甘草,咳血,1,symptom_herb_tcm_mesh_cooccur.txt
甘草,咽喉肿痛,1,symptom_herb_tcm_mesh_long.txt
甘草,咽干,1,symptom_herb_tcm_mesh_cooccur.txt
甘草,喉痒,1,symptom_herb_tcm_mesh_cooccur.txt
甘草,嗳气,1,symptom_herb_tcm_mesh_cooccur.txt
甘草,嘈杂,1,symptom_herb_tcm_mesh_cooccur.txt
甘草,四肢,1,symptom_herb_tcm_mesh_long.txt
甘草,四肢挛急,1,symptom_herb_tcm_mesh_long.txt
甘草,四肢麻木,1,symptom_herb_tcm_mesh_cooccur.txt
甘草,壮热,1,symptom_herb_tcm_mesh_cooccur.txt
甘草,声音嘶哑,1,symptom_herb_tcm_mesh_cooccur.txt
甘草,夏季热,1,symptom_herb_tcm_mesh_cooccur.txt
甘草,多梦,1,symptom_herb_tcm_mesh_cooccur.txt
甘草,大便下血,1,symptom_herb_tcm_mesh_cooccur.txt
甘草,大便秘结,1,symptom_herb_tcm_mesh_cooccur.txt
甘草,头昏,1,symptom_herb_tcm_mesh_cooccur.txt
甘草,头晕,1,symptom_herb_tcm_mesh_cooccur.txt
甘草,头痛,1,symptom_herb_tcm_mesh_cooccur.txt
甘草,头重,1,symptom_herb_tcm_mesh_cooccur.txt
甘草,小便不利,1,symptom_herb_tcm_mesh_cooccur.txt
甘草,小便频数,1,symptom_herb_tcm_mesh_cooccur.txt
甘草,小便黄赤,1,symptom_herb_tcm_mesh_cooccur.txt
甘草,小儿丹毒,1,symptom_herb_tcm_mesh_cooccur.txt
甘草,小儿痞块,1,symptom_herb_tcm_mesh_cooccur.txt
甘草,少气,1,symptom_herb_tcm_mesh_cooccur.txt
甘草,尿血,1,symptom_herb_tcm_mesh_cooccur.txt
甘草,崩中,1,symptom_herb_tcm_mesh_cooccur.txt
甘草,崩漏,1,symptom_herb_tcm_mesh_cooccur.txt
甘草,干呕,1,symptom_herb_tcm_mesh_cooccur.txt
甘草,心下痞,1,symptom_herb_tcm_mesh_cooccur.txt
甘草,心悸,5,herb_symptom_db_knowledge.txt|herb_symptom_knowledge.txt|symptom_herb_tcm_mesh.txt|symptom_herb_tcm_mesh_cooccur.txt|symptom_herb_tcm_mesh_long.txt
甘草,心悸气短,1,symptom_herb_tcm_mesh_long.txt
甘草,心烦,1,symptom_herb_tcm_mesh_cooccur.txt
甘草,急惊,1,symptom_herb_tcm_mesh_cooccur.txt
甘草,恶寒,1,symptom_herb_tcm_mesh_cooccur.txt
甘草,恶寒发热,1,symptom_herb_tcm_mesh_cooccur.txt
甘草,恶心,1,symptom_herb_tcm_mesh_cooccur.txt
甘草,恶风,1,symptom_herb_tcm_mesh_cooccur.txt
甘草,慢惊,1,symptom_herb_tcm_mesh_cooccur.txt
甘草,无汗,1,symptom_herb_tcm_mesh_cooccur.txt
甘草,月经过多,1,symptom_herb_tcm_mesh_cooccur.txt
甘草,气喘,5,herb_symptom_db_knowledge.txt|herb_symptom_knowledge.txt|symptom_herb_tcm_mesh.txt|symptom_herb_tcm_mesh_cooccur.txt|symptom_herb_tcm_mesh_long.txt
甘草,气短,1,symptom_herb_tcm_mesh_long.txt
甘草,流泪,1,symptom_herb_tcm_mesh_cooccur.txt
甘草,浮肿,1,symptom_herb_tcm_mesh_cooccur.txt
甘草,消瘦,1,symptom_herb_tcm_mesh_cooccur.txt
甘草,漏下,1,symptom_herb_tcm_mesh_cooccur.txt
甘草,潮热,1,symptom_herb_tcm_mesh_cooccur.txt
甘草,烦躁,1,symptom_herb_tcm_mesh_cooccur.txt
甘草,牙龈出血,1,symptom_herb_tcm_mesh_cooccur.txt
甘草,牙龈肿痛,1,symptom_herb_tcm_mesh_cooccur.txt
甘草,疲乏,1,symptom_herb_tcm_mesh_cooccur.txt
甘草,疼痛,1,symptom_herb_tcm_mesh_long.txt
甘草,痄腮,1,symptom_herb_tcm_mesh_cooccur.txt
甘草,痫,1,symptom_herb_tcm_mesh_cooccur.txt
甘草,痰多,1,symptom_herb_tcm_mesh_long.txt
甘草,痱子,1,symptom_herb_tcm_mesh_cooccur.txt
甘草,瘫痪,1,symptom_herb_tcm_mesh_cooccur.txt
甘草,瘰疬,1,symptom_herb_tcm_mesh_cooccur.txt
甘草,白带,1,symptom_herb_tcm_mesh_cooccur.txt
甘草,盗汗,1,symptom_herb_tcm_mesh_cooccur.txt
甘草,短气,1,symptom_herb_tcm_mesh_cooccur.txt
甘草,神昏,1,symptom_herb_tcm_mesh_cooccur.txt
甘草,耳聋,1,symptom_herb_tcm_mesh_cooccur.txt
甘草,肩痛,1,symptom_herb_tcm_mesh_cooccur.txt
甘草,胃痛,1,symptom_herb_tcm_mesh_cooccur.txt
甘草,胎位不正,1,symptom_herb_tcm_mesh_cooccur.txt
甘草,胎动不安,1,symptom_herb_tcm_mesh_cooccur.txt
甘草,胎毒,4,herb_symptom_db_knowledge.txt|herb_symptom_knowledge.txt|symptom_herb_tcm_mesh.txt|symptom_herb_tcm_mesh_cooccur.txt
甘草,胎水肿满,1,symptom_herb_tcm_mesh_cooccur.txt
甘草,胸痛,1,symptom_herb_tcm_mesh_cooccur.txt
甘草,胸闷,1,symptom_herb_tcm_mesh_cooccur.txt
甘草,脏躁,4,herb_symptom_db_knowledge.txt|herb_symptom_knowledge.txt|symptom_herb_tcm_mesh.txt|symptom_herb_tcm_mesh_cooccur.txt
甘草,脱肛,1,symptom_herb_tcm_mesh_cooccur.txt
甘草,腰重,1,symptom_herb_tcm_mesh_cooccur.txt
甘草,腹冷,1,symptom_herb_tcm_mesh_cooccur.txt
甘草,腹泻,1,symptom_herb_tcm_mesh_cooccur.txt
甘草,腹满,1,symptom_herb_tcm_mesh_cooccur.txt
甘草,腹痛,5,herb_symptom_db_knowledge.txt|herb_symptom_knowledge.txt|symptom_herb_tcm_mesh.txt|symptom_herb_tcm_mesh_cooccur.txt|symptom_herb_tcm_mesh_long.txt
甘草,腿肿痛,1,symptom_herb_tcm_mesh_cooccur.txt
甘草,臂痛,1,symptom_herb_tcm_mesh_cooccur.txt
甘草,自汗,1,symptom_herb_tcm_mesh_cooccur.txt
甘草,舌干,1,symptom_herb_tcm_mesh_cooccur.txt
甘草,舌强,1,symptom_herb_tcm_mesh_cooccur.txt
甘草,舌苔白,1,symptom_herb_tcm_mesh_cooccur.txt
甘草,舌苔白腻,1,symptom_herb_tcm_mesh_cooccur.txt
甘草,谵语,1,symptom_herb_tcm_mesh_cooccur.txt
甘草,身痛,1,symptom_herb_tcm_mesh_cooccur.txt
甘草,身重,1,symptom_herb_tcm_mesh_cooccur.txt
甘草,转筋,1,symptom_herb_tcm_mesh_cooccur.txt
甘草,里急后重,1,symptom_herb_tcm_mesh_cooccur.txt
甘草,闭经,1,symptom_herb_tcm_mesh_cooccur.txt
甘草,阴挺,1,symptom_herb_tcm_mesh_cooccur.txt
甘草,项强,1,symptom_herb_tcm_mesh_cooccur.txt
甘草,食少,1,symptom_herb_tcm_mesh_long.txt
甘草,食欲不振,1,symptom_herb_tcm_mesh_cooccur.txt
甘草,骨痛,1,symptom_herb_tcm_mesh_cooccur.txt
甘草,麻疹,1,symptom_herb_tcm_mesh_cooccur.txt
甘草,鼻塞,1,symptom_herb_tcm_mesh_cooccur.txt
甘草,鼻干,1,symptom_herb_tcm_mesh_cooccur.txt
甘遂,二便不利,1,symptom_herb_tcm_mesh_long.txt
甘遂,小便,1,symptom_herb_tcm_mesh_long.txt
甘遂,小便不通,5,herb_symptom_db_knowledge.txt|herb_symptom_knowledge.txt|symptom_herb_tcm_mesh.txt|symptom_herb_tcm_mesh_cooccur.txt|symptom_herb_tcm_mesh_long.txt
甘遂,水肿,1,symptom_herb_tcm_mesh_long.txt
甘遂,浮肿,1,symptom_herb_tcm_mesh_cooccur.txt
甘遂,痫,4,herb_symptom_db_knowledge.txt|herb_symptom_knowledge.txt|symptom_herb_tcm_mesh.txt|symptom_herb_tcm_mesh_cooccur.txt
甘遂,瘰疬,1,symptom_herb_tcm_mesh_cooccur.txt
甘遂,肿胀,1,symptom_herb_tcm_mesh_long.txt
甘遂,背痛,1,symptom_herb_tcm_mesh_cooccur.txt
甘遂,腹满,1,symptom_herb_tcm_mesh_cooccur.txt
甜瓜,小便,1,symptom_herb_tcm_mesh_long.txt
甜瓜,小便不利,1,herb_symptom_db_knowledge.txt
甜瓜,烦渴,1,symptom_herb_tcm_mesh_long.txt
甜瓜,腹痛,1,herb_symptom_db_knowledge.txt
甜瓜子,口渴,1,herb_symptom_db_knowledge.txt
甜瓜子,咳嗽,1,herb_symptom_db_knowledge.txt
生地黄,健忘,1,symptom_herb_tcm_mesh_cooccur.txt
生地黄,口渴,1,symptom_herb_tcm_mesh_cooccur.txt
生地黄,吐血,3,herb_symptom_knowledge.txt|symptom_herb_tcm_mesh.txt|symptom_herb_tcm_mesh_cooccur.txt
生地黄,吐血、衄血,1,symptom_herb_tcm_mesh_long.txt
生地黄,咽干,1,symptom_herb_tcm_mesh_cooccur.txt
生地黄,多梦,1,symptom_herb_tcm_mesh_cooccur.txt
生地黄,头晕,1,symptom_herb_tcm_mesh_cooccur.txt
生地黄,小便频数,1,symptom_herb_tcm_mesh_cooccur.txt
生地黄,尿血,1,symptom_herb_tcm_mesh_cooccur.txt
生地黄,崩中,1,symptom_herb_tcm_mesh_cooccur.txt
生地黄,心悸,1,symptom_herb_tcm_mesh_cooccur.txt
生地黄,心烦,1,symptom_herb_tcm_mesh_cooccur.txt
生地黄,恶寒,1,symptom_herb_tcm_mesh_cooccur.txt
生地黄,恶寒发热,1,symptom_herb_tcm_mesh_cooccur.txt
生地黄,无汗,1,symptom_herb_tcm_mesh_cooccur.txt
生地黄,月经过多,1,symptom_herb_tcm_mesh_cooccur.txt
生地黄,漏下,1,symptom_herb_tcm_mesh_cooccur.txt
生地黄,烦渴,1,symptom_herb_tcm_mesh_long.txt
生地黄,盗汗,1,symptom_herb_tcm_mesh_cooccur.txt
生地黄,耳聋,1,symptom_herb_tcm_mesh_cooccur.txt
生地黄,胁痛,1,symptom_herb_tcm_mesh_cooccur.txt
生地黄,衄血,1,symptom_herb_tcm_mesh_long.txt
生地黄,骨蒸劳热,1,symptom_herb_tcm_mesh_long.txt
生地黄,麻疹,1,symptom_herb_tcm_mesh_cooccur.txt
生姜,发热,1,symptom_herb_tcm_mesh_long.txt
生姜,发黄,1,symptom_herb_tcm_mesh_cooccur.txt
生姜,吞酸,1,symptom_herb_tcm_mesh_cooccur.txt
生姜,呃逆,1,symptom_herb_tcm_mesh_cooccur.txt
生姜,呕吐,5,herb_symptom_db_knowledge.txt|herb_symptom_knowledge.txt|symptom_herb_tcm_mesh.txt|symptom_herb_tcm_mesh_cooccur.txt|symptom_herb_tcm_mesh_long.txt
生姜,咳嗽,3,symptom_herb_tcm_mesh.txt|symptom_herb_tcm_mesh_cooccur.txt|symptom_herb_tcm_mesh_long.txt
生姜,咽干,1,symptom_herb_tcm_mesh_cooccur.txt
生姜,嘈杂,1,symptom_herb_tcm_mesh_cooccur.txt
生姜,头痛,5,herb_symptom_db_knowledge.txt|herb_symptom_knowledge.txt|symptom_herb_tcm_mesh.txt|symptom_herb_tcm_mesh_cooccur.txt|symptom_herb_tcm_mesh_long.txt
生姜,头痛鼻塞,1,symptom_herb_tcm_mesh_long.txt
生姜,小便不利,1,symptom_herb_tcm_mesh_cooccur.txt
生姜,少气,1,symptom_herb_tcm_mesh_cooccur.txt
生姜,心下痞,1,symptom_herb_tcm_mesh_cooccur.txt
生姜,心悸,1,symptom_herb_tcm_mesh_cooccur.txt
生姜,恶寒,5,herb_symptom_db_knowledge.txt|herb_symptom_knowledge.txt|symptom_herb_tcm_mesh.txt|symptom_herb_tcm_mesh_cooccur.txt|symptom_herb_tcm_mesh_long.txt
生姜,恶寒发热,5,herb_symptom_db_knowledge.txt|herb_symptom_knowledge.txt|symptom_herb_tcm_mesh.txt|symptom_herb_tcm_mesh_cooccur.txt|symptom_herb_tcm_mesh_long.txt
生姜,恶心,1,symptom_herb_tcm_mesh_cooccur.txt
生姜,恶风,1,symptom_herb_tcm_mesh_cooccur.txt
生姜,无汗,1,symptom_herb_tcm_mesh_cooccur.txt
生姜,烦躁,1,symptom_herb_tcm_mesh_cooccur.txt
生姜,痫,1,symptom_herb_tcm_mesh_cooccur.txt
生姜,盗汗,1,symptom_herb_tcm_mesh_cooccur.txt
生姜,短气,1,symptom_herb_tcm_mesh_cooccur.txt
生姜,耳聋,1,symptom_herb_tcm_mesh_cooccur.txt
生姜,胃痛,1,symptom_herb_tcm_mesh_cooccur.txt
生姜,腹冷,1,symptom_herb_tcm_mesh_cooccur.txt
生姜,腹泻,1,symptom_herb_tcm_mesh_cooccur.txt
生姜,腹满,1,symptom_herb_tcm_mesh_cooccur.txt
生姜,自汗,1,symptom_herb_tcm_mesh_cooccur.txt
生姜,舌强,1,symptom_herb_tcm_mesh_cooccur.txt
生姜,舌苔白,1,symptom_herb_tcm_mesh_cooccur.txt
生姜,项强,1,symptom_herb_tcm_mesh_cooccur.txt
生姜,鼻塞,5,herb_symptom_db_knowledge.txt|herb_symptom_knowledge.txt|symptom_herb_tcm_mesh.txt|symptom_herb_tcm_mesh_cooccur.txt|symptom_herb_tcm_mesh_long.txt
番泻叶,便秘,1,symptom_herb_tcm_mesh_long.txt
番泻叶,出血,1,symptom_herb_tcm_mesh_long.txt
番泻叶,水肿,1,symptom_herb_tcm_mesh_long.txt
番泻叶,积滞,4,herb_symptom_db_knowledge.txt|herb_symptom_knowledge.txt|symptom_herb_tcm_mesh.txt|symptom_herb_tcm_mesh_cooccur.txt
番泻叶,肿胀,1,symptom_herb_tcm_mesh_long.txt
番泻叶,腹痛,3,symptom_herb_tcm_mesh.txt|symptom_herb_tcm_mesh_cooccur.txt|symptom_herb_tcm_mesh_long.txt
番泻叶,腹胀,1,symptom_herb_tcm_mesh_long.txt
番石榴,腹泻,3,herb_symptom_knowledge.txt|symptom_herb_tcm_mesh.txt|symptom_herb_tcm_mesh_cooccur.txt
白前,咳嗽,5,herb_symptom_db_knowledge.txt|herb_symptom_knowledge.txt|symptom_herb_tcm_mesh.txt|symptom_herb_tcm_mesh_cooccur.txt|symptom_herb_tcm_mesh_long.txt
白前,咳嗽痰多,1,symptom_herb_tcm_mesh_long.txt
白前,喘促,1,symptom_herb_tcm_mesh_long.txt
白前,恶寒,1,symptom_herb_tcm_mesh_cooccur.txt
白前,恶寒发热,1,symptom_herb_tcm_mesh_cooccur.txt
白前,疳积,4,herb_symptom_db_knowledge.txt|herb_symptom_knowledge.txt|symptom_herb_tcm_mesh.txt|symptom_herb_tcm_mesh_cooccur.txt
白前,疼痛,1,symptom_herb_tcm_mesh_long.txt
白前,痰多,1,symptom_herb_tcm_mesh_long.txt
白前,胸满,1,symptom_herb_tcm_mesh_long.txt
白及,便血,1,herb_symptom_db_knowledge.txt
白及,出血,1,symptom_herb_tcm_mesh_long.txt
白及,吐血,4,herb_symptom_db_knowledge.txt|herb_symptom_knowledge.txt|symptom_herb_tcm_mesh.txt|symptom_herb_tcm_mesh_cooccur.txt
白及,咳嗽,1,symptom_herb_tcm_mesh_cooccur.txt
白及,瘰疬,1,symptom_herb_tcm_mesh_cooccur.txt
白及,皮肤皲裂,3,herb_symptom_knowledge.txt|symptom_herb_tcm_mesh.txt|symptom_herb_tcm_mesh_cooccur.txt
白及,肛裂,1,herb_symptom_db_knowledge.txt
白头翁,寒热,1,symptom_herb_tcm_mesh_long.txt
白头翁,崩漏,5,herb_symptom_db_knowledge.txt|herb_symptom_knowledge.txt|symptom_herb_tcm_mesh.txt|symptom_herb_tcm_mesh_cooccur.txt|symptom_herb_tcm_mesh_long.txt
白头翁,瘰疬,4,herb_symptom_db_knowledge.txt|herb_symptom_knowledge.txt|symptom_herb_tcm_mesh.txt|symptom_herb_tcm_mesh_cooccur.txt
白头翁,目赤,1,symptom_herb_tcm_mesh_long.txt
白头翁,腹痛,1,symptom_herb_tcm_mesh_cooccur.txt
白头翁,里急后重,1,symptom_herb_tcm_mesh_cooccur.txt
白头翁,阴痒,4,herb_symptom_db_knowledge.txt|herb_symptom_knowledge.txt|symptom_herb_tcm_mesh.txt|symptom_herb_tcm_mesh_cooccur.txt
白头翁,鼻衄,4,herb_symptom_db_knowledge.txt|herb_symptom_knowledge.txt|symptom_herb_tcm_mesh.txt|symptom_herb_tcm_mesh_cooccur.txt
白屈菜,咳嗽,1,herb_symptom_db_knowledge.txt
白屈菜,疼痛,1,symptom_herb_tcm_mesh_long.txt
白屈菜,胃痛,1,herb_symptom_db_knowledge.txt
白屈菜,腹痛,1,herb_symptom_db_knowledge.txt
白扁豆,便溏,1,symptom_herb_tcm_mesh_long.txt
白扁豆,呕吐,1,symptom_herb_tcm_mesh_cooccur.txt
白扁豆,大便,1,symptom_herb_tcm_mesh_long.txt
白扁豆,大便溏,4,herb_symptom_knowledge.txt|symptom_herb_tcm_mesh.txt|symptom_herb_tcm_mesh_cooccur.txt|symptom_herb_tcm_mesh_long.txt
白扁豆,大便溏泻,1,symptom_herb_tcm_mesh_long.txt
白扁豆,头痛,1,symptom_herb_tcm_mesh_cooccur.txt
白扁豆,小便不利,1,symptom_herb_tcm_mesh_cooccur.txt
白扁豆,恶寒,1,symptom_herb_tcm_mesh_cooccur.txt
白扁豆,恶寒发热,1,symptom_herb_tcm_mesh_cooccur.txt
白扁豆,恶心,1,symptom_herb_tcm_mesh_cooccur.txt
白扁豆,白带,4,herb_symptom_db_knowledge.txt|herb_symptom_knowledge.txt|symptom_herb_tcm_mesh.txt|symptom_herb_tcm_mesh_cooccur.txt
白扁豆,胸闷,5,herb_symptom_db_knowledge.txt|herb_symptom_knowledge.txt|symptom_herb_tcm_mesh.txt|symptom_herb_tcm_mesh_cooccur.txt|symptom_herb_tcm_mesh_long.txt
白扁豆,胸闷腹胀,1,symptom_herb_tcm_mesh_long.txt
白扁豆,腹满,1,symptom_herb_tcm_mesh_cooccur.txt
白扁豆,腹痛,1,symptom_herb_tcm_mesh_cooccur.txt
白扁豆,腹胀,1,symptom_herb_tcm_mesh_long.txt
白扁豆,食欲不振,4,herb_symptom_knowledge.txt|symptom_herb_tcm_mesh.txt|symptom_herb_tcm_mesh_cooccur.txt|symptom_herb_tcm_mesh_long.txt
白术,乏力,1,symptom_herb_tcm_mesh_long.txt
白术,便溏,1,symptom_herb_tcm_mesh_long.txt
白术,健忘,1,symptom_herb_tcm_mesh_cooccur.txt
白术,关节疼痛,1,symptom_herb_tcm_mesh_cooccur.txt
白术,半身不遂,1,symptom_herb_tcm_mesh_cooccur.txt
白术,口噤,1,symptom_herb_tcm_mesh_cooccur.txt
白术,口渴,1,symptom_herb_tcm_mesh_cooccur.txt
白术,吐血,1,symptom_herb_tcm_mesh_cooccur.txt
白术,呃逆,1,symptom_herb_tcm_mesh_cooccur.txt
白术,呕吐,1,symptom_herb_tcm_mesh_cooccur.txt
白术,咳嗽,1,symptom_herb_tcm_mesh_cooccur.txt
白术,四肢麻木,1,symptom_herb_tcm_mesh_cooccur.txt
白术,壮热,1,symptom_herb_tcm_mesh_cooccur.txt
白术,多梦,1,symptom_herb_tcm_mesh_cooccur.txt
白术,大便,1,symptom_herb_tcm_mesh_long.txt
白术,大便下血,1,symptom_herb_tcm_mesh_cooccur.txt
白术,大便溏,5,herb_symptom_db_knowledge.txt|herb_symptom_knowledge.txt|symptom_herb_tcm_mesh.txt|symptom_herb_tcm_mesh_cooccur.txt|symptom_herb_tcm_mesh_long.txt
白术,大便溏薄,1,symptom_herb_tcm_mesh_long.txt
白术,大便秘结,1,symptom_herb_tcm_mesh_cooccur.txt
白术,头晕,1,symptom_herb_tcm_mesh_cooccur.txt
白术,头痛,1,symptom_herb_tcm_mesh_cooccur.txt
白术,小便,1,symptom_herb_tcm_mesh_long.txt
白术,小便不利,5,herb_symptom_db_knowledge.txt|herb_symptom_knowledge.txt|symptom_herb_tcm_mesh.txt|symptom_herb_tcm_mesh_cooccur.txt|symptom_herb_tcm_mesh_long.txt
白术,少气,1,symptom_herb_tcm_mesh_cooccur.txt
白术,崩漏,1,symptom_herb_tcm_mesh_cooccur.txt
白术,心悸,1,symptom_herb_tcm_mesh_cooccur.txt
白术,心烦,1,symptom_herb_tcm_mesh_cooccur.txt
白术,恶寒,1,symptom_herb_tcm_mesh_cooccur.txt
白术,恶寒发热,1,symptom_herb_tcm_mesh_cooccur.txt
白术,恶心,1,symptom_herb_tcm_mesh_cooccur.txt
白术,恶风,1,symptom_herb_tcm_mesh_cooccur.txt
白术,无汗,1,symptom_herb_tcm_mesh_cooccur.txt
白术,月经过多,1,symptom_herb_tcm_mesh_cooccur.txt
白术,水肿,1,symptom_herb_tcm_mesh_long.txt
白术,浮肿,1,symptom_herb_tcm_mesh_cooccur.txt
白术,消瘦,1,symptom_herb_tcm_mesh_cooccur.txt
白术,漏下,1,symptom_herb_tcm_mesh_cooccur.txt
白术,潮热,1,symptom_herb_tcm_mesh_cooccur.txt
白术,疲乏,4,herb_symptom_db_knowledge.txt|herb_symptom_knowledge.txt|symptom_herb_tcm_mesh.txt|symptom_herb_tcm_mesh_cooccur.txt
白术,瘫痪,1,symptom_herb_tcm_mesh_cooccur.txt
白术,白带,1,symptom_herb_tcm_mesh_cooccur.txt
白术,目昏,1,symptom_herb_tcm_mesh_cooccur.txt
白术,眩晕,1,symptom_herb_tcm_mesh_long.txt
白术,短气,1,symptom_herb_tcm_mesh_cooccur.txt
白术,神疲,1,symptom_herb_tcm_mesh_long.txt
白术,神疲乏力,1,symptom_herb_tcm_mesh_long.txt
白术,积滞,1,symptom_herb_tcm_mesh_cooccur.txt
白术,经期延长,1,symptom_herb_tcm_mesh_cooccur.txt
白术,肠鸣,1,symptom_herb_tcm_mesh_cooccur.txt
白术,肩痛,1,symptom_herb_tcm_mesh_cooccur.txt
白术,胃痛,1,symptom_herb_tcm_mesh_cooccur.txt
白术,胎动不安,4,herb_symptom_db_knowledge.txt|herb_symptom_knowledge.txt|symptom_herb_tcm_mesh.txt|symptom_herb_tcm_mesh_cooccur.txt
白术,胎水肿满,1,symptom_herb_tcm_mesh_cooccur.txt
白术,胸闷,1,symptom_herb_tcm_mesh_cooccur.txt
白术,脱肛,1,symptom_herb_tcm_mesh_cooccur.txt
白术,腰重,1,symptom_herb_tcm_mesh_cooccur.txt
白术,腹冷,1,symptom_herb_tcm_mesh_cooccur.txt
白术,腹泻,1,symptom_herb_tcm_mesh_cooccur.txt
白术,腹满,1,symptom_herb_tcm_mesh_cooccur.txt
白术,腹痛,3,symptom_herb_tcm_mesh.txt|symptom_herb_tcm_mesh_cooccur.txt|symptom_herb_tcm_mesh_long.txt
白术,腹痛泄泻,1,symptom_herb_tcm_mesh_long.txt
白术,腹胀,1,symptom_herb_tcm_mesh_long.txt
白术,腿肿痛,1,symptom_herb_tcm_mesh_cooccur.txt
白术,自汗,5,herb_symptom_db_knowledge.txt|herb_symptom_knowledge.txt|symptom_herb_tcm_mesh.txt|symptom_herb_tcm_mesh_cooccur.txt|symptom_herb_tcm_mesh_long.txt
白术,舌苔白,1,symptom_herb_tcm_mesh_cooccur.txt
白术,舌苔白腻,1,symptom_herb_tcm_mesh_cooccur.txt
白术,赤白带,1,symptom_herb_tcm_mesh_cooccur.txt
白术,身痛,1,symptom_herb_tcm_mesh_cooccur.txt
白术,身重,1,symptom_herb_tcm_mesh_cooccur.txt
白术,里急后重,1,symptom_herb_tcm_mesh_cooccur.txt
白术,闭经,1,symptom_herb_tcm_mesh_cooccur.txt
白术,阴挺,1,symptom_herb_tcm_mesh_cooccur.txt
白术,食少,1,symptom_herb_tcm_mesh_long.txt
白术,食欲不振,1,symptom_herb_tcm_mesh_cooccur.txt
白果,咳嗽,1,symptom_herb_tcm_mesh_cooccur.txt
白果,小便,1,symptom_herb_tcm_mesh_long.txt
白果,尿频,1,symptom_herb_tcm_mesh_long.txt
白果,无名肿毒,4,herb_symptom_db_knowledge.txt|herb_symptom_knowledge.txt|symptom_herb_tcm_mesh.txt|symptom_herb_tcm_mesh_cooccur.txt
白果,气喘,1,symptom_herb_tcm_mesh_cooccur.txt
白果,痰多,1,symptom_herb_tcm_mesh_long.txt
白果,白带,4,herb_symptom_db_knowledge.txt|herb_symptom_knowledge.txt|symptom_herb_tcm_mesh.txt|symptom_herb_tcm_mesh_cooccur.txt
白果,遗尿,2,symptom_herb_tcm_mesh.txt|symptom_herb_tcm_mesh_cooccur.txt
白果,遗精,1,symptom_herb_tcm_mesh_long.txt
白果叶,咳痰,4,herb_symptom_db_knowledge.txt|herb_symptom_knowledge.txt|symptom_herb_tcm_mesh.txt|symptom_herb_tcm_mesh_cooccur.txt
白果叶,白带,4,herb_symptom_db_knowledge.txt|herb_symptom_knowledge.txt|symptom_herb_tcm_mesh.txt|symptom_herb_tcm_mesh_cooccur.txt
白石英,善忘,1,symptom_herb_tcm_mesh_long.txt
白石英,小便,1,symptom_herb_tcm_mesh_long.txt
白石英,小便不利,5,herb_symptom_db_knowledge.txt|herb_symptom_knowledge.txt|symptom_herb_tcm_mesh.txt|symptom_herb_tcm_mesh_cooccur.txt|symptom_herb_tcm_mesh_long.txt
白石英,阳痿,1,symptom_herb_tcm_mesh_long.txt
白矾,久泻不止,1,symptom_herb_tcm_mesh_long.txt
白矾,便血,4,herb_symptom_knowledge.txt|symptom_herb_tcm_mesh.txt|symptom_herb_tcm_mesh_cooccur.txt|symptom_herb_tcm_mesh_long.txt
白矾,发狂,3,herb_symptom_knowledge.txt|symptom_herb_tcm_mesh.txt|symptom_herb_tcm_mesh_cooccur.txt
白矾,吞酸,1,symptom_herb_tcm_mesh_cooccur.txt
白矾,嗳气,1,symptom_herb_tcm_mesh_cooccur.txt
白矾,崩漏,5,herb_symptom_db_knowledge.txt|herb_symptom_knowledge.txt|symptom_herb_tcm_mesh.txt|symptom_herb_tcm_mesh_cooccur.txt|symptom_herb_tcm_mesh_long.txt
白矾,带状疱疹,1,symptom_herb_tcm_mesh_cooccur.txt
白矾,湿疮,4,herb_symptom_db_knowledge.txt|herb_symptom_knowledge.txt|symptom_herb_tcm_mesh.txt|symptom_herb_tcm_mesh_cooccur.txt
白矾,痫,4,herb_symptom_db_knowledge.txt|herb_symptom_knowledge.txt|symptom_herb_tcm_mesh.txt|symptom_herb_tcm_mesh_cooccur.txt
白矾,脱肛,1,herb_symptom_db_knowledge.txt
白矾,腹痛,1,symptom_herb_tcm_mesh_cooccur.txt
白矾,阴痒,4,herb_symptom_db_knowledge.txt|herb_symptom_knowledge.txt|symptom_herb_tcm_mesh.txt|symptom_herb_tcm_mesh_cooccur.txt
白矾,鼻衄,3,herb_symptom_knowledge.txt|symptom_herb_tcm_mesh.txt|symptom_herb_tcm_mesh_cooccur.txt
白芍,丹毒,1,symptom_herb_tcm_mesh_cooccur.txt
白芍,低热,1,symptom_herb_tcm_mesh_cooccur.txt
白芍,便血,1,symptom_herb_tcm_mesh_cooccur.txt
白芍,健忘,1,symptom_herb_tcm_mesh_cooccur.txt
白芍,关节疼痛,1,symptom_herb_tcm_mesh_cooccur.txt
白芍,半身不遂,1,symptom_herb_tcm_mesh_cooccur.txt
白芍,口苦,1,symptom_herb_tcm_mesh_cooccur.txt
白芍,吞酸,1,symptom_herb_tcm_mesh_cooccur.txt
白芍,呃逆,1,symptom_herb_tcm_mesh_cooccur.txt
白芍,呕吐,1,symptom_herb_tcm_mesh_cooccur.txt
白芍,咳痰,1,symptom_herb_tcm_mesh_cooccur.txt
白芍,咽干,1,symptom_herb_tcm_mesh_cooccur.txt
白芍,嘈杂,1,symptom_herb_tcm_mesh_cooccur.txt
白芍,四肢,1,symptom_herb_tcm_mesh_long.txt
白芍,壮热,1,symptom_herb_tcm_mesh_cooccur.txt
白芍,大便秘结,1,symptom_herb_tcm_mesh_cooccur.txt
白芍,头晕,1,symptom_herb_tcm_mesh_cooccur.txt
白芍,头痛,5,herb_symptom_db_knowledge.txt|herb_symptom_knowledge.txt|symptom_herb_tcm_mesh.txt|symptom_herb_tcm_mesh_cooccur.txt|symptom_herb_tcm_mesh_long.txt
白芍,头痛目眩,1,symptom_herb_tcm_mesh_long.txt
白芍,小便频数,1,symptom_herb_tcm_mesh_cooccur.txt
白芍,小儿丹毒,1,symptom_herb_tcm_mesh_cooccur.txt
白芍,尿血,1,symptom_herb_tcm_mesh_cooccur.txt
白芍,崩中,1,symptom_herb_tcm_mesh_cooccur.txt
白芍,崩漏,5,herb_symptom_db_knowledge.txt|herb_symptom_knowledge.txt|symptom_herb_tcm_mesh.txt|symptom_herb_tcm_mesh_cooccur.txt|symptom_herb_tcm_mesh_long.txt
白芍,心悸,1,symptom_herb_tcm_mesh_cooccur.txt
白芍,心烦,1,symptom_herb_tcm_mesh_cooccur.txt
白芍,恶寒,1,symptom_herb_tcm_mesh_cooccur.txt
白芍,恶寒发热,1,symptom_herb_tcm_mesh_cooccur.txt
白芍,无汗,1,symptom_herb_tcm_mesh_cooccur.txt
白芍,月经不调,1,symptom_herb_tcm_mesh_long.txt
白芍,月经过多,1,symptom_herb_tcm_mesh_cooccur.txt
白芍,漏下,1,symptom_herb_tcm_mesh_cooccur.txt
白芍,潮热,1,symptom_herb_tcm_mesh_cooccur.txt
白芍,烦躁,1,symptom_herb_tcm_mesh_cooccur.txt
白芍,疲乏,1,symptom_herb_tcm_mesh_cooccur.txt
白芍,疼痛,1,symptom_herb_tcm_mesh_long.txt
白芍,痫,1,symptom_herb_tcm_mesh_cooccur.txt
白芍,白带,1,symptom_herb_tcm_mesh_cooccur.txt
白芍,盗汗,5,herb_symptom_db_knowledge.txt|herb_symptom_knowledge.txt|symptom_herb_tcm_mesh.txt|symptom_herb_tcm_mesh_cooccur.txt|symptom_herb_tcm_mesh_long.txt
白芍,目眩,1,symptom_herb_tcm_mesh_long.txt
白芍,眩晕,1,symptom_herb_tcm_mesh_long.txt
白芍,经期延长,1,symptom_herb_tcm_mesh_cooccur.txt
白芍,经行腹痛,4,herb_symptom_db_knowledge.txt|herb_symptom_knowledge.txt|symptom_herb_tcm_mesh.txt|symptom_herb_tcm_mesh_cooccur.txt
白芍,胁痛,3,symptom_herb_tcm_mesh.txt|symptom_herb_tcm_mesh_cooccur.txt|symptom_herb_tcm_mesh_long.txt
白芍,胃痛,1,symptom_herb_tcm_mesh_cooccur.txt
白芍,胎位不正,1,symptom_herb_tcm_mesh_cooccur.txt
白芍,胎动不安,1,symptom_herb_tcm_mesh_cooccur.txt
白芍,胎水肿满,1,symptom_herb_tcm_mesh_cooccur.txt
白芍,胸痛,1,symptom_herb_tcm_mesh_cooccur.txt
白芍,胸闷,1,symptom_herb_tcm_mesh_cooccur.txt
白芍,脱发,1,symptom_herb_tcm_mesh_cooccur.txt
白芍,腰重,1,symptom_herb_tcm_mesh_cooccur.txt
白芍,腹冷,1,symptom_herb_tcm_mesh_cooccur.txt
白芍,腹泻,1,symptom_herb_tcm_mesh_cooccur.txt
白芍,腹痛,5,herb_symptom_db_knowledge.txt|herb_symptom_knowledge.txt|symptom_herb_tcm_mesh.txt|symptom_herb_tcm_mesh_cooccur.txt|symptom_herb_tcm_mesh_long.txt
白芍,腿肿痛,1,symptom_herb_tcm_mesh_cooccur.txt
白芍,臂痛,1,symptom_herb_tcm_mesh_cooccur.txt
白芍,自汗,5,herb_symptom_db_knowledge.txt|herb_symptom_knowledge.txt|symptom_herb_tcm_mesh.txt|symptom_herb_tcm_mesh_cooccur.txt|symptom_herb_tcm_mesh_long.txt
白芍,自汗、盗汗,1,symptom_herb_tcm_mesh_long.txt
白芍,赤白带,1,symptom_herb_tcm_mesh_cooccur.txt
白芍,身痛,1,symptom_herb_tcm_mesh_cooccur.txt
白芍,闭经,1,symptom_herb_tcm_mesh_cooccur.txt
白芍,食欲不振,1,symptom_herb_tcm_mesh_cooccur.txt
白芍,鼻干,1,symptom_herb_tcm_mesh_cooccur.txt
白芥,呕吐,1,symptom_herb_tcm_mesh_cooccur.txt
白芥,咳嗽,5,herb_symptom_db_knowledge.txt|herb_symptom_knowledge.txt|symptom_herb_tcm_mesh.txt|symptom_herb_tcm_mesh_cooccur.txt|symptom_herb_tcm_mesh_long.txt
白芥,瘰疬,1,symptom_herb_tcm_mesh_cooccur.txt
白芥,胃痛,3,herb_symptom_knowledge.txt|symptom_herb_tcm_mesh.txt|symptom_herb_tcm_mesh_cooccur.txt
白芥,背痛,1,symptom_herb_tcm_mesh_cooccur.txt
白芥,腹冷,5,herb_symptom_db_knowledge.txt|herb_symptom_knowledge.txt|symptom_herb_tcm_mesh.txt|symptom_herb_tcm_mesh_cooccur.txt|symptom_herb_tcm_mesh_long.txt
白芥,鼻塞,1,symptom_herb_tcm_mesh_cooccur.txt
白芥子,关节肿痛,1,symptom_herb_tcm_mesh_long.txt
白芥子,呕吐,1,symptom_herb_tcm_mesh_cooccur.txt
白芥子,咳嗽,1,symptom_herb_tcm_mesh_cooccur.txt
白芥子,痰多,1,symptom_herb_tcm_mesh_long.txt
白芥子,瘰疬,1,symptom_herb_tcm_mesh_cooccur.txt
白芥子,肢体麻木,1,symptom_herb_tcm_mesh_long.txt
白芥子,胁痛,5,herb_symptom_db_knowledge.txt|herb_symptom_knowledge.txt|symptom_herb_tcm_mesh.txt|symptom_herb_tcm_mesh_cooccur.txt|symptom_herb_tcm_mesh_long.txt
白芥子,背痛,1,symptom_herb_tcm_mesh_cooccur.txt
白芥子,胸满,1,symptom_herb_tcm_mesh_long.txt
白芥子,麻木,1,symptom_herb_tcm_mesh_long.txt
白芥子,鼻塞,1,symptom_herb_tcm_mesh_cooccur.txt
白花蛇舌草,咽喉肿痛,1,symptom_herb_tcm_mesh_long.txt
白花蛇舌草,尿痛,1,symptom_herb_tcm_mesh_cooccur.txt
白花蛇舌草,水肿,1,symptom_herb_tcm_mesh_long.txt
白花蛇舌草,腰痛,1,symptom_herb_tcm_mesh_cooccur.txt
白芷,丹毒,1,symptom_herb_tcm_mesh_cooccur.txt
白芷,产后眩晕,1,symptom_herb_tcm_mesh_cooccur.txt
白芷,偏头痛,1,symptom_herb_tcm_mesh_cooccur.txt
白芷,关节疼痛,1,symptom_herb_tcm_mesh_cooccur.txt
白芷,半身不遂,1,symptom_herb_tcm_mesh_cooccur.txt
白芷,口渴,1,symptom_herb_tcm_mesh_cooccur.txt
白芷,呕吐,1,symptom_herb_tcm_mesh_cooccur.txt
白芷,咳嗽,1,symptom_herb_tcm_mesh_cooccur.txt
白芷,咽干,1,symptom_herb_tcm_mesh_cooccur.txt
白芷,四肢麻木,1,symptom_herb_tcm_mesh_cooccur.txt
白芷,壮热,1,symptom_herb_tcm_mesh_cooccur.txt
白芷,头晕,1,symptom_herb_tcm_mesh_cooccur.txt
白芷,头痛,5,herb_symptom_db_knowledge.txt|herb_symptom_knowledge.txt|symptom_herb_tcm_mesh.txt|symptom_herb_tcm_mesh_cooccur.txt|symptom_herb_tcm_mesh_long.txt
白芷,头重,1,symptom_herb_tcm_mesh_cooccur.txt
白芷,恶寒,1,symptom_herb_tcm_mesh_cooccur.txt
白芷,恶寒发热,1,symptom_herb_tcm_mesh_cooccur.txt
白芷,恶心,1,symptom_herb_tcm_mesh_cooccur.txt
白芷,无汗,1,symptom_herb_tcm_mesh_cooccur.txt
白芷,牙痛,4,herb_symptom_db_knowledge.txt|herb_symptom_knowledge.txt|symptom_herb_tcm_mesh.txt|symptom_herb_tcm_mesh_cooccur.txt
白芷,牙龈肿痛,1,symptom_herb_tcm_mesh_cooccur.txt
白芷,疲乏,1,symptom_herb_tcm_mesh_cooccur.txt
白芷,痄腮,1,symptom_herb_tcm_mesh_cooccur.txt
白芷,瘰疬,1,symptom_herb_tcm_mesh_cooccur.txt
白芷,白带,4,herb_symptom_db_knowledge.txt|herb_symptom_knowledge.txt|symptom_herb_tcm_mesh.txt|symptom_herb_tcm_mesh_cooccur.txt
白芷,胁痛,1,symptom_herb_tcm_mesh_cooccur.txt
白芷,胃痛,1,symptom_herb_tcm_mesh_cooccur.txt
白芷,腹冷,1,symptom_herb_tcm_mesh_cooccur.txt
白芷,腹泻,1,symptom_herb_tcm_mesh_cooccur.txt
白芷,腹痛,1,symptom_herb_tcm_mesh_cooccur.txt
白芷,自汗,1,symptom_herb_tcm_mesh_cooccur.txt
白芷,舌干,1,symptom_herb_tcm_mesh_cooccur.txt
白芷,身痛,1,symptom_herb_tcm_mesh_cooccur.txt
白芷,骨痛,4,herb_symptom_db_knowledge.txt|herb_symptom_knowledge.txt|symptom_herb_tcm_mesh.txt|symptom_herb_tcm_mesh_cooccur.txt
白芷,鼻塞,5,herb_symptom_db_knowledge.txt|herb_symptom_knowledge.txt|symptom_herb_tcm_mesh.txt|symptom_herb_tcm_mesh_cooccur.txt|symptom_herb_tcm_mesh_long.txt
白英,头痛,4,herb_symptom_knowledge.txt|symptom_herb_tcm_mesh.txt|symptom_herb_tcm_mesh_cooccur.txt|symptom_herb_tcm_mesh_long.txt
白英,牙痛,3,herb_symptom_knowledge.txt|symptom_herb_tcm_mesh.txt|symptom_herb_tcm_mesh_cooccur.txt
白茅根,便血,1,symptom_herb_tcm_mesh_cooccur.txt
白茅根,吐血,3,herb_symptom_knowledge.txt|symptom_herb_tcm_mesh.txt|symptom_herb_tcm_mesh_cooccur.txt
白茅根,吐血、衄血,1,symptom_herb_tcm_mesh_long.txt
白茅根,嗳气,1,symptom_herb_tcm_mesh_cooccur.txt
白茅根,头晕,1,symptom_herb_tcm_mesh_cooccur.txt
白茅根,尿血,4,herb_symptom_knowledge.txt|symptom_herb_tcm_mesh.txt|symptom_herb_tcm_mesh_cooccur.txt|symptom_herb_tcm_mesh_long.txt
白茅根,崩漏,1,symptom_herb_tcm_mesh_cooccur.txt
白茅根,恶寒,1,symptom_herb_tcm_mesh_cooccur.txt
白茅根,水肿,1,symptom_herb_tcm_mesh_long.txt
白茅根,浮肿,1,symptom_herb_tcm_mesh_cooccur.txt
白茅根,烦渴,1,symptom_herb_tcm_mesh_long.txt
白茅根,腰痛,1,symptom_herb_tcm_mesh_cooccur.txt
白茅根,衄血,1,symptom_herb_tcm_mesh_long.txt
白蔹,出血,1,symptom_herb_tcm_mesh_long.txt
白蔹,湿疮,4,herb_symptom_db_knowledge.txt|herb_symptom_knowledge.txt|symptom_herb_tcm_mesh.txt|symptom_herb_tcm_mesh_cooccur.txt
白蔹,痫,4,herb_symptom_db_knowledge.txt|herb_symptom_knowledge.txt|symptom_herb_tcm_mesh.txt|symptom_herb_tcm_mesh_cooccur.txt
白蔹,瘰疬,4,herb_symptom_db_knowledge.txt|herb_symptom_knowledge.txt|symptom_herb_tcm_mesh.txt|symptom_herb_tcm_mesh_cooccur.txt
白蔹,白带,4,herb_symptom_db_knowledge.txt|herb_symptom_knowledge.txt|symptom_herb_tcm_mesh.txt|symptom_herb_tcm_mesh_cooccur.txt
白蔹,闭经,1,symptom_herb_tcm_mesh_cooccur.txt
白薇,发热,1,symptom_herb_tcm_mesh_long.txt
白薇,咳嗽,5,herb_symptom_db_knowledge.txt|herb_symptom_knowledge.txt|symptom_herb_tcm_mesh.txt|symptom_herb_tcm_mesh_cooccur.txt|symptom_herb_tcm_mesh_long.txt
白薇,咽喉肿痛,1,symptom_herb_tcm_mesh_long.txt
白薇,头痛,1,symptom_herb_tcm_mesh_cooccur.txt
白薇,头胀,1,symptom_herb_tcm_mesh_cooccur.txt
白薇,崩漏,1,symptom_herb_tcm_mesh_cooccur.txt
白薇,恶风,1,symptom_herb_tcm_mesh_cooccur.txt
白薇,潮热,5,herb_symptom_db_knowledge.txt|herb_symptom_knowledge.txt|symptom_herb_tcm_mesh.txt|symptom_herb_tcm_mesh_cooccur.txt|symptom_herb_tcm_mesh_long.txt
白薇,疲乏,1,symptom_herb_tcm_mesh_cooccur.txt
白薇,白带,1,symptom_herb_tcm_mesh_cooccur.txt
白薇,腹痛,1,symptom_herb_tcm_mesh_cooccur.txt
白薇,身热,1,symptom_herb_tcm_mesh_long.txt
白薇,骨蒸劳热,1,symptom_herb_tcm_mesh_long.txt
白豆蔻,不思饮食,1,symptom_herb_tcm_mesh_long.txt
白豆蔻,初起,1,symptom_herb_tcm_mesh_long.txt
白豆蔻,呕吐,5,herb_symptom_db_knowledge.txt|herb_symptom_knowledge.txt|symptom_herb_tcm_mesh.txt|symptom_herb_tcm_mesh_cooccur.txt|symptom_herb_tcm_mesh_long.txt
白豆蔻,胸闷,5,herb_symptom_db_knowledge.txt|herb_symptom_knowledge.txt|symptom_herb_tcm_mesh.txt|symptom_herb_tcm_mesh_cooccur.txt|symptom_herb_tcm_mesh_long.txt
白豆蔻,脘腹胀满,1,symptom_herb_tcm_mesh_long.txt
白豆蔻,腹胀,1,symptom_herb_tcm_mesh_long.txt
白附子,偏头痛,4,herb_symptom_db_knowledge.txt|herb_symptom_knowledge.txt|symptom_herb_tcm_mesh.txt|symptom_herb_tcm_mesh_cooccur.txt
白附子,呕吐,1,symptom_herb_tcm_mesh_cooccur.txt
白附子,咳嗽,1,symptom_herb_tcm_mesh_cooccur.txt
白附子,咽痛,1,symptom_herb_tcm_mesh_long.txt
白附子,头痛,5,herb_symptom_db_knowledge.txt|herb_symptom_knowledge.txt|symptom_herb_tcm_mesh.txt|symptom_herb_tcm_mesh_cooccur.txt|symptom_herb_tcm_mesh_long.txt
白附子,烦躁,1,symptom_herb_tcm_mesh_cooccur.txt
白附子,痫,1,symptom_herb_tcm_mesh_cooccur.txt
白附子,瘰疬,4,herb_symptom_db_knowledge.txt|herb_symptom_knowledge.txt|symptom_herb_tcm_mesh.txt|symptom_herb_tcm_mesh_cooccur.txt
白附子,腹泻,1,symptom_herb_tcm_mesh_cooccur.txt
白附子,语言,1,symptom_herb_tcm_mesh_long.txt
白附子,鼻塞,1,symptom_herb_tcm_mesh_cooccur.txt
白鲜皮,尿赤,1,symptom_herb_tcm_mesh_long.txt
百合,口渴,1,symptom_herb_tcm_mesh_cooccur.txt
百合,咳嗽,1,symptom_herb_tcm_mesh_cooccur.txt
百合,咳痰,1,symptom_herb_tcm_mesh_cooccur.txt
百合,咽干,1,symptom_herb_tcm_mesh_cooccur.txt
百合,多梦,5,herb_symptom_db_knowledge.txt|herb_symptom_knowledge.txt|symptom_herb_tcm_mesh.txt|symptom_herb_tcm_mesh_cooccur.txt|symptom_herb_tcm_mesh_long.txt
百合,失眠,1,symptom_herb_tcm_mesh_long.txt
百合,失眠多梦,1,symptom_herb_tcm_mesh_long.txt
百合,心烦,1,symptom_herb_tcm_mesh_cooccur.txt
百合,湿疮,4,herb_symptom_db_knowledge.txt|herb_symptom_knowledge.txt|symptom_herb_tcm_mesh.txt|symptom_herb_tcm_mesh_cooccur.txt
百合,潮热,1,symptom_herb_tcm_mesh_cooccur.txt
百合,疳积,1,symptom_herb_tcm_mesh_cooccur.txt
百合,痫,1,symptom_herb_tcm_mesh_cooccur.txt
百合,痰中带血,1,symptom_herb_tcm_mesh_long.txt
百合,痴呆,1,symptom_herb_tcm_mesh_cooccur.txt
百合,瘰疬,1,symptom_herb_tcm_mesh_cooccur.txt
百合,精神恍惚,1,symptom_herb_tcm_mesh_long.txt
百合,遗尿,1,symptom_herb_tcm_mesh_cooccur.txt
百合,顿咳,1,symptom_herb_tcm_mesh_cooccur.txt
百草霜,便血,5,herb_symptom_db_knowledge.txt|herb_symptom_knowledge.txt|symptom_herb_tcm_mesh.txt|symptom_herb_tcm_mesh_cooccur.txt|symptom_herb_tcm_mesh_long.txt
百草霜,出血,1,symptom_herb_tcm_mesh_long.txt
百草霜,口舌生疮,1,symptom_herb_tcm_mesh_long.txt
百草霜,吐血,4,herb_symptom_db_knowledge.txt|herb_symptom_knowledge.txt|symptom_herb_tcm_mesh.txt|symptom_herb_tcm_mesh_cooccur.txt
百草霜,咽喉肿痛,1,symptom_herb_tcm_mesh_long.txt
百草霜,臁疮,4,herb_symptom_db_knowledge.txt|herb_symptom_knowledge.txt|symptom_herb_tcm_mesh.txt|symptom_herb_tcm_mesh_cooccur.txt
百草霜,衄血,1,symptom_herb_tcm_mesh_long.txt
百部,咳嗽,5,herb_symptom_db_knowledge.txt|herb_symptom_knowledge.txt|symptom_herb_tcm_mesh.txt|symptom_herb_tcm_mesh_cooccur.txt|symptom_herb_tcm_mesh_long.txt
百部,咳血,1,symptom_herb_tcm_mesh_cooccur.txt
百部,心悸,1,symptom_herb_tcm_mesh_cooccur.txt
百部,恶寒,1,symptom_herb_tcm_mesh_cooccur.txt
百部,恶寒发热,1,symptom_herb_tcm_mesh_cooccur.txt
百部,阴痒,2,symptom_herb_tcm_mesh.txt|symptom_herb_tcm_mesh_cooccur.txt
皂矾,心悸,1,symptom_herb_tcm_mesh_cooccur.txt
皂矾,浮肿,1,symptom_herb_tcm_mesh_cooccur.txt
皂荚,不孕,1,symptom_herb_tcm_mesh_cooccur.txt
皂荚,二便不通,1,symptom_herb_tcm_mesh_long.txt
皂荚,口噤,5,herb_symptom_db_knowledge.txt|herb_symptom_knowledge.txt|symptom_herb_tcm_mesh.txt|symptom_herb_tcm_mesh_cooccur.txt|symptom_herb_tcm_mesh_long.txt
皂荚,痫,4,herb_symptom_db_knowledge.txt|herb_symptom_knowledge.txt|symptom_herb_tcm_mesh.txt|symptom_herb_tcm_mesh_cooccur.txt
皂荚,痰涎壅盛,1,symptom_herb_tcm_mesh_long.txt
皂荚,神昏,5,herb_symptom_db_knowledge.txt|herb_symptom_knowledge.txt|symptom_herb_tcm_mesh.txt|symptom_herb_tcm_mesh_cooccur.txt|symptom_herb_tcm_mesh_long.txt
皂角刺,乳房胀痛,1,symptom_herb_tcm_mesh_cooccur.txt
皂角刺,初起,1,symptom_herb_tcm_mesh_long.txt
皂角刺,瘰疬,1,herb_symptom_db_knowledge.txt
皂角刺,胸闷,1,symptom_herb_tcm_mesh_cooccur.txt
益智,健忘,1,symptom_herb_tcm_mesh_cooccur.txt
益智,咳痰,1,symptom_herb_tcm_mesh_cooccur.txt
益智,多唾,3,herb_symptom_knowledge.txt|symptom_herb_tcm_mesh.txt|symptom_herb_tcm_mesh_cooccur.txt
益智,多梦,1,symptom_herb_tcm_mesh_cooccur.txt
益智,小便,1,symptom_herb_tcm_mesh_long.txt
益智,小便频数,4,herb_symptom_knowledge.txt|symptom_herb_tcm_mesh.txt|symptom_herb_tcm_mesh_cooccur.txt|symptom_herb_tcm_mesh_long.txt
益智,痫,1,symptom_herb_tcm_mesh_cooccur.txt
益智,神昏,1,symptom_herb_tcm_mesh_cooccur.txt
益智,耳聋,1,symptom_herb_tcm_mesh_cooccur.txt
益智,腹中冷痛,1,symptom_herb_tcm_mesh_long.txt
益智,遗尿,3,herb_symptom_knowledge.txt|symptom_herb_tcm_mesh.txt|symptom_herb_tcm_mesh_cooccur.txt
益智,遗精,1,symptom_herb_tcm_mesh_long.txt
益智仁,呕吐,5,herb_symptom_db_knowledge.txt|herb_symptom_knowledge.txt|symptom_herb_tcm_mesh.txt|symptom_herb_tcm_mesh_cooccur.txt|symptom_herb_tcm_mesh_long.txt
益智仁,多唾,4,herb_symptom_db_knowledge.txt|herb_symptom_knowledge.txt|symptom_herb_tcm_mesh.txt|symptom_herb_tcm_mesh_cooccur.txt
益智仁,小便频数,1,symptom_herb_tcm_mesh_cooccur.txt
益智仁,尿频,1,symptom_herb_tcm_mesh_long.txt
益智仁,遗尿,4,herb_symptom_db_knowledge.txt|herb_symptom_knowledge.txt|symptom_herb_tcm_mesh.txt|symptom_herb_tcm_mesh_cooccur.txt
益智仁,遗精,1,symptom_herb_tcm_mesh_long.txt
益母草,头晕,1,symptom_herb_tcm_mesh_cooccur.txt
益母草,小便,1,symptom_herb_tcm_mesh_long.txt
益母草,小便不利,5,herb_symptom_db_knowledge.txt|herb_symptom_knowledge.txt|symptom_herb_tcm_mesh.txt|symptom_herb_tcm_mesh_cooccur.txt|symptom_herb_tcm_mesh_long.txt
益母草,尿少,1,symptom_herb_tcm_mesh_long.txt
益母草,崩漏,1,symptom_herb_tcm_mesh_cooccur.txt
益母草,月经不调,1,symptom_herb_tcm_mesh_long.txt
益母草,水肿,1,symptom_herb_tcm_mesh_long.txt
益母草,疲乏,1,symptom_herb_tcm_mesh_cooccur.txt
益母草,胎漏,4,herb_symptom_db_knowledge.txt|herb_symptom_knowledge.txt|symptom_herb_tcm_mesh.txt|symptom_herb_tcm_mesh_cooccur.txt
益母草,腹冷,1,symptom_herb_tcm_mesh_cooccur.txt
益母草,腹痛,5,herb_symptom_db_knowledge.txt|herb_symptom_knowledge.txt|symptom_herb_tcm_mesh.txt|symptom_herb_tcm_mesh_cooccur.txt|symptom_herb_tcm_mesh_long.txt
益母草,难产,4,herb_symptom_db_knowledge.txt|herb_symptom_knowledge.txt|symptom_herb_tcm_mesh.txt|symptom_herb_tcm_mesh_cooccur.txt
盐肤木,便血,1,symptom_herb_tcm_mesh_cooccur.txt
盐肤木,咳嗽,4,herb_symptom_knowledge.txt|symptom_herb_tcm_mesh.txt|symptom_herb_tcm_mesh_cooccur.txt|symptom_herb_tcm_mesh_long.txt
盐肤木,水肿,1,symptom_herb_tcm_mesh_long.txt
盐肤木,盗汗,1,symptom_herb_tcm_mesh_cooccur.txt
盐肤木,骨痛,3,herb_symptom_knowledge.txt|symptom_herb_tcm_mesh.txt|symptom_herb_tcm_mesh_cooccur.txt
瞿麦,小便,1,symptom_herb_tcm_mesh_long.txt
瞿麦,小便不通,5,herb_symptom_db_knowledge.txt|herb_symptom_knowledge.txt|symptom_herb_tcm_mesh.txt|symptom_herb_tcm_mesh_cooccur.txt|symptom_herb_tcm_mesh_long.txt
瞿麦,小便黄赤,1,symptom_herb_tcm_mesh_cooccur.txt
瞿麦,湿疮,4,herb_symptom_db_knowledge.txt|herb_symptom_knowledge.txt|symptom_herb_tcm_mesh.txt|symptom_herb_tcm_mesh_cooccur.txt
瞿麦,瘙痒,1,symptom_herb_tcm_mesh_long.txt
瞿麦,目赤,1,symptom_herb_tcm_mesh_long.txt
瞿麦,闭经,5,herb_symptom_db_knowledge.txt|herb_symptom_knowledge.txt|symptom_herb_tcm_mesh.txt|symptom_herb_tcm_mesh_cooccur.txt|symptom_herb_tcm_mesh_long.txt
知母,低热,1,symptom_herb_tcm_mesh_cooccur.txt
知母,便秘,1,symptom_herb_tcm_mesh_long.txt
知母,便血,1,symptom_herb_tcm_mesh_cooccur.txt
知母,吐血,1,symptom_herb_tcm_mesh_cooccur.txt
知母,咳嗽,5,herb_symptom_db_knowledge.txt|herb_symptom_knowledge.txt|symptom_herb_tcm_mesh.txt|symptom_herb_tcm_mesh_cooccur.txt|symptom_herb_tcm_mesh_long.txt
知母,咳嗽气喘,1,symptom_herb_tcm_mesh_long.txt
知母,咳血,1,symptom_herb_tcm_mesh_cooccur.txt
知母,咽干,1,symptom_herb_tcm_mesh_cooccur.txt
知母,喉痒,1,symptom_herb_tcm_mesh_cooccur.txt
知母,壮热,1,symptom_herb_tcm_mesh_cooccur.txt
知母,大便秘结,1,symptom_herb_tcm_mesh_cooccur.txt
知母,头晕,1,symptom_herb_tcm_mesh_cooccur.txt
知母,头痛,1,symptom_herb_tcm_mesh_cooccur.txt
知母,小便黄赤,1,symptom_herb_tcm_mesh_cooccur.txt
知母,尿血,1,symptom_herb_tcm_mesh_cooccur.txt
知母,崩漏,1,symptom_herb_tcm_mesh_cooccur.txt
知母,心悸,1,symptom_herb_tcm_mesh_cooccur.txt
知母,恶寒,1,symptom_herb_tcm_mesh_cooccur.txt
知母,气喘,5,herb_symptom_db_knowledge.txt|herb_symptom_knowledge.txt|symptom_herb_tcm_mesh.txt|symptom_herb_tcm_mesh_cooccur.txt|symptom_herb_tcm_mesh_long.txt
知母,消瘦,1,symptom_herb_tcm_mesh_cooccur.txt
知母,潮热,5,herb_symptom_db_knowledge.txt|herb_symptom_knowledge.txt|symptom_herb_tcm_mesh.txt|symptom_herb_tcm_mesh_cooccur.txt|symptom_herb_tcm_mesh_long.txt
知母,烦渴,1,symptom_herb_tcm_mesh_long.txt
知母,牙龈肿痛,1,symptom_herb_tcm_mesh_cooccur.txt
知母,盗汗,1,symptom_herb_tcm_mesh_cooccur.txt
知母,短气,1,symptom_herb_tcm_mesh_cooccur.txt
知母,神昏,1,symptom_herb_tcm_mesh_cooccur.txt
知母,肩痛,1,symptom_herb_tcm_mesh_cooccur.txt
知母,舌苔白,1,symptom_herb_tcm_mesh_cooccur.txt
知母,舌苔白腻,1,symptom_herb_tcm_mesh_cooccur.txt
知母,虚烦不眠,1,symptom_herb_tcm_mesh_long.txt
知母,谵语,1,symptom_herb_tcm_mesh_cooccur.txt
知母,身重,1,symptom_herb_tcm_mesh_cooccur.txt
知母,高热,1,symptom_herb_tcm_mesh_long.txt
知母,麻疹,1,symptom_herb_tcm_mesh_cooccur.txt
知母,鼻塞,1,symptom_herb_tcm_mesh_cooccur.txt
矮地茶,咳嗽,4,herb_symptom_knowledge.txt|symptom_herb_tcm_mesh.txt|symptom_herb_tcm_mesh_cooccur.txt|symptom_herb_tcm_mesh_long.txt
矮地茶,痰中带血,1,symptom_herb_tcm_mesh_long.txt
石上柏,咳嗽,5,herb_symptom_db_knowledge.txt|herb_symptom_knowledge.txt|symptom_herb_tcm_mesh.txt|symptom_herb_tcm_mesh_cooccur.txt|symptom_herb_tcm_mesh_long.txt
石上柏,咽喉肿痛,1,symptom_herb_tcm_mesh_long.txt
石上柏,目赤,1,symptom_herb_tcm_mesh_long.txt
石决明,头痛,5,herb_symptom_db_knowledge.txt|herb_symptom_knowledge.txt|symptom_herb_tcm_mesh.txt|symptom_herb_tcm_mesh_cooccur.txt|symptom_herb_tcm_mesh_long.txt
石决明,头痛眩晕,1,symptom_herb_tcm_mesh_long.txt
石决明,流泪,1,symptom_herb_tcm_mesh_cooccur.txt
石决明,疳积,1,symptom_herb_tcm_mesh_cooccur.txt
石决明,目赤,1,symptom_herb_tcm_mesh_long.txt
石决明,眩晕,1,symptom_herb_tcm_mesh_long.txt
石决明,胬肉攀睛,1,symptom_herb_tcm_mesh_cooccur.txt
石决明,视物昏花,1,symptom_herb_tcm_mesh_long.txt
石吊兰,吐血,3,herb_symptom_knowledge.txt|symptom_herb_tcm_mesh.txt|symptom_herb_tcm_mesh_cooccur.txt
石吊兰,咳嗽,4,herb_symptom_knowledge.txt|symptom_herb_tcm_mesh.txt|symptom_herb_tcm_mesh_cooccur.txt|symptom_herb_tcm_mesh_long.txt
石斛,口干,1,symptom_herb_tcm_mesh_long.txt
石斛,干呕,4,herb_symptom_db_knowledge.txt|herb_symptom_knowledge.txt|symptom_herb_tcm_mesh.txt|symptom_herb_tcm_mesh_cooccur.txt
石斛,烦渴,1,symptom_herb_tcm_mesh_long.txt
石斛,牙痛,1,symptom_herb_tcm_mesh_cooccur.txt
石斛,胃痛,4,herb_symptom_db_knowledge.txt|herb_symptom_knowledge.txt|symptom_herb_tcm_mesh.txt|symptom_herb_tcm_mesh_cooccur.txt
石斛,膝软,1,symptom_herb_tcm_mesh_long.txt
石斛,舌强,1,symptom_herb_tcm_mesh_cooccur.txt
石斛,食少,1,symptom_herb_tcm_mesh_long.txt
石榴,便血,1,symptom_herb_tcm_mesh_cooccur.txt
石榴,吞酸,1,symptom_herb_tcm_mesh_cooccur.txt
石榴,咳嗽,1,symptom_herb_tcm_mesh_cooccur.txt
石榴,嗳气,1,symptom_herb_tcm_mesh_cooccur.txt
石榴,嘈杂,1,symptom_herb_tcm_mesh_cooccur.txt
石榴,头昏,1,symptom_herb_tcm_mesh_cooccur.txt
石榴,小便不利,1,symptom_herb_tcm_mesh_cooccur.txt
石榴,崩漏,1,symptom_herb_tcm_mesh_cooccur.txt
石榴,气喘,1,symptom_herb_tcm_mesh_cooccur.txt
石榴,浮肿,1,symptom_herb_tcm_mesh_cooccur.txt
石榴,白带,1,symptom_herb_tcm_mesh_cooccur.txt
石榴,脱肛,1,symptom_herb_tcm_mesh_cooccur.txt
石榴,腹泻,1,symptom_herb_tcm_mesh_cooccur.txt
石榴,腹痛,1,symptom_herb_tcm_mesh_cooccur.txt
石榴,食欲不振,1,symptom_herb_tcm_mesh_cooccur.txt
石榴皮,便血,5,herb_symptom_db_knowledge.txt|herb_symptom_knowledge.txt|symptom_herb_tcm_mesh.txt|symptom_herb_tcm_mesh_cooccur.txt|symptom_herb_tcm_mesh_long.txt
石榴皮,出血,1,symptom_herb_tcm_mesh_long.txt
石榴皮,吐血,4,herb_symptom_db_knowledge.txt|herb_symptom_knowledge.txt|symptom_herb_tcm_mesh.txt|symptom_herb_tcm_mesh_cooccur.txt
石榴皮,崩漏,5,herb_symptom_db_knowledge.txt|herb_symptom_knowledge.txt|symptom_herb_tcm_mesh.txt|symptom_herb_tcm_mesh_cooccur.txt|symptom_herb_tcm_mesh_long.txt
石榴皮,月经不调,1,symptom_herb_tcm_mesh_long.txt
石榴皮,牙痛,4,herb_symptom_db_knowledge.txt|herb_symptom_knowledge.txt|symptom_herb_tcm_mesh.txt|symptom_herb_tcm_mesh_cooccur.txt
石榴皮,白带,4,herb_symptom_db_knowledge.txt|herb_symptom_knowledge.txt|symptom_herb_tcm_mesh.txt|symptom_herb_tcm_mesh_cooccur.txt
石榴皮,脱肛,5,herb_symptom_db_knowledge.txt|herb_symptom_knowledge.txt|symptom_herb_tcm_mesh.txt|symptom_herb_tcm_mesh_cooccur.txt|symptom_herb_tcm_mesh_long.txt
石榴皮,腹痛,5,herb_symptom_db_knowledge.txt|herb_symptom_knowledge.txt|symptom_herb_tcm_mesh.txt|symptom_herb_tcm_mesh_cooccur.txt|symptom_herb_tcm_mesh_long.txt
石榴皮,鼻衄,4,herb_symptom_db_knowledge.txt|herb_symptom_knowledge.txt|symptom_herb_tcm_mesh.txt|symptom_herb_tcm_mesh_cooccur.txt
石膏,发狂,4,herb_symptom_db_knowledge.txt|herb_symptom_knowledge.txt|symptom_herb_tcm_mesh.txt|symptom_herb_tcm_mesh_cooccur.txt
石膏,口渴,5,herb_symptom_db_knowledge.txt|herb_symptom_knowledge.txt|symptom_herb_tcm_mesh.txt|symptom_herb_tcm_mesh_cooccur.txt|symptom_herb_tcm_mesh_long.txt
石膏,口渴咽干,1,symptom_herb_tcm_mesh_long.txt
石膏,口臭,1,symptom_herb_tcm_mesh_cooccur.txt
石膏,口舌生疮,1,symptom_herb_tcm_mesh_long.txt
石膏,咳嗽,1,symptom_herb_tcm_mesh_cooccur.txt
石膏,咳血,1,symptom_herb_tcm_mesh_cooccur.txt
石膏,咽干,5,herb_symptom_db_knowledge.txt|herb_symptom_knowledge.txt|symptom_herb_tcm_mesh.txt|symptom_herb_tcm_mesh_cooccur.txt|symptom_herb_tcm_mesh_long.txt
石膏,喉痒,1,symptom_herb_tcm_mesh_cooccur.txt
石膏,壮热,5,herb_symptom_db_knowledge.txt|herb_symptom_knowledge.txt|symptom_herb_tcm_mesh.txt|symptom_herb_tcm_mesh_cooccur.txt|symptom_herb_tcm_mesh_long.txt
石膏,壮热不退,1,symptom_herb_tcm_mesh_long.txt
石膏,头昏,1,symptom_herb_tcm_mesh_cooccur.txt
石膏,头晕,1,symptom_herb_tcm_mesh_cooccur.txt
石膏,头痛,5,herb_symptom_db_knowledge.txt|herb_symptom_knowledge.txt|symptom_herb_tcm_mesh.txt|symptom_herb_tcm_mesh_cooccur.txt|symptom_herb_tcm_mesh_long.txt
石膏,头胀,1,symptom_herb_tcm_mesh_cooccur.txt
石膏,小便不利,1,symptom_herb_tcm_mesh_cooccur.txt
石膏,心烦,5,herb_symptom_db_knowledge.txt|herb_symptom_knowledge.txt|symptom_herb_tcm_mesh.txt|symptom_herb_tcm_mesh_cooccur.txt|symptom_herb_tcm_mesh_long.txt
石膏,恶寒,1,symptom_herb_tcm_mesh_cooccur.txt
石膏,恶寒发热,1,symptom_herb_tcm_mesh_cooccur.txt
石膏,恶风,1,symptom_herb_tcm_mesh_cooccur.txt
石膏,气喘,1,symptom_herb_tcm_mesh_cooccur.txt
石膏,浮肿,1,symptom_herb_tcm_mesh_cooccur.txt
石膏,烦渴,1,symptom_herb_tcm_mesh_long.txt
石膏,烦躁,1,symptom_herb_tcm_mesh_cooccur.txt
石膏,牙痛,4,herb_symptom_db_knowledge.txt|herb_symptom_knowledge.txt|symptom_herb_tcm_mesh.txt|symptom_herb_tcm_mesh_cooccur.txt
石膏,牙龈肿痛,1,symptom_herb_tcm_mesh_cooccur.txt
石膏,神昏,5,herb_symptom_db_knowledge.txt|herb_symptom_knowledge.txt|symptom_herb_tcm_mesh.txt|symptom_herb_tcm_mesh_cooccur.txt|symptom_herb_tcm_mesh_long.txt
石膏,胸闷,1,symptom_herb_tcm_mesh_cooccur.txt
石膏,自汗,5,herb_symptom_db_knowledge.txt|herb_symptom_knowledge.txt|symptom_herb_tcm_mesh.txt|symptom_herb_tcm_mesh_cooccur.txt|symptom_herb_tcm_mesh_long.txt
石膏,谵语,5,herb_symptom_db_knowledge.txt|herb_symptom_knowledge.txt|symptom_herb_tcm_mesh.txt|symptom_herb_tcm_mesh_cooccur.txt|symptom_herb_tcm_mesh_long.txt
石膏,高热,1,symptom_herb_tcm_mesh_long.txt
石膏,麻疹,1,symptom_herb_tcm_mesh_cooccur.txt
石膏,鼻塞,1,symptom_herb_tcm_mesh_cooccur.txt
石莲子,呕吐,5,herb_symptom_db_knowledge.txt|herb_symptom_knowledge.txt|symptom_herb_tcm_mesh.txt|symptom_herb_tcm_mesh_cooccur.txt|symptom_herb_tcm_mesh_long.txt
石莲子,呕吐不食,1,symptom_herb_tcm_mesh_long.txt
石莲子,失眠,1,symptom_herb_tcm_mesh_long.txt
石莲子,心烦,5,herb_symptom_db_knowledge.txt|herb_symptom_knowledge.txt|symptom_herb_tcm_mesh.txt|symptom_herb_tcm_mesh_cooccur.txt|symptom_herb_tcm_mesh_long.txt
石莲子,心烦失眠,1,symptom_herb_tcm_mesh_long.txt
石莲子,遗精,1,symptom_herb_tcm_mesh_long.txt
石菖蒲,上吐下泻,1,symptom_herb_tcm_mesh_cooccur.txt
石菖蒲,健忘,5,herb_symptom_db_knowledge.txt|herb_symptom_knowledge.txt|symptom_herb_tcm_mesh.txt|symptom_herb_tcm_mesh_cooccur.txt|symptom_herb_tcm_mesh_long.txt
石菖蒲,多梦,1,symptom_herb_tcm_mesh_cooccur.txt
石菖蒲,头晕,1,symptom_herb_tcm_mesh_cooccur.txt
石菖蒲,小便频数,1,symptom_herb_tcm_mesh_cooccur.txt
石菖蒲,心悸,1,symptom_herb_tcm_mesh_cooccur.txt
石菖蒲,痫,2,symptom_herb_tcm_mesh.txt|symptom_herb_tcm_mesh_cooccur.txt
石菖蒲,神昏,5,herb_symptom_db_knowledge.txt|herb_symptom_knowledge.txt|symptom_herb_tcm_mesh.txt|symptom_herb_tcm_mesh_cooccur.txt|symptom_herb_tcm_mesh_long.txt
石菖蒲,耳聋,5,herb_symptom_db_knowledge.txt|herb_symptom_knowledge.txt|symptom_herb_tcm_mesh.txt|symptom_herb_tcm_mesh_cooccur.txt|symptom_herb_tcm_mesh_long.txt
石菖蒲,耳鸣,1,symptom_herb_tcm_mesh_long.txt
石菖蒲,脘腹胀痛,1,symptom_herb_tcm_mesh_long.txt
石菖蒲,腹胀,1,symptom_herb_tcm_mesh_long.txt
石菖蒲,舌强,1,symptom_herb_tcm_mesh_cooccur.txt
石菖蒲,谵语,1,symptom_herb_tcm_mesh_cooccur.txt
石菖蒲,闭经,1,symptom_herb_tcm_mesh_cooccur.txt
石见穿,便血,1,herb_symptom_db_knowledge.txt
石见穿,崩漏,1,herb_symptom_db_knowledge.txt
石见穿,带状疱疹,1,herb_symptom_db_knowledge.txt
石见穿,月经不调,1,symptom_herb_tcm_mesh_long.txt
石见穿,瘰疬,1,herb_symptom_db_knowledge.txt
石见穿,骨痛,1,herb_symptom_db_knowledge.txt
石韦,吐血,4,herb_symptom_db_knowledge.txt|herb_symptom_knowledge.txt|symptom_herb_tcm_mesh.txt|symptom_herb_tcm_mesh_cooccur.txt
石韦,吐血、衄血,1,symptom_herb_tcm_mesh_long.txt
石韦,小便,1,symptom_herb_tcm_mesh_long.txt
石韦,小便不利,1,herb_symptom_db_knowledge.txt
石韦,小便不通,4,herb_symptom_knowledge.txt|symptom_herb_tcm_mesh.txt|symptom_herb_tcm_mesh_cooccur.txt|symptom_herb_tcm_mesh_long.txt
石韦,尿血,4,herb_symptom_knowledge.txt|symptom_herb_tcm_mesh.txt|symptom_herb_tcm_mesh_cooccur.txt|symptom_herb_tcm_mesh_long.txt
石韦,崩漏,5,herb_symptom_db_knowledge.txt|herb_symptom_knowledge.txt|symptom_herb_tcm_mesh.txt|symptom_herb_tcm_mesh_cooccur.txt|symptom_herb_tcm_mesh_long.txt
石韦,衄血,1,symptom_herb_tcm_mesh_long.txt
砂仁,不思饮食,1,symptom_herb_tcm_mesh_long.txt
砂仁,呕吐,5,herb_symptom_db_knowledge.txt|herb_symptom_knowledge.txt|symptom_herb_tcm_mesh.txt|symptom_herb_tcm_mesh_cooccur.txt|symptom_herb_tcm_mesh_long.txt
砂仁,咳嗽,1,symptom_herb_tcm_mesh_cooccur.txt
砂仁,嗳气,1,symptom_herb_tcm_mesh_cooccur.txt
砂仁,大便溏,1,symptom_herb_tcm_mesh_cooccur.txt
砂仁,头痛,1,symptom_herb_tcm_mesh_cooccur.txt
砂仁,小便不利,1,symptom_herb_tcm_mesh_cooccur.txt
砂仁,崩漏,1,symptom_herb_tcm_mesh_cooccur.txt
砂仁,心烦,1,symptom_herb_tcm_mesh_cooccur.txt
砂仁,恶心,5,herb_symptom_db_knowledge.txt|herb_symptom_knowledge.txt|symptom_herb_tcm_mesh.txt|symptom_herb_tcm_mesh_cooccur.txt|symptom_herb_tcm_mesh_long.txt
砂仁,恶心呕吐,1,symptom_herb_tcm_mesh_long.txt
砂仁,疲乏,1,symptom_herb_tcm_mesh_cooccur.txt
砂仁,白带,1,symptom_herb_tcm_mesh_cooccur.txt
砂仁,胎动不安,4,herb_symptom_db_knowledge.txt|herb_symptom_knowledge.txt|symptom_herb_tcm_mesh.txt|symptom_herb_tcm_mesh_cooccur.txt
砂仁,胸闷,1,symptom_herb_tcm_mesh_cooccur.txt
砂仁,脘腹胀满,1,symptom_herb_tcm_mesh_long.txt
砂仁,腹泻,1,symptom_herb_tcm_mesh_cooccur.txt
砂仁,腹痛,5,herb_symptom_db_knowledge.txt|herb_symptom_knowledge.txt|symptom_herb_tcm_mesh.txt|symptom_herb_tcm_mesh_cooccur.txt|symptom_herb_tcm_mesh_long.txt
砂仁,腹痛泄泻,1,symptom_herb_tcm_mesh_long.txt
砂仁,腹胀,1,symptom_herb_tcm_mesh_long.txt
砂仁,食欲不振,1,symptom_herb_tcm_mesh_cooccur.txt
砒石,瘰疬,1,herb_symptom_db_knowledge.txt
硫黄,便秘,1,symptom_herb_tcm_mesh_long.txt
硫黄,天疱疮,1,herb_symptom_db_knowledge.txt
硫黄,气喘,1,symptom_herb_tcm_mesh_cooccur.txt
硫黄,腹冷,1,herb_symptom_db_knowledge.txt
硫黄,阳痿,1,symptom_herb_tcm_mesh_long.txt
硼砂,呕吐,1,symptom_herb_tcm_mesh_cooccur.txt
硼砂,咳嗽,2,herb_symptom_db_knowledge.txt|symptom_herb_tcm_mesh_cooccur.txt
硼砂,噎膈,1,herb_symptom_db_knowledge.txt
硼砂,声音嘶哑,1,symptom_herb_tcm_mesh_cooccur.txt
硼砂,头晕,1,symptom_herb_tcm_mesh_cooccur.txt
硼砂,头痛,1,symptom_herb_tcm_mesh_cooccur.txt
硼砂,恶寒,1,symptom_herb_tcm_mesh_cooccur.txt
硼砂,恶心,1,symptom_herb_tcm_mesh_cooccur.txt
硼砂,气喘,1,symptom_herb_tcm_mesh_cooccur.txt
硼砂,牙龈肿痛,1,symptom_herb_tcm_mesh_cooccur.txt
硼砂,胸闷,1,symptom_herb_tcm_mesh_cooccur.txt
硼砂,腹痛,1,symptom_herb_tcm_mesh_cooccur.txt
硼砂,舌干,1,symptom_herb_tcm_mesh_cooccur.txt
硼砂,舌肿,1,symptom_herb_tcm_mesh_cooccur.txt
磁石,口苦,1,symptom_herb_tcm_mesh_cooccur.txt
磁石,喘逆,1,symptom_herb_tcm_mesh_long.txt
磁石,失眠,1,symptom_herb_tcm_mesh_long.txt
磁石,头昏,1,symptom_herb_tcm_mesh_cooccur.txt
磁石,头晕,3,symptom_herb_tcm_mesh.txt|symptom_herb_tcm_mesh_cooccur.txt|symptom_herb_tcm_mesh_long.txt
磁石,头晕目眩,1,symptom_herb_tcm_mesh_long.txt
磁石,头痛,1,symptom_herb_tcm_mesh_cooccur.txt
磁石,心悸,1,symptom_herb_tcm_mesh_cooccur.txt
磁石,气喘,3,symptom_herb_tcm_mesh.txt|symptom_herb_tcm_mesh_cooccur.txt|symptom_herb_tcm_mesh_long.txt
磁石,潮热,1,symptom_herb_tcm_mesh_cooccur.txt
磁石,烦躁,1,symptom_herb_tcm_mesh_cooccur.txt
磁石,痫,1,symptom_herb_tcm_mesh_cooccur.txt
磁石,目眩,1,symptom_herb_tcm_mesh_long.txt
磁石,目花,1,symptom_herb_tcm_mesh_long.txt
磁石,眩晕,1,symptom_herb_tcm_mesh_long.txt
磁石,纳,1,symptom_herb_tcm_mesh_long.txt
磁石,耳聋,5,herb_symptom_db_knowledge.txt|herb_symptom_knowledge.txt|symptom_herb_tcm_mesh.txt|symptom_herb_tcm_mesh_cooccur.txt|symptom_herb_tcm_mesh_long.txt
磁石,耳鸣,1,symptom_herb_tcm_mesh_long.txt
磁石,耳鸣耳聋,1,symptom_herb_tcm_mesh_long.txt
磁石,视物昏花,1,symptom_herb_tcm_mesh_long.txt
神曲,口渴,1,symptom_herb_tcm_mesh_cooccur.txt
神曲,吞酸,1,symptom_herb_tcm_mesh_cooccur.txt
神曲,呕吐,2,herb_symptom_db_knowledge.txt|symptom_herb_tcm_mesh_cooccur.txt
神曲,咳嗽,1,symptom_herb_tcm_mesh_cooccur.txt
神曲,嗳气,1,symptom_herb_tcm_mesh_cooccur.txt
神曲,大便秘结,1,symptom_herb_tcm_mesh_cooccur.txt
神曲,头痛,1,symptom_herb_tcm_mesh_cooccur.txt
神曲,小便不利,1,symptom_herb_tcm_mesh_cooccur.txt
神曲,心悸,1,symptom_herb_tcm_mesh_cooccur.txt
神曲,恶寒,1,symptom_herb_tcm_mesh_cooccur.txt
神曲,恶寒发热,1,symptom_herb_tcm_mesh_cooccur.txt
神曲,恶心,1,symptom_herb_tcm_mesh_cooccur.txt
神曲,浮肿,1,symptom_herb_tcm_mesh_cooccur.txt
神曲,积滞,1,symptom_herb_tcm_mesh_cooccur.txt
神曲,胸闷,1,symptom_herb_tcm_mesh_cooccur.txt
神曲,腹泻,1,symptom_herb_tcm_mesh_cooccur.txt
神曲,腹满,1,symptom_herb_tcm_mesh_cooccur.txt
神曲,腹痛,1,symptom_herb_tcm_mesh_cooccur.txt
神曲,腹胀,1,symptom_herb_tcm_mesh_long.txt
神曲,自汗,1,symptom_herb_tcm_mesh_cooccur.txt
神曲,里急后重,1,symptom_herb_tcm_mesh_cooccur.txt
神曲,闭经,1,symptom_herb_tcm_mesh_cooccur.txt
神曲,食欲不振,2,herb_symptom_db_knowledge.txt|symptom_herb_tcm_mesh_cooccur.txt
神曲,鼻塞,1,symptom_herb_tcm_mesh_cooccur.txt
禹余粮,便血,5,herb_symptom_db_knowledge.txt|herb_symptom_knowledge.txt|symptom_herb_tcm_mesh.txt|symptom_herb_tcm_mesh_cooccur.txt|symptom_herb_tcm_mesh_long.txt
禹余粮,崩漏,5,herb_symptom_db_knowledge.txt|herb_symptom_knowledge.txt|symptom_herb_tcm_mesh.txt|symptom_herb_tcm_mesh_cooccur.txt|symptom_herb_tcm_mesh_long.txt
禹余粮,白带,2,symptom_herb_tcm_mesh.txt|symptom_herb_tcm_mesh_cooccur.txt
秦皮,咳嗽,5,herb_symptom_db_knowledge.txt|herb_symptom_knowledge.txt|symptom_herb_tcm_mesh.txt|symptom_herb_tcm_mesh_cooccur.txt|symptom_herb_tcm_mesh_long.txt
秦皮,气喘,5,herb_symptom_db_knowledge.txt|herb_symptom_knowledge.txt|symptom_herb_tcm_mesh.txt|symptom_herb_tcm_mesh_cooccur.txt|symptom_herb_tcm_mesh_long.txt
秦皮,白带,2,symptom_herb_tcm_mesh.txt|symptom_herb_tcm_mesh_cooccur.txt
秦皮,目赤,1,symptom_herb_tcm_mesh_long.txt
秦皮,腹痛,1,symptom_herb_tcm_mesh_cooccur.txt
秦皮,赤白带,2,symptom_herb_tcm_mesh.txt|symptom_herb_tcm_mesh_cooccur.txt
秦皮,里急后重,1,symptom_herb_tcm_mesh_cooccur.txt
秦艽,低热,1,symptom_herb_tcm_mesh_cooccur.txt
秦艽,关节疼痛,1,symptom_herb_tcm_mesh_cooccur.txt
秦艽,发热,1,symptom_herb_tcm_mesh_long.txt
秦艽,四肢麻木,1,symptom_herb_tcm_mesh_cooccur.txt
秦艽,崩漏,1,symptom_herb_tcm_mesh_cooccur.txt
秦艽,恶风,1,symptom_herb_tcm_mesh_cooccur.txt
秦艽,日晡潮热,1,symptom_herb_tcm_mesh_long.txt
秦艽,消瘦,1,symptom_herb_tcm_mesh_cooccur.txt
秦艽,潮热,5,herb_symptom_db_knowledge.txt|herb_symptom_knowledge.txt|symptom_herb_tcm_mesh.txt|symptom_herb_tcm_mesh_cooccur.txt|symptom_herb_tcm_mesh_long.txt
秦艽,疲乏,1,symptom_herb_tcm_mesh_cooccur.txt
秦艽,疳积,2,symptom_herb_tcm_mesh.txt|symptom_herb_tcm_mesh_cooccur.txt
秦艽,白带,1,symptom_herb_tcm_mesh_cooccur.txt
秦艽,筋脉拘挛,1,symptom_herb_tcm_mesh_long.txt
秫米,夜寐不安,1,symptom_herb_tcm_mesh_long.txt
秫米,寒热,1,symptom_herb_tcm_mesh_long.txt
积雪草,丹毒,1,herb_symptom_db_knowledge.txt
积雪草,尿血,1,herb_symptom_db_knowledge.txt
积雪草,崩漏,1,herb_symptom_db_knowledge.txt
积雪草,带状疱疹,1,herb_symptom_db_knowledge.txt
积雪草,瘰疬,1,herb_symptom_db_knowledge.txt
积雪草,腹泻,3,herb_symptom_knowledge.txt|symptom_herb_tcm_mesh.txt|symptom_herb_tcm_mesh_cooccur.txt
稻芽,口臭,4,herb_symptom_knowledge.txt|symptom_herb_tcm_mesh.txt|symptom_herb_tcm_mesh_cooccur.txt|symptom_herb_tcm_mesh_long.txt
稻芽,呕吐,1,symptom_herb_tcm_mesh_cooccur.txt
稻芽,恶心,1,symptom_herb_tcm_mesh_cooccur.txt
稻芽,积滞,3,herb_symptom_knowledge.txt|symptom_herb_tcm_mesh.txt|symptom_herb_tcm_mesh_cooccur.txt
稻芽,腹泻,1,symptom_herb_tcm_mesh_cooccur.txt
稻芽,腹痛,1,symptom_herb_tcm_mesh_cooccur.txt
稻芽,腹胀,1,symptom_herb_tcm_mesh_long.txt
稻芽,食少,1,symptom_herb_tcm_mesh_long.txt
穿山甲,瘰疬,4,herb_symptom_db_knowledge.txt|herb_symptom_knowledge.txt|symptom_herb_tcm_mesh.txt|symptom_herb_tcm_mesh_cooccur.txt
穿山甲,闭经,1,symptom_herb_tcm_mesh_cooccur.txt
穿山甲,麻木,1,symptom_herb_tcm_mesh_long.txt
穿山龙,关节疼痛,1,symptom_herb_tcm_mesh_cooccur.txt
穿山龙,咳嗽,4,herb_symptom_knowledge.txt|symptom_herb_tcm_mesh.txt|symptom_herb_tcm_mesh_cooccur.txt|symptom_herb_tcm_mesh_long.txt
穿山龙,咳嗽气喘,1,symptom_herb_tcm_mesh_long.txt
穿山龙,四肢麻木,1,symptom_herb_tcm_mesh_cooccur.txt
穿山龙,恶风,1,symptom_herb_tcm_mesh_cooccur.txt
穿山龙,气喘,4,herb_symptom_knowledge.txt|symptom_herb_tcm_mesh.txt|symptom_herb_tcm_mesh_cooccur.txt|symptom_herb_tcm_mesh_long.txt
穿山龙,疼痛,1,symptom_herb_tcm_mesh_long.txt
穿山龙,麻木,1,symptom_herb_tcm_mesh_long.txt
穿心莲,丹毒,1,herb_symptom_db_knowledge.txt
穿心莲,发热,1,symptom_herb_tcm_mesh_long.txt
穿心莲,口舌生疮,1,symptom_herb_tcm_mesh_long.txt
穿心莲,咳嗽,1,herb_symptom_db_knowledge.txt
穿心莲,咽喉肿痛,1,symptom_herb_tcm_mesh_long.txt
穿心莲,顿咳,3,herb_symptom_knowledge.txt|symptom_herb_tcm_mesh.txt|symptom_herb_tcm_mesh_cooccur.txt
穿破石,关节疼痛,4,herb_symptom_knowledge.txt|symptom_herb_tcm_mesh.txt|symptom_herb_tcm_mesh_cooccur.txt|symptom_herb_tcm_mesh_long.txt
穿破石,咳血,1,herb_symptom_db_knowledge.txt
穿破石,疼痛,1,symptom_herb_tcm_mesh_long.txt
穿破石,闭经,1,herb_symptom_db_knowledge.txt
竹叶,口渴,1,symptom_herb_tcm_mesh_cooccur.txt
竹叶,咳嗽,1,symptom_herb_tcm_mesh_cooccur.txt
竹叶,咽干,1,symptom_herb_tcm_mesh_cooccur.txt
竹叶,壮热,1,symptom_herb_tcm_mesh_cooccur.txt
竹叶,头晕,1,symptom_herb_tcm_mesh_cooccur.txt
竹叶,头痛,1,symptom_herb_tcm_mesh_cooccur.txt
竹叶,小便频数,1,symptom_herb_tcm_mesh_cooccur.txt
竹叶,尿血,1,symptom_herb_tcm_mesh_cooccur.txt
竹叶,恶寒,1,symptom_herb_tcm_mesh_cooccur.txt
竹叶,恶寒发热,1,symptom_herb_tcm_mesh_cooccur.txt
竹叶,无汗,1,symptom_herb_tcm_mesh_cooccur.txt
竹叶,痄腮,1,symptom_herb_tcm_mesh_cooccur.txt
竹叶,神昏,1,symptom_herb_tcm_mesh_cooccur.txt
竹叶,耳聋,1,symptom_herb_tcm_mesh_cooccur.txt
竹叶,腹痛,1,symptom_herb_tcm_mesh_cooccur.txt
竹叶,舌疮,1,herb_symptom_db_knowledge.txt
竹叶,谵语,1,symptom_herb_tcm_mesh_cooccur.txt
竹叶,麻疹,1,symptom_herb_tcm_mesh_cooccur.txt
竹沥,壮热,5,herb_symptom_db_knowledge.txt|herb_symptom_knowledge.txt|symptom_herb_tcm_mesh.txt|symptom_herb_tcm_mesh_cooccur.txt|symptom_herb_tcm_mesh_long.txt
竹沥,壮热烦渴,1,symptom_herb_tcm_mesh_long.txt
竹沥,烦渴,1,symptom_herb_tcm_mesh_long.txt
竹沥,痫,4,herb_symptom_db_knowledge.txt|herb_symptom_knowledge.txt|symptom_herb_tcm_mesh.txt|symptom_herb_tcm_mesh_cooccur.txt
竹沥,痰多,1,symptom_herb_tcm_mesh_long.txt
竹茹,口苦,1,symptom_herb_tcm_mesh_cooccur.txt
竹茹,吐血,4,herb_symptom_db_knowledge.txt|herb_symptom_knowledge.txt|symptom_herb_tcm_mesh.txt|symptom_herb_tcm_mesh_cooccur.txt
竹茹,呃逆,1,symptom_herb_tcm_mesh_cooccur.txt
竹茹,呕吐,3,symptom_herb_tcm_mesh.txt|symptom_herb_tcm_mesh_cooccur.txt|symptom_herb_tcm_mesh_long.txt
竹茹,咳嗽,5,herb_symptom_db_knowledge.txt|herb_symptom_knowledge.txt|symptom_herb_tcm_mesh.txt|symptom_herb_tcm_mesh_cooccur.txt|symptom_herb_tcm_mesh_long.txt
竹茹,失眠,1,symptom_herb_tcm_mesh_long.txt
竹茹,尿血,5,herb_symptom_db_knowledge.txt|herb_symptom_knowledge.txt|symptom_herb_tcm_mesh.txt|symptom_herb_tcm_mesh_cooccur.txt|symptom_herb_tcm_mesh_long.txt
竹茹,崩漏,5,herb_symptom_db_knowledge.txt|herb_symptom_knowledge.txt|symptom_herb_tcm_mesh.txt|symptom_herb_tcm_mesh_cooccur.txt|symptom_herb_tcm_mesh_long.txt
竹茹,干呕,1,symptom_herb_tcm_mesh_cooccur.txt
竹茹,烦热,1,symptom_herb_tcm_mesh_long.txt
竹茹,胎动不安,4,herb_symptom_db_knowledge.txt|herb_symptom_knowledge.txt|symptom_herb_tcm_mesh.txt|symptom_herb_tcm_mesh_cooccur.txt
竹茹,胸闷,1,symptom_herb_tcm_mesh_cooccur.txt
竹茹,舌强,3,symptom_herb_tcm_mesh.txt|symptom_herb_tcm_mesh_cooccur.txt|symptom_herb_tcm_mesh_long.txt
竹茹,衄血,1,symptom_herb_tcm_mesh_long.txt
糙苏,咳嗽,1,herb_symptom_db_knowledge.txt
糯稻根,发热,1,symptom_herb_tcm_mesh_long.txt
糯稻根,口渴,5,herb_symptom_db_knowledge.txt|herb_symptom_knowledge.txt|symptom_herb_tcm_mesh.txt|symptom_herb_tcm_mesh_cooccur.txt|symptom_herb_tcm_mesh_long.txt
糯稻根,口渴咽干,1,symptom_herb_tcm_mesh_long.txt
糯稻根,咽干,5,herb_symptom_db_knowledge.txt|herb_symptom_knowledge.txt|symptom_herb_tcm_mesh.txt|symptom_herb_tcm_mesh_cooccur.txt|symptom_herb_tcm_mesh_long.txt
糯稻根,盗汗,5,herb_symptom_db_knowledge.txt|herb_symptom_knowledge.txt|symptom_herb_tcm_mesh.txt|symptom_herb_tcm_mesh_cooccur.txt|symptom_herb_tcm_mesh_long.txt
糯稻根,自汗,5,herb_symptom_db_knowledge.txt|herb_symptom_knowledge.txt|symptom_herb_tcm_mesh.txt|symptom_herb_tcm_mesh_cooccur.txt|symptom_herb_tcm_mesh_long.txt
糯稻根,自汗盗汗,1,symptom_herb_tcm_mesh_long.txt
紫檀,出血,1,symptom_herb_tcm_mesh_long.txt
紫檀,头痛,1,herb_symptom_db_knowledge.txt
紫檀,心悸,1,symptom_herb_tcm_mesh_cooccur.txt
紫檀,胸痛,1,symptom_herb_tcm_mesh_cooccur.txt
紫檀,胸闷,1,symptom_herb_tcm_mesh_cooccur.txt
紫檀,腹痛,1,herb_symptom_db_knowledge.txt
紫河车,不孕,4,herb_symptom_db_knowledge.txt|herb_symptom_knowledge.txt|symptom_herb_tcm_mesh.txt|symptom_herb_tcm_mesh_cooccur.txt
紫河车,咳嗽,4,herb_symptom_knowledge.txt|symptom_herb_tcm_mesh.txt|symptom_herb_tcm_mesh_cooccur.txt|symptom_herb_tcm_mesh_long.txt
紫河车,咳嗽气喘,1,symptom_herb_tcm_mesh_long.txt
紫河车,少气,4,herb_symptom_knowledge.txt|symptom_herb_tcm_mesh.txt|symptom_herb_tcm_mesh_cooccur.txt|symptom_herb_tcm_mesh_long.txt
紫河车,崩漏,1,symptom_herb_tcm_mesh_cooccur.txt
紫河车,气喘,4,herb_symptom_knowledge.txt|symptom_herb_tcm_mesh.txt|symptom_herb_tcm_mesh_cooccur.txt|symptom_herb_tcm_mesh_long.txt
紫河车,气短,1,symptom_herb_tcm_mesh_long.txt
紫河车,潮热,1,symptom_herb_tcm_mesh_cooccur.txt
紫河车,疲乏,1,symptom_herb_tcm_mesh_cooccur.txt
紫河车,白带,1,symptom_herb_tcm_mesh_cooccur.txt
紫河车,盗汗,4,herb_symptom_knowledge.txt|symptom_herb_tcm_mesh.txt|symptom_herb_tcm_mesh_cooccur.txt|symptom_herb_tcm_mesh_long.txt
紫河车,遗精,1,symptom_herb_tcm_mesh_long.txt
紫河车,阳痿,1,symptom_herb_tcm_mesh_long.txt
紫河车,阳痿遗精,1,symptom_herb_tcm_mesh_long.txt
紫河车,食少,1,symptom_herb_tcm_mesh_long.txt
紫河车,食少气短,1,symptom_herb_tcm_mesh_long.txt
紫河车,骨蒸盗汗,1,symptom_herb_tcm_mesh_long.txt
紫珠,便血,5,herb_symptom_db_knowledge.txt|herb_symptom_knowledge.txt|symptom_herb_tcm_mesh.txt|symptom_herb_tcm_mesh_cooccur.txt|symptom_herb_tcm_mesh_long.txt
紫珠,出血,1,symptom_herb_tcm_mesh_long.txt
紫珠,吐血,2,symptom_herb_tcm_mesh.txt|symptom_herb_tcm_mesh_cooccur.txt
紫珠,呕血,1,symptom_herb_tcm_mesh_long.txt
紫珠,尿血,5,herb_symptom_db_knowledge.txt|herb_symptom_knowledge.txt|symptom_herb_tcm_mesh.txt|symptom_herb_tcm_mesh_cooccur.txt|symptom_herb_tcm_mesh_long.txt
紫珠,崩漏,5,herb_symptom_db_knowledge.txt|herb_symptom_knowledge.txt|symptom_herb_tcm_mesh.txt|symptom_herb_tcm_mesh_cooccur.txt|symptom_herb_tcm_mesh_long.txt
紫珠,牙龈出血,4,herb_symptom_db_knowledge.txt|herb_symptom_knowledge.txt|symptom_herb_tcm_mesh.txt|symptom_herb_tcm_mesh_cooccur.txt
紫珠,衄血,1,symptom_herb_tcm_mesh_long.txt
紫石英,不孕,4,herb_symptom_db_knowledge.txt|herb_symptom_knowledge.txt|symptom_herb_tcm_mesh.txt|symptom_herb_tcm_mesh_cooccur.txt
紫石英,多梦,3,symptom_herb_tcm_mesh.txt|symptom_herb_tcm_mesh_cooccur.txt|symptom_herb_tcm_mesh_long.txt
紫石英,失眠,1,symptom_herb_tcm_mesh_long.txt
紫石英,失眠多梦,1,symptom_herb_tcm_mesh_long.txt
紫石英,崩漏,1,symptom_herb_tcm_mesh_cooccur.txt
紫石英,心悸,5,herb_symptom_db_knowledge.txt|herb_symptom_knowledge.txt|symptom_herb_tcm_mesh.txt|symptom_herb_tcm_mesh_cooccur.txt|symptom_herb_tcm_mesh_long.txt
紫石英,怔忡,1,symptom_herb_tcm_mesh_long.txt
紫石英,易惊,1,symptom_herb_tcm_mesh_long.txt
紫石英,痫,4,herb_symptom_db_knowledge.txt|herb_symptom_knowledge.txt|symptom_herb_tcm_mesh.txt|symptom_herb_tcm_mesh_cooccur.txt
紫花地丁,丹毒,4,herb_symptom_db_knowledge.txt|herb_symptom_knowledge.txt|symptom_herb_tcm_mesh.txt|symptom_herb_tcm_mesh_cooccur.txt
紫苏叶,呕吐,5,herb_symptom_db_knowledge.txt|herb_symptom_knowledge.txt|symptom_herb_tcm_mesh.txt|symptom_herb_tcm_mesh_cooccur.txt|symptom_herb_tcm_mesh_long.txt
紫苏叶,呕恶,1,symptom_herb_tcm_mesh_long.txt
紫苏叶,咳嗽,5,herb_symptom_db_knowledge.txt|herb_symptom_knowledge.txt|symptom_herb_tcm_mesh.txt|symptom_herb_tcm_mesh_cooccur.txt|symptom_herb_tcm_mesh_long.txt
紫苏叶,咳血,1,symptom_herb_tcm_mesh_cooccur.txt
紫苏叶,咽喉痛,1,symptom_herb_tcm_mesh_cooccur.txt
紫苏叶,咽干,1,symptom_herb_tcm_mesh_cooccur.txt
紫苏叶,头痛,1,symptom_herb_tcm_mesh_cooccur.txt
紫苏叶,妊娠呕吐,3,herb_symptom_knowledge.txt|symptom_herb_tcm_mesh.txt|symptom_herb_tcm_mesh_cooccur.txt
紫苏叶,小便不利,1,symptom_herb_tcm_mesh_cooccur.txt
紫苏叶,恶寒,1,symptom_herb_tcm_mesh_cooccur.txt
紫苏叶,恶寒发热,1,symptom_herb_tcm_mesh_cooccur.txt
紫苏叶,恶心,2,herb_symptom_db_knowledge.txt|symptom_herb_tcm_mesh_cooccur.txt
紫苏叶,恶风,1,symptom_herb_tcm_mesh_cooccur.txt
紫苏叶,无汗,1,symptom_herb_tcm_mesh_cooccur.txt
紫苏叶,湿疮,1,symptom_herb_tcm_mesh_cooccur.txt
紫苏叶,烦躁,1,symptom_herb_tcm_mesh_cooccur.txt
紫苏叶,胸闷,1,symptom_herb_tcm_mesh_cooccur.txt
紫苏叶,腹泻,1,symptom_herb_tcm_mesh_cooccur.txt
紫苏叶,腹痛,2,herb_symptom_db_knowledge.txt|symptom_herb_tcm_mesh_cooccur.txt
紫苏叶,臁疮,1,symptom_herb_tcm_mesh_cooccur.txt
紫苏叶,身痛,1,symptom_herb_tcm_mesh_cooccur.txt
紫苏叶,鼻塞,1,symptom_herb_tcm_mesh_cooccur.txt
紫苏子,便秘,1,symptom_herb_tcm_mesh_long.txt
紫苏子,咳嗽,5,herb_symptom_db_knowledge.txt|herb_symptom_knowledge.txt|symptom_herb_tcm_mesh.txt|symptom_herb_tcm_mesh_cooccur.txt|symptom_herb_tcm_mesh_long.txt
紫苏子,咳嗽气喘,1,symptom_herb_tcm_mesh_long.txt
紫苏子,咽干,1,symptom_herb_tcm_mesh_cooccur.txt
紫苏子,喉痒,1,symptom_herb_tcm_mesh_cooccur.txt
紫苏子,气喘,5,herb_symptom_db_knowledge.txt|herb_symptom_knowledge.txt|symptom_herb_tcm_mesh.txt|symptom_herb_tcm_mesh_cooccur.txt|symptom_herb_tcm_mesh_long.txt
紫苏子,短气,1,symptom_herb_tcm_mesh_cooccur.txt
紫苏子,胸闷,1,symptom_herb_tcm_mesh_cooccur.txt
紫苏梗,呕吐,4,herb_symptom_knowledge.txt|symptom_herb_tcm_mesh.txt|symptom_herb_tcm_mesh_cooccur.txt|symptom_herb_tcm_mesh_long.txt
紫苏梗,咳嗽,1,symptom_herb_tcm_mesh_cooccur.txt
紫苏梗,嗳气,4,herb_symptom_knowledge.txt|symptom_herb_tcm_mesh.txt|symptom_herb_tcm_mesh_cooccur.txt|symptom_herb_tcm_mesh_long.txt
紫苏梗,疼痛,1,symptom_herb_tcm_mesh_long.txt
紫苏梗,胎动不安,3,herb_symptom_knowledge.txt|symptom_herb_tcm_mesh.txt|symptom_herb_tcm_mesh_cooccur.txt
紫草,关节疼痛,1,symptom_herb_tcm_mesh_cooccur.txt
紫草,半身不遂,1,symptom_herb_tcm_mesh_cooccur.txt
紫草,吐血,4,herb_symptom_db_knowledge.txt|herb_symptom_knowledge.txt|symptom_herb_tcm_mesh.txt|symptom_herb_tcm_mesh_cooccur.txt
紫草,尿血,5,herb_symptom_db_knowledge.txt|herb_symptom_knowledge.txt|symptom_herb_tcm_mesh.txt|symptom_herb_tcm_mesh_cooccur.txt|symptom_herb_tcm_mesh_long.txt
紫草,衄血,1,symptom_herb_tcm_mesh_long.txt
紫草,谵语,1,symptom_herb_tcm_mesh_cooccur.txt
紫草,麻疹,4,herb_symptom_db_knowledge.txt|herb_symptom_knowledge.txt|symptom_herb_tcm_mesh.txt|symptom_herb_tcm_mesh_cooccur.txt
紫草茸,崩漏,1,herb_symptom_db_knowledge.txt
紫草茸,月经过多,1,herb_symptom_db_knowledge.txt
紫草茸,麻疹,4,herb_symptom_db_knowledge.txt|herb_symptom_knowledge.txt|symptom_herb_tcm_mesh.txt|symptom_herb_tcm_mesh_cooccur.txt
紫菀,咳嗽,5,herb_symptom_db_knowledge.txt|herb_symptom_knowledge.txt|symptom_herb_tcm_mesh.txt|symptom_herb_tcm_mesh_cooccur.txt|symptom_herb_tcm_mesh_long.txt
紫菀,咳血,2,symptom_herb_tcm_mesh.txt|symptom_herb_tcm_mesh_cooccur.txt
紫菀,咽干,1,symptom_herb_tcm_mesh_cooccur.txt
紫菀,喉痒,1,symptom_herb_tcm_mesh_cooccur.txt
紫菀,头痛,1,symptom_herb_tcm_mesh_cooccur.txt
紫菀,小便,1,symptom_herb_tcm_mesh_long.txt
紫菀,小便不利,5,herb_symptom_db_knowledge.txt|herb_symptom_knowledge.txt|symptom_herb_tcm_mesh.txt|symptom_herb_tcm_mesh_cooccur.txt|symptom_herb_tcm_mesh_long.txt
紫菀,恶寒,1,symptom_herb_tcm_mesh_cooccur.txt
紫菀,恶寒发热,1,symptom_herb_tcm_mesh_cooccur.txt
紫菀,痰多,1,symptom_herb_tcm_mesh_long.txt
紫菀,胸闷,1,symptom_herb_tcm_mesh_cooccur.txt
紫金龙,头痛,1,herb_symptom_db_knowledge.txt
紫金龙,崩漏,1,herb_symptom_db_knowledge.txt
紫金龙,漏下,1,herb_symptom_db_knowledge.txt
紫金龙,牙痛,1,herb_symptom_db_knowledge.txt
紫金龙,疼痛,1,symptom_herb_tcm_mesh_long.txt
紫金龙,胃痛,1,herb_symptom_db_knowledge.txt
红参,健忘,1,symptom_herb_tcm_mesh_cooccur.txt
红参,咽干,1,symptom_herb_tcm_mesh_cooccur.txt
红参,少气,1,symptom_herb_tcm_mesh_cooccur.txt
红参,崩漏,4,herb_symptom_knowledge.txt|symptom_herb_tcm_mesh.txt|symptom_herb_tcm_mesh_cooccur.txt|symptom_herb_tcm_mesh_long.txt
红参,心悸,1,symptom_herb_tcm_mesh_cooccur.txt
红参,急惊,1,symptom_herb_tcm_mesh_cooccur.txt
红参,消瘦,1,symptom_herb_tcm_mesh_cooccur.txt
红参,漏下,3,herb_symptom_knowledge.txt|symptom_herb_tcm_mesh.txt|symptom_herb_tcm_mesh_cooccur.txt
红参,潮热,1,symptom_herb_tcm_mesh_cooccur.txt
红参,烦躁,1,symptom_herb_tcm_mesh_cooccur.txt
红参,痫,1,symptom_herb_tcm_mesh_cooccur.txt
红参,白带,1,symptom_herb_tcm_mesh_cooccur.txt
红参,盗汗,1,symptom_herb_tcm_mesh_cooccur.txt
红参,耳聋,1,symptom_herb_tcm_mesh_cooccur.txt
红参,肢冷,1,symptom_herb_tcm_mesh_long.txt
红参,胸闷,1,symptom_herb_tcm_mesh_cooccur.txt
红参,腰痛,1,symptom_herb_tcm_mesh_cooccur.txt
红参,腹痛,1,symptom_herb_tcm_mesh_cooccur.txt
红参,赤白带,1,symptom_herb_tcm_mesh_cooccur.txt
红大戟,二便不利,1,symptom_herb_tcm_mesh_long.txt
红大戟,浮肿,1,symptom_herb_tcm_mesh_cooccur.txt
红大戟,瘰疬,3,herb_symptom_knowledge.txt|symptom_herb_tcm_mesh.txt|symptom_herb_tcm_mesh_cooccur.txt
红景天,倦怠,1,symptom_herb_tcm_mesh_long.txt
红景天,偏瘫,1,symptom_herb_tcm_mesh_long.txt
红景天,咳嗽,2,herb_symptom_db_knowledge.txt|symptom_herb_tcm_mesh_cooccur.txt
红景天,气喘,4,herb_symptom_knowledge.txt|symptom_herb_tcm_mesh.txt|symptom_herb_tcm_mesh_cooccur.txt|symptom_herb_tcm_mesh_long.txt
红景天,烦躁,1,symptom_herb_tcm_mesh_cooccur.txt
红景天,畏寒,1,herb_symptom_db_knowledge.txt
红景天,白带,1,herb_symptom_db_knowledge.txt
红景天,腹泻,1,herb_symptom_db_knowledge.txt
红木香,产后腹痛,1,herb_symptom_db_knowledge.txt
红木香,无名肿毒,1,herb_symptom_db_knowledge.txt
红木香,胃痛,4,herb_symptom_db_knowledge.txt|herb_symptom_knowledge.txt|symptom_herb_tcm_mesh.txt|symptom_herb_tcm_mesh_cooccur.txt
红木香,腹痛,1,herb_symptom_db_knowledge.txt
红木香,腹胀,1,symptom_herb_tcm_mesh_long.txt
红粉,久不收口,1,symptom_herb_tcm_mesh_long.txt
红粉,湿疮,2,herb_symptom_db_knowledge.txt|symptom_herb_tcm_mesh_cooccur.txt
红粉,瘰疬,1,herb_symptom_db_knowledge.txt
红粉,臁疮,1,symptom_herb_tcm_mesh_cooccur.txt
红花,产后眩晕,1,symptom_herb_tcm_mesh_cooccur.txt
红花,关节疼痛,5,herb_symptom_db_knowledge.txt|herb_symptom_knowledge.txt|symptom_herb_tcm_mesh.txt|symptom_herb_tcm_mesh_cooccur.txt|symptom_herb_tcm_mesh_long.txt
红花,半身不遂,1,symptom_herb_tcm_mesh_cooccur.txt
红花,发狂,1,symptom_herb_tcm_mesh_cooccur.txt
红花,咳嗽,1,symptom_herb_tcm_mesh_cooccur.txt
红花,嗳气,1,symptom_herb_tcm_mesh_cooccur.txt
红花,四肢麻木,1,symptom_herb_tcm_mesh_cooccur.txt
红花,头昏,1,symptom_herb_tcm_mesh_cooccur.txt
红花,头痛,1,symptom_herb_tcm_mesh_cooccur.txt
红花,小便不利,1,symptom_herb_tcm_mesh_cooccur.txt
红花,小儿痞块,1,symptom_herb_tcm_mesh_cooccur.txt
红花,崩漏,1,symptom_herb_tcm_mesh_cooccur.txt
红花,心悸,1,symptom_herb_tcm_mesh_cooccur.txt
红花,憋气,1,symptom_herb_tcm_mesh_cooccur.txt
红花,气喘,1,symptom_herb_tcm_mesh_cooccur.txt
红花,浮肿,1,symptom_herb_tcm_mesh_cooccur.txt
红花,漏下,1,symptom_herb_tcm_mesh_cooccur.txt
红花,潮热,1,symptom_herb_tcm_mesh_cooccur.txt
红花,烦躁,1,symptom_herb_tcm_mesh_cooccur.txt
红花,疲乏,1,symptom_herb_tcm_mesh_cooccur.txt
红花,疳积,1,symptom_herb_tcm_mesh_cooccur.txt
红花,疼痛,1,symptom_herb_tcm_mesh_long.txt
红花,痫,1,symptom_herb_tcm_mesh_cooccur.txt
红花,白带,1,symptom_herb_tcm_mesh_cooccur.txt
红花,胸痛,1,symptom_herb_tcm_mesh_cooccur.txt
红花,胸闷,1,symptom_herb_tcm_mesh_cooccur.txt
红花,腹冷,1,symptom_herb_tcm_mesh_cooccur.txt
红花,腹痛,5,herb_symptom_db_knowledge.txt|herb_symptom_knowledge.txt|symptom_herb_tcm_mesh.txt|symptom_herb_tcm_mesh_cooccur.txt|symptom_herb_tcm_mesh_long.txt
红花,赤白带,1,symptom_herb_tcm_mesh_cooccur.txt
红花,闭经,1,symptom_herb_tcm_mesh_cooccur.txt
红花,食欲不振,1,symptom_herb_tcm_mesh_cooccur.txt
红豆蔻,反胃,1,herb_symptom_db_knowledge.txt
红豆蔻,呕吐,5,herb_symptom_db_knowledge.txt|herb_symptom_knowledge.txt|symptom_herb_tcm_mesh.txt|symptom_herb_tcm_mesh_cooccur.txt|symptom_herb_tcm_mesh_long.txt
红豆蔻,噎膈,1,herb_symptom_db_knowledge.txt
红豆蔻,脘腹冷痛,1,symptom_herb_tcm_mesh_long.txt
红豆蔻,腹冷,5,herb_symptom_db_knowledge.txt|herb_symptom_knowledge.txt|symptom_herb_tcm_mesh.txt|symptom_herb_tcm_mesh_cooccur.txt|symptom_herb_tcm_mesh_long.txt
细辛,呕吐,1,symptom_herb_tcm_mesh_cooccur.txt
细辛,咳嗽,1,symptom_herb_tcm_mesh_cooccur.txt
细辛,咳痰,1,symptom_herb_tcm_mesh_cooccur.txt
细辛,头痛,5,herb_symptom_db_knowledge.txt|herb_symptom_knowledge.txt|symptom_herb_tcm_mesh.txt|symptom_herb_tcm_mesh_cooccur.txt|symptom_herb_tcm_mesh_long.txt
细辛,头重,1,symptom_herb_tcm_mesh_cooccur.txt
细辛,恶寒,1,symptom_herb_tcm_mesh_cooccur.txt
细辛,恶寒发热,1,symptom_herb_tcm_mesh_cooccur.txt
细辛,恶心,1,symptom_herb_tcm_mesh_cooccur.txt
细辛,恶风,1,symptom_herb_tcm_mesh_cooccur.txt
细辛,无汗,1,symptom_herb_tcm_mesh_cooccur.txt
细辛,牙痛,4,herb_symptom_db_knowledge.txt|herb_symptom_knowledge.txt|symptom_herb_tcm_mesh.txt|symptom_herb_tcm_mesh_cooccur.txt
细辛,瘫痪,1,symptom_herb_tcm_mesh_cooccur.txt
细辛,腹痛,1,symptom_herb_tcm_mesh_cooccur.txt
细辛,舌苔白,1,symptom_herb_tcm_mesh_cooccur.txt
细辛,舌苔白腻,1,symptom_herb_tcm_mesh_cooccur.txt
细辛,身重,1,symptom_herb_tcm_mesh_cooccur.txt
细辛,麻疹,1,symptom_herb_tcm_mesh_cooccur.txt
细辛,鼻塞,5,herb_symptom_db_knowledge.txt|herb_symptom_knowledge.txt|symptom_herb_tcm_mesh.txt|symptom_herb_tcm_mesh_cooccur.txt|symptom_herb_tcm_mesh_long.txt
络石藤,出血,1,symptom_herb_tcm_mesh_long.txt
络石藤,半身不遂,1,symptom_herb_tcm_mesh_cooccur.txt
络石藤,咽喉肿痛,1,symptom_herb_tcm_mesh_long.txt
络石藤,筋脉拘挛,1,symptom_herb_tcm_mesh_long.txt
续断,关节疼痛,1,symptom_herb_tcm_mesh_cooccur.txt
续断,四肢麻木,1,symptom_herb_tcm_mesh_cooccur.txt
续断,崩漏,5,herb_symptom_db_knowledge.txt|herb_symptom_knowledge.txt|symptom_herb_tcm_mesh.txt|symptom_herb_tcm_mesh_cooccur.txt|symptom_herb_tcm_mesh_long.txt
续断,疲乏,1,symptom_herb_tcm_mesh_cooccur.txt
续断,瘰疬,1,symptom_herb_tcm_mesh_cooccur.txt
续断,白带,1,symptom_herb_tcm_mesh_cooccur.txt
续断,胎动不安,1,symptom_herb_tcm_mesh_cooccur.txt
续断,腰背,1,symptom_herb_tcm_mesh_long.txt
续断,腰膝酸软,1,symptom_herb_tcm_mesh_long.txt
续断,腹冷,1,symptom_herb_tcm_mesh_cooccur.txt
续断,腹痛,1,symptom_herb_tcm_mesh_cooccur.txt
续断,遗精,1,symptom_herb_tcm_mesh_long.txt
绵马贯众,喷嚏,1,symptom_herb_tcm_mesh_cooccur.txt
绵马贯众,头痛,1,symptom_herb_tcm_mesh_cooccur.txt
绵马贯众,崩漏,4,herb_symptom_knowledge.txt|symptom_herb_tcm_mesh.txt|symptom_herb_tcm_mesh_cooccur.txt|symptom_herb_tcm_mesh_long.txt
绵马贯众,漏下,3,herb_symptom_knowledge.txt|symptom_herb_tcm_mesh.txt|symptom_herb_tcm_mesh_cooccur.txt
绵马贯众,腹痛,4,herb_symptom_knowledge.txt|symptom_herb_tcm_mesh.txt|symptom_herb_tcm_mesh_cooccur.txt|symptom_herb_tcm_mesh_long.txt
绵马贯众,鼻塞,1,symptom_herb_tcm_mesh_cooccur.txt
绿萼梅,月经不调,1,symptom_herb_tcm_mesh_long.txt
绿萼梅,胸胁苦满,1,symptom_herb_tcm_mesh_long.txt
绿豆,丹毒,4,herb_symptom_db_knowledge.txt|herb_symptom_knowledge.txt|symptom_herb_tcm_mesh.txt|symptom_herb_tcm_mesh_cooccur.txt
绿豆,发热,1,symptom_herb_tcm_mesh_long.txt
绿豆,口舌生疮,1,symptom_herb_tcm_mesh_long.txt
绿豆,头痛,5,herb_symptom_db_knowledge.txt|herb_symptom_knowledge.txt|symptom_herb_tcm_mesh.txt|symptom_herb_tcm_mesh_cooccur.txt|symptom_herb_tcm_mesh_long.txt
绿豆,头痛目赤,1,symptom_herb_tcm_mesh_long.txt
绿豆,尿少,1,symptom_herb_tcm_mesh_long.txt
绿豆,水肿,1,symptom_herb_tcm_mesh_long.txt
绿豆,烦渴,1,symptom_herb_tcm_mesh_long.txt
绿豆,目赤,1,symptom_herb_tcm_mesh_long.txt
绿豆,腹痛,1,symptom_herb_tcm_mesh_cooccur.txt
绿豆,转筋,1,symptom_herb_tcm_mesh_cooccur.txt
缬草,心悸,1,herb_symptom_db_knowledge.txt
缬草,脏躁,1,herb_symptom_db_knowledge.txt
罂粟,反胃,5,herb_symptom_db_knowledge.txt|herb_symptom_knowledge.txt|symptom_herb_tcm_mesh.txt|symptom_herb_tcm_mesh_cooccur.txt|symptom_herb_tcm_mesh_long.txt
罂粟,咳嗽,1,symptom_herb_tcm_mesh_cooccur.txt
罂粟,咳血,1,symptom_herb_tcm_mesh_cooccur.txt
罂粟,头痛,1,symptom_herb_tcm_mesh_cooccur.txt
罂粟,胸闷,1,symptom_herb_tcm_mesh_cooccur.txt
罂粟,脱肛,1,symptom_herb_tcm_mesh_cooccur.txt
罂粟,腹痛,4,herb_symptom_knowledge.txt|symptom_herb_tcm_mesh.txt|symptom_herb_tcm_mesh_cooccur.txt|symptom_herb_tcm_mesh_long.txt
罂粟壳,咳嗽,1,symptom_herb_tcm_mesh_cooccur.txt
罂粟壳,咳血,1,symptom_herb_tcm_mesh_cooccur.txt
罂粟壳,疼痛,1,symptom_herb_tcm_mesh_long.txt
罂粟壳,白带,4,herb_symptom_db_knowledge.txt|herb_symptom_knowledge.txt|symptom_herb_tcm_mesh.txt|symptom_herb_tcm_mesh_cooccur.txt
罂粟壳,胸闷,1,symptom_herb_tcm_mesh_cooccur.txt
罂粟壳,脱肛,5,herb_symptom_db_knowledge.txt|herb_symptom_knowledge.txt|symptom_herb_tcm_mesh.txt|symptom_herb_tcm_mesh_cooccur.txt|symptom_herb_tcm_mesh_long.txt
罂粟壳,遗精,1,symptom_herb_tcm_mesh_long.txt
罗勒,口臭,1,herb_symptom_db_knowledge.txt
罗勒,咳嗽,1,herb_symptom_db_knowledge.txt
罗勒,头痛,5,herb_symptom_db_knowledge.txt|herb_symptom_knowledge.txt|symptom_herb_tcm_mesh.txt|symptom_herb_tcm_mesh_cooccur.txt|symptom_herb_tcm_mesh_long.txt
罗勒,湿疮,1,herb_symptom_db_knowledge.txt
罗勒,牙痛,1,herb_symptom_db_knowledge.txt
罗布麻叶,失眠,1,symptom_herb_tcm_mesh_long.txt
罗布麻叶,尿少,1,symptom_herb_tcm_mesh_long.txt
罗布麻叶,心悸,4,herb_symptom_knowledge.txt|symptom_herb_tcm_mesh.txt|symptom_herb_tcm_mesh_cooccur.txt|symptom_herb_tcm_mesh_long.txt
罗布麻叶,心悸失眠,1,symptom_herb_tcm_mesh_long.txt
罗布麻叶,水肿,1,symptom_herb_tcm_mesh_long.txt
罗布麻叶,浮肿,4,herb_symptom_knowledge.txt|symptom_herb_tcm_mesh.txt|symptom_herb_tcm_mesh_cooccur.txt|symptom_herb_tcm_mesh_long.txt
罗布麻叶,眩晕,1,symptom_herb_tcm_mesh_long.txt
罗汉松,疼痛,1,symptom_herb_tcm_mesh_long.txt
罗汉果,便秘,1,symptom_herb_tcm_mesh_long.txt
罗汉果,咳嗽,1,herb_symptom_db_knowledge.txt
罗汉果,咽痛,1,symptom_herb_tcm_mesh_long.txt
羊蹄,便燥结,1,symptom_herb_tcm_mesh_long.txt
羊蹄,便血,1,herb_symptom_db_knowledge.txt
羊蹄,吐血,1,herb_symptom_db_knowledge.txt
羊蹄,大便,1,symptom_herb_tcm_mesh_long.txt
羊蹄,大便燥,1,symptom_herb_tcm_mesh_long.txt
羊蹄,大便燥结,1,symptom_herb_tcm_mesh_long.txt
羊蹄,大便秘结,1,herb_symptom_db_knowledge.txt
羊蹄,崩漏,1,herb_symptom_db_knowledge.txt
羌活,关节疼痛,1,symptom_herb_tcm_mesh_cooccur.txt
羌活,半身不遂,1,symptom_herb_tcm_mesh_cooccur.txt
羌活,口渴,1,symptom_herb_tcm_mesh_cooccur.txt
羌活,口苦,1,symptom_herb_tcm_mesh_cooccur.txt
羌活,呕吐,1,symptom_herb_tcm_mesh_cooccur.txt
羌活,咳嗽,1,symptom_herb_tcm_mesh_cooccur.txt
羌活,咽干,1,symptom_herb_tcm_mesh_cooccur.txt
羌活,四肢麻木,1,symptom_herb_tcm_mesh_cooccur.txt
羌活,壮热,1,symptom_herb_tcm_mesh_cooccur.txt
羌活,头晕,1,symptom_herb_tcm_mesh_cooccur.txt
羌活,头痛,5,herb_symptom_db_knowledge.txt|herb_symptom_knowledge.txt|symptom_herb_tcm_mesh.txt|symptom_herb_tcm_mesh_cooccur.txt|symptom_herb_tcm_mesh_long.txt
羌活,头痛无汗,1,symptom_herb_tcm_mesh_long.txt
羌活,头重,1,symptom_herb_tcm_mesh_cooccur.txt
羌活,恶寒,1,symptom_herb_tcm_mesh_cooccur.txt
羌活,恶寒发热,1,symptom_herb_tcm_mesh_cooccur.txt
羌活,无汗,5,herb_symptom_db_knowledge.txt|herb_symptom_knowledge.txt|symptom_herb_tcm_mesh.txt|symptom_herb_tcm_mesh_cooccur.txt|symptom_herb_tcm_mesh_long.txt
羌活,浮肿,5,herb_symptom_db_knowledge.txt|herb_symptom_knowledge.txt|symptom_herb_tcm_mesh.txt|symptom_herb_tcm_mesh_cooccur.txt|symptom_herb_tcm_mesh_long.txt
羌活,痄腮,1,symptom_herb_tcm_mesh_cooccur.txt
羌活,瘫痪,1,symptom_herb_tcm_mesh_cooccur.txt
羌活,耳聋,1,symptom_herb_tcm_mesh_cooccur.txt
羌活,肩痛,1,symptom_herb_tcm_mesh_cooccur.txt
羌活,胁痛,1,symptom_herb_tcm_mesh_cooccur.txt
羌活,胃痛,1,symptom_herb_tcm_mesh_cooccur.txt
羌活,胎位不正,1,symptom_herb_tcm_mesh_cooccur.txt
羌活,胎动不安,1,symptom_herb_tcm_mesh_cooccur.txt
羌活,胎水肿满,1,symptom_herb_tcm_mesh_cooccur.txt
羌活,脱发,1,symptom_herb_tcm_mesh_cooccur.txt
羌活,腰重,1,symptom_herb_tcm_mesh_cooccur.txt
羌活,腹冷,1,symptom_herb_tcm_mesh_cooccur.txt
羌活,腹痛,1,symptom_herb_tcm_mesh_cooccur.txt
羌活,腿肿痛,1,symptom_herb_tcm_mesh_cooccur.txt
羌活,臂痛,1,symptom_herb_tcm_mesh_cooccur.txt
羌活,舌干,1,symptom_herb_tcm_mesh_cooccur.txt
羌活,舌苔白,1,symptom_herb_tcm_mesh_cooccur.txt
羌活,舌苔白腻,1,symptom_herb_tcm_mesh_cooccur.txt
羌活,身痛,1,symptom_herb_tcm_mesh_cooccur.txt
羌活,身重,1,symptom_herb_tcm_mesh_cooccur.txt
羌活,项强,1,symptom_herb_tcm_mesh_cooccur.txt
羌活,骨痛,1,symptom_herb_tcm_mesh_cooccur.txt
羌活,鼻塞,1,symptom_herb_tcm_mesh_cooccur.txt
羚羊角,出血,1,symptom_herb_tcm_mesh_long.txt
羚羊角,半身不遂,1,symptom_herb_tcm_mesh_cooccur.txt
羚羊角,发狂,2,symptom_herb_tcm_mesh.txt|symptom_herb_tcm_mesh_cooccur.txt
羚羊角,咳嗽,1,symptom_herb_tcm_mesh_cooccur.txt
羚羊角,头晕,1,symptom_herb_tcm_mesh_cooccur.txt
羚羊角,头疼,1,symptom_herb_tcm_mesh_long.txt
羚羊角,头痛,3,symptom_herb_tcm_mesh.txt|symptom_herb_tcm_mesh_cooccur.txt|symptom_herb_tcm_mesh_long.txt
羚羊角,头痛眩晕,1,symptom_herb_tcm_mesh_long.txt
羚羊角,恶寒,1,symptom_herb_tcm_mesh_cooccur.txt
羚羊角,恶寒发热,1,symptom_herb_tcm_mesh_cooccur.txt
羚羊角,抽搐,1,symptom_herb_tcm_mesh_long.txt
羚羊角,气喘,1,symptom_herb_tcm_mesh_cooccur.txt
羚羊角,烦躁,1,symptom_herb_tcm_mesh_cooccur.txt
羚羊角,痫,4,herb_symptom_db_knowledge.txt|herb_symptom_knowledge.txt|symptom_herb_tcm_mesh.txt|symptom_herb_tcm_mesh_cooccur.txt
羚羊角,目赤,1,symptom_herb_tcm_mesh_long.txt
羚羊角,眩晕,1,symptom_herb_tcm_mesh_long.txt
羚羊角,神昏,3,symptom_herb_tcm_mesh.txt|symptom_herb_tcm_mesh_cooccur.txt|symptom_herb_tcm_mesh_long.txt
羚羊角,筋脉拘挛,1,symptom_herb_tcm_mesh_long.txt
羚羊角,高热,1,symptom_herb_tcm_mesh_long.txt
翻白草,便血,1,herb_symptom_db_knowledge.txt
翻白草,咳血,1,herb_symptom_db_knowledge.txt
翻白草,崩漏,1,herb_symptom_db_knowledge.txt
老鹳草,关节疼痛,1,symptom_herb_tcm_mesh_cooccur.txt
老鹳草,四肢麻木,1,symptom_herb_tcm_mesh_cooccur.txt
老鹳草,恶风,1,symptom_herb_tcm_mesh_cooccur.txt
老鹳草,麻木,1,symptom_herb_tcm_mesh_long.txt
耳草,丹毒,1,symptom_herb_tcm_mesh_cooccur.txt
耳草,咳嗽,2,herb_symptom_db_knowledge.txt|symptom_herb_tcm_mesh_cooccur.txt
耳草,头晕,1,symptom_herb_tcm_mesh_cooccur.txt
耳草,崩漏,1,herb_symptom_db_knowledge.txt
肉桂,不孕,4,herb_symptom_db_knowledge.txt|herb_symptom_knowledge.txt|symptom_herb_tcm_mesh.txt|symptom_herb_tcm_mesh_cooccur.txt
肉桂,产后腹痛,1,symptom_herb_tcm_mesh_cooccur.txt
肉桂,低热,1,symptom_herb_tcm_mesh_cooccur.txt
肉桂,便溏,1,symptom_herb_tcm_mesh_long.txt
肉桂,呕吐,1,symptom_herb_tcm_mesh_cooccur.txt
肉桂,咳嗽,1,symptom_herb_tcm_mesh_cooccur.txt
肉桂,咽痛,1,symptom_herb_tcm_mesh_long.txt
肉桂,喘促,1,symptom_herb_tcm_mesh_long.txt
肉桂,嗳气,1,symptom_herb_tcm_mesh_cooccur.txt
肉桂,四肢麻木,1,symptom_herb_tcm_mesh_cooccur.txt
肉桂,大便溏,1,symptom_herb_tcm_mesh_cooccur.txt
肉桂,头昏,1,symptom_herb_tcm_mesh_cooccur.txt
肉桂,头晕,5,herb_symptom_db_knowledge.txt|herb_symptom_knowledge.txt|symptom_herb_tcm_mesh.txt|symptom_herb_tcm_mesh_cooccur.txt|symptom_herb_tcm_mesh_long.txt
肉桂,头晕耳鸣,1,symptom_herb_tcm_mesh_long.txt
肉桂,头痛,1,symptom_herb_tcm_mesh_cooccur.txt
肉桂,小便,1,symptom_herb_tcm_mesh_long.txt
肉桂,小便不利,5,herb_symptom_db_knowledge.txt|herb_symptom_knowledge.txt|symptom_herb_tcm_mesh.txt|symptom_herb_tcm_mesh_cooccur.txt|symptom_herb_tcm_mesh_long.txt
肉桂,尿少,1,symptom_herb_tcm_mesh_long.txt
肉桂,心悸,1,symptom_herb_tcm_mesh_cooccur.txt
肉桂,恶寒,1,symptom_herb_tcm_mesh_cooccur.txt
肉桂,气喘,5,herb_symptom_db_knowledge.txt|herb_symptom_knowledge.txt|symptom_herb_tcm_mesh.txt|symptom_herb_tcm_mesh_cooccur.txt|symptom_herb_tcm_mesh_long.txt
肉桂,浮肿,5,herb_symptom_db_knowledge.txt|herb_symptom_knowledge.txt|symptom_herb_tcm_mesh.txt|symptom_herb_tcm_mesh_cooccur.txt|symptom_herb_tcm_mesh_long.txt
肉桂,畏寒,5,herb_symptom_db_knowledge.txt|herb_symptom_knowledge.txt|symptom_herb_tcm_mesh.txt|symptom_herb_tcm_mesh_cooccur.txt|symptom_herb_tcm_mesh_long.txt
肉桂,畏寒肢冷,1,symptom_herb_tcm_mesh_long.txt
肉桂,疲乏,1,symptom_herb_tcm_mesh_cooccur.txt
肉桂,疼痛,1,symptom_herb_tcm_mesh_long.txt
肉桂,瘫痪,1,symptom_herb_tcm_mesh_cooccur.txt
肉桂,瘰疬,1,symptom_herb_tcm_mesh_cooccur.txt
肉桂,目赤,1,symptom_herb_tcm_mesh_long.txt
肉桂,眩晕,1,symptom_herb_tcm_mesh_long.txt
肉桂,短气,5,herb_symptom_db_knowledge.txt|herb_symptom_knowledge.txt|symptom_herb_tcm_mesh.txt|symptom_herb_tcm_mesh_cooccur.txt|symptom_herb_tcm_mesh_long.txt
肉桂,耳鸣,1,symptom_herb_tcm_mesh_long.txt
肉桂,肢冷,1,symptom_herb_tcm_mesh_long.txt
肉桂,脘腹冷痛,1,symptom_herb_tcm_mesh_long.txt
肉桂,腰痛,5,herb_symptom_db_knowledge.txt|herb_symptom_knowledge.txt|symptom_herb_tcm_mesh.txt|symptom_herb_tcm_mesh_cooccur.txt|symptom_herb_tcm_mesh_long.txt
肉桂,腰膝冷痛,1,symptom_herb_tcm_mesh_long.txt
肉桂,腰膝酸软,1,symptom_herb_tcm_mesh_long.txt
肉桂,腹冷,5,herb_symptom_db_knowledge.txt|herb_symptom_knowledge.txt|symptom_herb_tcm_mesh.txt|symptom_herb_tcm_mesh_cooccur.txt|symptom_herb_tcm_mesh_long.txt
肉桂,腹痛,5,herb_symptom_db_knowledge.txt|herb_symptom_knowledge.txt|symptom_herb_tcm_mesh.txt|symptom_herb_tcm_mesh_cooccur.txt|symptom_herb_tcm_mesh_long.txt
肉桂,舌强,1,symptom_herb_tcm_mesh_cooccur.txt
肉桂,遗精,1,symptom_herb_tcm_mesh_long.txt
肉桂,阳痿,1,symptom_herb_tcm_mesh_long.txt
肉桂,阳痿遗精,1,symptom_herb_tcm_mesh_long.txt
肉桂,面赤,1,symptom_herb_tcm_mesh_long.txt
肉桂,食减,1,symptom_herb_tcm_mesh_long.txt
肉桂,食欲不振,1,symptom_herb_tcm_mesh_cooccur.txt
肉苁蓉,不孕,4,herb_symptom_db_knowledge.txt|herb_symptom_knowledge.txt|symptom_herb_tcm_mesh.txt|symptom_herb_tcm_mesh_cooccur.txt
肉苁蓉,便秘,1,symptom_herb_tcm_mesh_long.txt
肉苁蓉,健忘,1,symptom_herb_tcm_mesh_cooccur.txt
肉苁蓉,大便秘结,1,symptom_herb_tcm_mesh_cooccur.txt
肉苁蓉,头晕,1,symptom_herb_tcm_mesh_cooccur.txt
肉苁蓉,小便清长,1,symptom_herb_tcm_mesh_cooccur.txt
肉苁蓉,尿频,1,symptom_herb_tcm_mesh_long.txt
肉苁蓉,崩漏,1,symptom_herb_tcm_mesh_cooccur.txt
肉苁蓉,疲乏,1,symptom_herb_tcm_mesh_cooccur.txt
肉苁蓉,白带,1,symptom_herb_tcm_mesh_cooccur.txt
肉苁蓉,目花,1,symptom_herb_tcm_mesh_long.txt
肉苁蓉,耳鸣,1,symptom_herb_tcm_mesh_long.txt
肉苁蓉,腰痛,5,herb_symptom_db_knowledge.txt|herb_symptom_knowledge.txt|symptom_herb_tcm_mesh.txt|symptom_herb_tcm_mesh_cooccur.txt|symptom_herb_tcm_mesh_long.txt
肉苁蓉,腰膝酸软,1,symptom_herb_tcm_mesh_long.txt
肉苁蓉,舌强,1,symptom_herb_tcm_mesh_cooccur.txt
肉苁蓉,遗精,1,symptom_herb_tcm_mesh_long.txt
肉苁蓉,阳痿,1,symptom_herb_tcm_mesh_long.txt
肉豆蔻,久泻不止,1,symptom_herb_tcm_mesh_long.txt
肉豆蔻,健忘,1,symptom_herb_tcm_mesh_cooccur.txt
肉豆蔻,半身不遂,1,symptom_herb_tcm_mesh_cooccur.txt
肉豆蔻,呕吐,5,herb_symptom_db_knowledge.txt|herb_symptom_knowledge.txt|symptom_herb_tcm_mesh.txt|symptom_herb_tcm_mesh_cooccur.txt|symptom_herb_tcm_mesh_long.txt
肉豆蔻,头昏,1,symptom_herb_tcm_mesh_cooccur.txt
肉豆蔻,小便不利,1,symptom_herb_tcm_mesh_cooccur.txt
肉豆蔻,崩漏,1,symptom_herb_tcm_mesh_cooccur.txt
肉豆蔻,心悸,1,symptom_herb_tcm_mesh_cooccur.txt
肉豆蔻,气喘,1,symptom_herb_tcm_mesh_cooccur.txt
肉豆蔻,浮肿,1,symptom_herb_tcm_mesh_cooccur.txt
肉豆蔻,疲乏,1,symptom_herb_tcm_mesh_cooccur.txt
肉豆蔻,白带,1,symptom_herb_tcm_mesh_cooccur.txt
肉豆蔻,神昏,1,symptom_herb_tcm_mesh_cooccur.txt
肉豆蔻,胸痛,1,symptom_herb_tcm_mesh_cooccur.txt
肉豆蔻,胸闷,1,symptom_herb_tcm_mesh_cooccur.txt
肉豆蔻,脘腹胀痛,1,symptom_herb_tcm_mesh_long.txt
肉豆蔻,腹痛,1,symptom_herb_tcm_mesh_cooccur.txt
肉豆蔻,腹胀,1,symptom_herb_tcm_mesh_long.txt
肉豆蔻,谵语,1,symptom_herb_tcm_mesh_cooccur.txt
肉豆蔻,食少,1,symptom_herb_tcm_mesh_long.txt
肿节风,牙痛,1,symptom_herb_tcm_mesh_cooccur.txt
肿节风,腹痛,1,herb_symptom_db_knowledge.txt
胆南星,呕吐,1,symptom_herb_tcm_mesh_cooccur.txt
胆南星,咳嗽,4,herb_symptom_knowledge.txt|symptom_herb_tcm_mesh.txt|symptom_herb_tcm_mesh_cooccur.txt|symptom_herb_tcm_mesh_long.txt
胆南星,大便秘结,1,symptom_herb_tcm_mesh_cooccur.txt
胆南星,头痛,1,symptom_herb_tcm_mesh_cooccur.txt
胆南星,急惊,1,symptom_herb_tcm_mesh_cooccur.txt
胆南星,烦躁,1,symptom_herb_tcm_mesh_cooccur.txt
胆南星,痫,3,herb_symptom_knowledge.txt|symptom_herb_tcm_mesh.txt|symptom_herb_tcm_mesh_cooccur.txt
胆南星,痰黄稠,1,symptom_herb_tcm_mesh_long.txt
胆南星,神昏,1,symptom_herb_tcm_mesh_cooccur.txt
胆南星,舌干,1,symptom_herb_tcm_mesh_cooccur.txt
胆南星,谵语,1,symptom_herb_tcm_mesh_cooccur.txt
胆南星,鼻塞,1,symptom_herb_tcm_mesh_cooccur.txt
胆矾,痫,1,herb_symptom_db_knowledge.txt
胖大海,便秘,1,symptom_herb_tcm_mesh_long.txt
胖大海,咽喉干痛,1,symptom_herb_tcm_mesh_long.txt
胖大海,咽喉肿痛,1,symptom_herb_tcm_mesh_long.txt
胖大海,头痛,3,symptom_herb_tcm_mesh.txt|symptom_herb_tcm_mesh_cooccur.txt|symptom_herb_tcm_mesh_long.txt
胖大海,头痛目赤,1,symptom_herb_tcm_mesh_long.txt
胖大海,干咳无痰,1,symptom_herb_tcm_mesh_long.txt
胖大海,牙痛,4,herb_symptom_db_knowledge.txt|herb_symptom_knowledge.txt|symptom_herb_tcm_mesh.txt|symptom_herb_tcm_mesh_cooccur.txt
胖大海,目赤,1,symptom_herb_tcm_mesh_long.txt
胖大海,音哑,1,symptom_herb_tcm_mesh_long.txt
胡椒,偏头痛,1,symptom_herb_tcm_mesh_cooccur.txt
胡椒,呕吐,5,herb_symptom_db_knowledge.txt|herb_symptom_knowledge.txt|symptom_herb_tcm_mesh.txt|symptom_herb_tcm_mesh_cooccur.txt|symptom_herb_tcm_mesh_long.txt
胡椒,大便溏,1,symptom_herb_tcm_mesh_cooccur.txt
胡椒,头痛,1,symptom_herb_tcm_mesh_cooccur.txt
胡椒,牙痛,1,symptom_herb_tcm_mesh_cooccur.txt
胡椒,疼痛,1,symptom_herb_tcm_mesh_long.txt
胡椒,痫,2,symptom_herb_tcm_mesh.txt|symptom_herb_tcm_mesh_cooccur.txt
胡椒,痰多,1,symptom_herb_tcm_mesh_long.txt
胡椒,胁痛,1,symptom_herb_tcm_mesh_cooccur.txt
胡椒,胸闷,1,symptom_herb_tcm_mesh_cooccur.txt
胡椒,腹冷,1,symptom_herb_tcm_mesh_cooccur.txt
胡椒,腹痛,3,symptom_herb_tcm_mesh.txt|symptom_herb_tcm_mesh_cooccur.txt|symptom_herb_tcm_mesh_long.txt
胡椒,腹痛泄泻,1,symptom_herb_tcm_mesh_long.txt
胡椒,食欲不振,5,herb_symptom_db_knowledge.txt|herb_symptom_knowledge.txt|symptom_herb_tcm_mesh.txt|symptom_herb_tcm_mesh_cooccur.txt|symptom_herb_tcm_mesh_long.txt
胡芦巴,小腹冷,1,symptom_herb_tcm_mesh_long.txt
胡芦巴,小腹冷痛,1,symptom_herb_tcm_mesh_long.txt
胡芦巴,气喘,1,symptom_herb_tcm_mesh_cooccur.txt
胡芦巴,腹冷,4,herb_symptom_knowledge.txt|symptom_herb_tcm_mesh.txt|symptom_herb_tcm_mesh_cooccur.txt|symptom_herb_tcm_mesh_long.txt
胡芦巴,腹痛,1,symptom_herb_tcm_mesh_cooccur.txt
胡颓子,咳嗽,5,herb_symptom_db_knowledge.txt|herb_symptom_knowledge.txt|symptom_herb_tcm_mesh.txt|symptom_herb_tcm_mesh_cooccur.txt|symptom_herb_tcm_mesh_long.txt
胡颓子,咳嗽气喘,1,symptom_herb_tcm_mesh_long.txt
胡颓子,崩漏,5,herb_symptom_db_knowledge.txt|herb_symptom_knowledge.txt|symptom_herb_tcm_mesh.txt|symptom_herb_tcm_mesh_cooccur.txt|symptom_herb_tcm_mesh_long.txt
胡颓子,气喘,5,herb_symptom_db_knowledge.txt|herb_symptom_knowledge.txt|symptom_herb_tcm_mesh.txt|symptom_herb_tcm_mesh_cooccur.txt|symptom_herb_tcm_mesh_long.txt
胡颓子,消化不良,1,symptom_herb_tcm_mesh_long.txt
胡颓子,胃痛,1,symptom_herb_tcm_mesh_cooccur.txt
胡颓子,腹痛,1,symptom_herb_tcm_mesh_cooccur.txt
胡颓子,食欲不振,5,herb_symptom_db_knowledge.txt|herb_symptom_knowledge.txt|symptom_herb_tcm_mesh.txt|symptom_herb_tcm_mesh_cooccur.txt|symptom_herb_tcm_mesh_long.txt
胡黄连,低热,1,symptom_herb_tcm_mesh_cooccur.txt
胡黄连,吐血,4,herb_symptom_db_knowledge.txt|herb_symptom_knowledge.txt|symptom_herb_tcm_mesh.txt|symptom_herb_tcm_mesh_cooccur.txt
胡黄连,急惊,1,symptom_herb_tcm_mesh_cooccur.txt
胡黄连,气喘,1,symptom_herb_tcm_mesh_cooccur.txt
胡黄连,流泪,1,symptom_herb_tcm_mesh_cooccur.txt
胡黄连,潮热,5,herb_symptom_db_knowledge.txt|herb_symptom_knowledge.txt|symptom_herb_tcm_mesh.txt|symptom_herb_tcm_mesh_cooccur.txt|symptom_herb_tcm_mesh_long.txt
胡黄连,潮热盗汗,1,symptom_herb_tcm_mesh_long.txt
胡黄连,烦躁,1,symptom_herb_tcm_mesh_cooccur.txt
胡黄连,盗汗,5,herb_symptom_db_knowledge.txt|herb_symptom_knowledge.txt|symptom_herb_tcm_mesh.txt|symptom_herb_tcm_mesh_cooccur.txt|symptom_herb_tcm_mesh_long.txt
胡黄连,目赤,1,symptom_herb_tcm_mesh_long.txt
胡黄连,神昏,1,symptom_herb_tcm_mesh_cooccur.txt
胡黄连,胬肉攀睛,1,symptom_herb_tcm_mesh_cooccur.txt
胡黄连,腹痛,1,symptom_herb_tcm_mesh_cooccur.txt
胡黄连,衄血,1,symptom_herb_tcm_mesh_long.txt
脐带,气血不足,1,symptom_herb_tcm_mesh_long.txt
脐带,盗汗,5,herb_symptom_db_knowledge.txt|herb_symptom_knowledge.txt|symptom_herb_tcm_mesh.txt|symptom_herb_tcm_mesh_cooccur.txt|symptom_herb_tcm_mesh_long.txt
脐带,纳,1,symptom_herb_tcm_mesh_long.txt
臭梧桐,偏头痛,4,herb_symptom_db_knowledge.txt|herb_symptom_knowledge.txt|symptom_herb_tcm_mesh.txt|symptom_herb_tcm_mesh_cooccur.txt
臭梧桐,半身不遂,5,herb_symptom_db_knowledge.txt|herb_symptom_knowledge.txt|symptom_herb_tcm_mesh.txt|symptom_herb_tcm_mesh_cooccur.txt|symptom_herb_tcm_mesh_long.txt
臭梧桐,头痛,5,herb_symptom_db_knowledge.txt|herb_symptom_knowledge.txt|symptom_herb_tcm_mesh.txt|symptom_herb_tcm_mesh_cooccur.txt|symptom_herb_tcm_mesh_long.txt
臭牡丹,丹毒,1,herb_symptom_db_knowledge.txt
艾叶,不孕,2,symptom_herb_tcm_mesh.txt|symptom_herb_tcm_mesh_cooccur.txt
艾叶,便血,5,herb_symptom_db_knowledge.txt|herb_symptom_knowledge.txt|symptom_herb_tcm_mesh.txt|symptom_herb_tcm_mesh_cooccur.txt|symptom_herb_tcm_mesh_long.txt
艾叶,出血,1,symptom_herb_tcm_mesh_long.txt
艾叶,吐血,4,herb_symptom_db_knowledge.txt|herb_symptom_knowledge.txt|symptom_herb_tcm_mesh.txt|symptom_herb_tcm_mesh_cooccur.txt
艾叶,吐血、衄血,1,symptom_herb_tcm_mesh_long.txt
艾叶,少腹冷痛,1,symptom_herb_tcm_mesh_long.txt
艾叶,崩中,1,symptom_herb_tcm_mesh_cooccur.txt
艾叶,崩漏,5,herb_symptom_db_knowledge.txt|herb_symptom_knowledge.txt|symptom_herb_tcm_mesh.txt|symptom_herb_tcm_mesh_cooccur.txt|symptom_herb_tcm_mesh_long.txt
艾叶,月经不调,1,symptom_herb_tcm_mesh_long.txt
艾叶,月经过多,1,symptom_herb_tcm_mesh_cooccur.txt
艾叶,漏下,1,symptom_herb_tcm_mesh_cooccur.txt
艾叶,疲乏,1,symptom_herb_tcm_mesh_cooccur.txt
艾叶,瘙痒,1,symptom_herb_tcm_mesh_long.txt
艾叶,白带,1,symptom_herb_tcm_mesh_cooccur.txt
艾叶,皮肤瘙痒,3,symptom_herb_tcm_mesh.txt|symptom_herb_tcm_mesh_cooccur.txt|symptom_herb_tcm_mesh_long.txt
艾叶,胎位不正,1,symptom_herb_tcm_mesh_cooccur.txt
艾叶,胎动不安,4,herb_symptom_db_knowledge.txt|herb_symptom_knowledge.txt|symptom_herb_tcm_mesh.txt|symptom_herb_tcm_mesh_cooccur.txt
艾叶,腹冷,5,herb_symptom_db_knowledge.txt|herb_symptom_knowledge.txt|symptom_herb_tcm_mesh.txt|symptom_herb_tcm_mesh_cooccur.txt|symptom_herb_tcm_mesh_long.txt
艾叶,衄血,1,symptom_herb_tcm_mesh_long.txt
艾叶,转筋,4,herb_symptom_db_knowledge.txt|herb_symptom_knowledge.txt|symptom_herb_tcm_mesh.txt|symptom_herb_tcm_mesh_cooccur.txt
艾叶,闭经,1,symptom_herb_tcm_mesh_cooccur.txt
芍药,产后腹痛,1,symptom_herb_tcm_mesh_cooccur.txt
芍药,吐血,1,symptom_herb_tcm_mesh_cooccur.txt
芍药,头晕,1,symptom_herb_tcm_mesh_cooccur.txt
芍药,头痛,1,symptom_herb_tcm_mesh_cooccur.txt
芍药,小便不利,1,symptom_herb_tcm_mesh_cooccur.txt
芍药,少气,1,symptom_herb_tcm_mesh_cooccur.txt
芍药,心悸,1,symptom_herb_tcm_mesh_cooccur.txt
芍药,恶寒,1,symptom_herb_tcm_mesh_cooccur.txt
芍药,恶寒发热,1,symptom_herb_tcm_mesh_cooccur.txt
芍药,恶风,1,symptom_herb_tcm_mesh_cooccur.txt
芍药,浮肿,1,symptom_herb_tcm_mesh_cooccur.txt
芍药,潮热,1,symptom_herb_tcm_mesh_cooccur.txt
芍药,痫,1,symptom_herb_tcm_mesh_cooccur.txt
芍药,盗汗,1,symptom_herb_tcm_mesh_cooccur.txt
芍药,短气,1,symptom_herb_tcm_mesh_cooccur.txt
芍药,肠鸣,1,symptom_herb_tcm_mesh_cooccur.txt
芍药,胁痛,1,symptom_herb_tcm_mesh_cooccur.txt
芍药,胎动不安,1,symptom_herb_tcm_mesh_cooccur.txt
芍药,腹痛,1,symptom_herb_tcm_mesh_cooccur.txt
芍药,臂痛,1,symptom_herb_tcm_mesh_cooccur.txt
芍药,自汗,1,symptom_herb_tcm_mesh_cooccur.txt
芍药,项强,1,symptom_herb_tcm_mesh_cooccur.txt
芍药,鼻塞,1,symptom_herb_tcm_mesh_cooccur.txt
芒果,口渴,4,herb_symptom_knowledge.txt|symptom_herb_tcm_mesh.txt|symptom_herb_tcm_mesh_cooccur.txt|symptom_herb_tcm_mesh_long.txt
芒果,呕吐,4,herb_symptom_knowledge.txt|symptom_herb_tcm_mesh.txt|symptom_herb_tcm_mesh_cooccur.txt|symptom_herb_tcm_mesh_long.txt
芒硝,丹毒,1,symptom_herb_tcm_mesh_cooccur.txt
芒硝,便燥结,1,symptom_herb_tcm_mesh_long.txt
芒硝,便秘,1,symptom_herb_tcm_mesh_long.txt
芒硝,口渴,1,symptom_herb_tcm_mesh_cooccur.txt
芒硝,壮热,1,symptom_herb_tcm_mesh_cooccur.txt
芒硝,大便,1,symptom_herb_tcm_mesh_long.txt
芒硝,大便燥,1,symptom_herb_tcm_mesh_long.txt
芒硝,大便燥结,1,symptom_herb_tcm_mesh_long.txt
芒硝,大便秘结,1,symptom_herb_tcm_mesh_cooccur.txt
芒硝,头痛,1,symptom_herb_tcm_mesh_cooccur.txt
芒硝,心烦,1,symptom_herb_tcm_mesh_cooccur.txt
芒硝,恶寒,1,symptom_herb_tcm_mesh_cooccur.txt
芒硝,牙龈出血,1,symptom_herb_tcm_mesh_cooccur.txt
芒硝,牙龈肿痛,1,symptom_herb_tcm_mesh_cooccur.txt
芒硝,痄腮,1,symptom_herb_tcm_mesh_cooccur.txt
芒硝,积滞,3,herb_symptom_knowledge.txt|symptom_herb_tcm_mesh.txt|symptom_herb_tcm_mesh_cooccur.txt
芒硝,胁痛,1,symptom_herb_tcm_mesh_cooccur.txt
芒硝,腹痛,4,herb_symptom_knowledge.txt|symptom_herb_tcm_mesh.txt|symptom_herb_tcm_mesh_cooccur.txt|symptom_herb_tcm_mesh_long.txt
芒硝,舌干,1,symptom_herb_tcm_mesh_cooccur.txt
芒硝,里急后重,1,symptom_herb_tcm_mesh_cooccur.txt
芒硝,项强,1,symptom_herb_tcm_mesh_cooccur.txt
芙蓉叶,咳嗽,5,herb_symptom_db_knowledge.txt|herb_symptom_knowledge.txt|symptom_herb_tcm_mesh.txt|symptom_herb_tcm_mesh_cooccur.txt|symptom_herb_tcm_mesh_long.txt
芙蓉叶,目赤,1,symptom_herb_tcm_mesh_long.txt
芙蓉花,吐血,4,herb_symptom_db_knowledge.txt|herb_symptom_knowledge.txt|symptom_herb_tcm_mesh.txt|symptom_herb_tcm_mesh_cooccur.txt
芙蓉花,咳嗽,4,herb_symptom_db_knowledge.txt|herb_symptom_knowledge.txt|symptom_herb_tcm_mesh.txt|symptom_herb_tcm_mesh_cooccur.txt
芙蓉花,崩漏,4,herb_symptom_db_knowledge.txt|herb_symptom_knowledge.txt|symptom_herb_tcm_mesh.txt|symptom_herb_tcm_mesh_cooccur.txt
芙蓉花,白带,4,herb_symptom_db_knowledge.txt|herb_symptom_knowledge.txt|symptom_herb_tcm_mesh.txt|symptom_herb_tcm_mesh_cooccur.txt
芙蓉花,腹泻,4,herb_symptom_db_knowledge.txt|herb_symptom_knowledge.txt|symptom_herb_tcm_mesh.txt|symptom_herb_tcm_mesh_cooccur.txt
芙蓉花,腹痛,4,herb_symptom_db_knowledge.txt|herb_symptom_knowledge.txt|symptom_herb_tcm_mesh.txt|symptom_herb_tcm_mesh_cooccur.txt
芜荑,疳积,4,herb_symptom_db_knowledge.txt|herb_symptom_knowledge.txt|symptom_herb_tcm_mesh.txt|symptom_herb_tcm_mesh_cooccur.txt
芜荑,腹痛,5,herb_symptom_db_knowledge.txt|herb_symptom_knowledge.txt|symptom_herb_tcm_mesh.txt|symptom_herb_tcm_mesh_cooccur.txt|symptom_herb_tcm_mesh_long.txt
芜菁,咳嗽,1,herb_symptom_db_knowledge.txt
芜菁,腹冷,1,herb_symptom_db_knowledge.txt
芡实,大便,1,symptom_herb_tcm_mesh_long.txt
芡实,大便泄泻,1,symptom_herb_tcm_mesh_long.txt
芡实,头晕,1,symptom_herb_tcm_mesh_cooccur.txt
芡实,小便,1,symptom_herb_tcm_mesh_long.txt
芡实,小便频数,1,symptom_herb_tcm_mesh_cooccur.txt
芡实,尿频,1,symptom_herb_tcm_mesh_long.txt
芡实,崩漏,1,symptom_herb_tcm_mesh_cooccur.txt
芡实,梦遗滑精,1,symptom_herb_tcm_mesh_long.txt
芡实,疲乏,1,symptom_herb_tcm_mesh_cooccur.txt
芡实,腹满,1,symptom_herb_tcm_mesh_cooccur.txt
芡实,遗尿,2,symptom_herb_tcm_mesh.txt|symptom_herb_tcm_mesh_cooccur.txt
芡实,遗精,1,symptom_herb_tcm_mesh_long.txt
芥子,口噤,1,herb_symptom_db_knowledge.txt
芥子,呕吐,2,herb_symptom_db_knowledge.txt|symptom_herb_tcm_mesh_cooccur.txt
芥子,咳嗽,1,symptom_herb_tcm_mesh_cooccur.txt
芥子,疼痛,1,symptom_herb_tcm_mesh_long.txt
芥子,瘰疬,2,herb_symptom_db_knowledge.txt|symptom_herb_tcm_mesh_cooccur.txt
芥子,耳聋,1,herb_symptom_db_knowledge.txt
芥子,胁胀,1,symptom_herb_tcm_mesh_long.txt
芥子,背痛,1,symptom_herb_tcm_mesh_cooccur.txt
芥子,胸胁胀痛,1,symptom_herb_tcm_mesh_long.txt
芥子,腹冷,1,herb_symptom_db_knowledge.txt
芥子,麻木,1,symptom_herb_tcm_mesh_long.txt
芥子,鼻塞,1,symptom_herb_tcm_mesh_cooccur.txt
芦根,上吐下泻,1,symptom_herb_tcm_mesh_cooccur.txt
芦根,呕吐,5,herb_symptom_db_knowledge.txt|herb_symptom_knowledge.txt|symptom_herb_tcm_mesh.txt|symptom_herb_tcm_mesh_cooccur.txt|symptom_herb_tcm_mesh_long.txt
芦根,咳嗽,5,herb_symptom_db_knowledge.txt|herb_symptom_knowledge.txt|symptom_herb_tcm_mesh.txt|symptom_herb_tcm_mesh_cooccur.txt|symptom_herb_tcm_mesh_long.txt
芦根,咽干,1,symptom_herb_tcm_mesh_cooccur.txt
芦根,头痛,1,symptom_herb_tcm_mesh_cooccur.txt
芦根,恶寒,1,symptom_herb_tcm_mesh_cooccur.txt
芦根,烦渴,1,symptom_herb_tcm_mesh_long.txt
芦根,身痛,1,symptom_herb_tcm_mesh_cooccur.txt
芦根,麻疹,4,herb_symptom_db_knowledge.txt|herb_symptom_knowledge.txt|symptom_herb_tcm_mesh.txt|symptom_herb_tcm_mesh_cooccur.txt
芦荟,便秘,1,symptom_herb_tcm_mesh_long.txt
芦荟,大便秘结,1,symptom_herb_tcm_mesh_cooccur.txt
芦荟,头晕,1,symptom_herb_tcm_mesh_cooccur.txt
芦荟,头痛,5,herb_symptom_db_knowledge.txt|herb_symptom_knowledge.txt|symptom_herb_tcm_mesh.txt|symptom_herb_tcm_mesh_cooccur.txt|symptom_herb_tcm_mesh_long.txt
芦荟,心烦,1,symptom_herb_tcm_mesh_cooccur.txt
芦荟,疳积,2,symptom_herb_tcm_mesh.txt|symptom_herb_tcm_mesh_cooccur.txt
芦荟,目赤,1,symptom_herb_tcm_mesh_long.txt
芦荟,耳聋,1,symptom_herb_tcm_mesh_cooccur.txt
芦荟,肥胖,1,symptom_herb_tcm_mesh_cooccur.txt
芦荟,脱发,1,symptom_herb_tcm_mesh_cooccur.txt
芦荟,腹痛,5,herb_symptom_db_knowledge.txt|herb_symptom_knowledge.txt|symptom_herb_tcm_mesh.txt|symptom_herb_tcm_mesh_cooccur.txt|symptom_herb_tcm_mesh_long.txt
芫花,二便不利,1,symptom_herb_tcm_mesh_long.txt
芫花,咳嗽,1,symptom_herb_tcm_mesh_cooccur.txt
芫花,水肿,1,symptom_herb_tcm_mesh_long.txt
芫花,浮肿,1,symptom_herb_tcm_mesh_cooccur.txt
芫花,肿胀,1,symptom_herb_tcm_mesh_long.txt
芫荽,积滞,3,herb_symptom_knowledge.txt|symptom_herb_tcm_mesh.txt|symptom_herb_tcm_mesh_cooccur.txt
芫荽,麻疹,3,herb_symptom_knowledge.txt|symptom_herb_tcm_mesh.txt|symptom_herb_tcm_mesh_cooccur.txt
花椒,呕吐,5,herb_symptom_db_knowledge.txt|herb_symptom_knowledge.txt|symptom_herb_tcm_mesh.txt|symptom_herb_tcm_mesh_cooccur.txt|symptom_herb_tcm_mesh_long.txt
花椒,流泪,1,symptom_herb_tcm_mesh_cooccur.txt
花椒,牙痛,1,herb_symptom_db_knowledge.txt
花椒,瘙痒,1,symptom_herb_tcm_mesh_long.txt
花椒,皮肤瘙痒,1,herb_symptom_db_knowledge.txt
花椒,脘腹冷痛,1,symptom_herb_tcm_mesh_long.txt
花椒,腹冷,5,herb_symptom_db_knowledge.txt|herb_symptom_knowledge.txt|symptom_herb_tcm_mesh.txt|symptom_herb_tcm_mesh_cooccur.txt|symptom_herb_tcm_mesh_long.txt
花椒,腹痛,5,herb_symptom_db_knowledge.txt|herb_symptom_knowledge.txt|symptom_herb_tcm_mesh.txt|symptom_herb_tcm_mesh_cooccur.txt|symptom_herb_tcm_mesh_long.txt
花椒,阴痒,1,herb_symptom_db_knowledge.txt
花蕊石,便血,5,herb_symptom_db_knowledge.txt|herb_symptom_knowledge.txt|symptom_herb_tcm_mesh.txt|symptom_herb_tcm_mesh_cooccur.txt|symptom_herb_tcm_mesh_long.txt
花蕊石,出血,1,symptom_herb_tcm_mesh_long.txt
花蕊石,吐血,4,herb_symptom_db_knowledge.txt|herb_symptom_knowledge.txt|symptom_herb_tcm_mesh.txt|symptom_herb_tcm_mesh_cooccur.txt
花蕊石,崩漏,5,herb_symptom_db_knowledge.txt|herb_symptom_knowledge.txt|symptom_herb_tcm_mesh.txt|symptom_herb_tcm_mesh_cooccur.txt|symptom_herb_tcm_mesh_long.txt
花蕊石,胞衣不下,4,herb_symptom_db_knowledge.txt|herb_symptom_knowledge.txt|symptom_herb_tcm_mesh.txt|symptom_herb_tcm_mesh_cooccur.txt
花蕊石,衄血,1,symptom_herb_tcm_mesh_long.txt
苍术,丹毒,1,symptom_herb_tcm_mesh_cooccur.txt
苍术,倦怠,1,symptom_herb_tcm_mesh_long.txt
苍术,倦怠嗜卧,1,symptom_herb_tcm_mesh_long.txt
苍术,关节疼痛,1,symptom_herb_tcm_mesh_cooccur.txt
苍术,半身不遂,1,symptom_herb_tcm_mesh_cooccur.txt
苍术,口渴,1,symptom_herb_tcm_mesh_cooccur.txt
苍术,吞酸,1,symptom_herb_tcm_mesh_cooccur.txt
苍术,呕吐,1,symptom_herb_tcm_mesh_cooccur.txt
苍术,嗜卧,1,symptom_herb_tcm_mesh_long.txt
苍术,嗳气,1,symptom_herb_tcm_mesh_cooccur.txt
苍术,四肢麻木,1,symptom_herb_tcm_mesh_cooccur.txt
苍术,壮热,1,symptom_herb_tcm_mesh_cooccur.txt
苍术,夜盲,5,herb_symptom_db_knowledge.txt|herb_symptom_knowledge.txt|symptom_herb_tcm_mesh.txt|symptom_herb_tcm_mesh_cooccur.txt|symptom_herb_tcm_mesh_long.txt
苍术,头晕,1,symptom_herb_tcm_mesh_cooccur.txt
苍术,头痛,1,symptom_herb_tcm_mesh_cooccur.txt
苍术,头身重,1,symptom_herb_tcm_mesh_long.txt
苍术,头重,1,symptom_herb_tcm_mesh_cooccur.txt
苍术,心悸,1,symptom_herb_tcm_mesh_cooccur.txt
苍术,恶寒,1,symptom_herb_tcm_mesh_cooccur.txt
苍术,恶寒发热,1,symptom_herb_tcm_mesh_cooccur.txt
苍术,恶心,1,symptom_herb_tcm_mesh_cooccur.txt
苍术,恶风,1,symptom_herb_tcm_mesh_cooccur.txt
苍术,慢惊,1,symptom_herb_tcm_mesh_cooccur.txt
苍术,无汗,1,symptom_herb_tcm_mesh_cooccur.txt
苍术,水肿,1,symptom_herb_tcm_mesh_long.txt
苍术,浮肿,1,symptom_herb_tcm_mesh_cooccur.txt
苍术,湿疮,1,symptom_herb_tcm_mesh_cooccur.txt
苍术,烦躁,1,symptom_herb_tcm_mesh_cooccur.txt
苍术,白带,1,symptom_herb_tcm_mesh_cooccur.txt
苍术,肩痛,1,symptom_herb_tcm_mesh_cooccur.txt
苍术,胎水肿满,1,symptom_herb_tcm_mesh_cooccur.txt
苍术,脘腹胀满,1,symptom_herb_tcm_mesh_long.txt
苍术,腰痛,1,symptom_herb_tcm_mesh_cooccur.txt
苍术,腰重,1,symptom_herb_tcm_mesh_cooccur.txt
苍术,腹冷,1,symptom_herb_tcm_mesh_cooccur.txt
苍术,腹泻,1,symptom_herb_tcm_mesh_cooccur.txt
苍术,腹痛,1,symptom_herb_tcm_mesh_cooccur.txt
苍术,腹胀,1,symptom_herb_tcm_mesh_long.txt
苍术,腿肿痛,1,symptom_herb_tcm_mesh_cooccur.txt
苍术,臁疮,1,symptom_herb_tcm_mesh_cooccur.txt
苍术,自汗,1,symptom_herb_tcm_mesh_cooccur.txt
苍术,舌苔白,1,symptom_herb_tcm_mesh_cooccur.txt
苍术,舌苔白腻,1,symptom_herb_tcm_mesh_cooccur.txt
苍术,身重,5,herb_symptom_db_knowledge.txt|herb_symptom_knowledge.txt|symptom_herb_tcm_mesh.txt|symptom_herb_tcm_mesh_cooccur.txt|symptom_herb_tcm_mesh_long.txt
苍术,闭经,1,symptom_herb_tcm_mesh_cooccur.txt
苍术,食欲不振,5,herb_symptom_db_knowledge.txt|herb_symptom_knowledge.txt|symptom_herb_tcm_mesh.txt|symptom_herb_tcm_mesh_cooccur.txt|symptom_herb_tcm_mesh_long.txt
苍术,麻疹,1,symptom_herb_tcm_mesh_cooccur.txt
苍耳,头晕,1,herb_symptom_db_knowledge.txt
苍耳,头痛,1,symptom_herb_tcm_mesh_cooccur.txt
苍耳,皮肤瘙痒,1,herb_symptom_db_knowledge.txt
苍耳,自汗,1,symptom_herb_tcm_mesh_cooccur.txt
苍耳,鼻塞,1,symptom_herb_tcm_mesh_cooccur.txt
苍耳子,头痛,5,herb_symptom_db_knowledge.txt|herb_symptom_knowledge.txt|symptom_herb_tcm_mesh.txt|symptom_herb_tcm_mesh_cooccur.txt|symptom_herb_tcm_mesh_long.txt
苍耳子,流涕,1,symptom_herb_tcm_mesh_long.txt
苍耳子,瘙痒,1,symptom_herb_tcm_mesh_long.txt
苍耳子,自汗,1,symptom_herb_tcm_mesh_cooccur.txt
苍耳子,鼻塞,1,symptom_herb_tcm_mesh_cooccur.txt
苎麻根,便血,1,herb_symptom_db_knowledge.txt
苎麻根,吐血,1,herb_symptom_db_knowledge.txt
苎麻根,崩漏,1,herb_symptom_db_knowledge.txt
苎麻根,漏下,1,herb_symptom_db_knowledge.txt
苎麻根,胎动不安,1,herb_symptom_db_knowledge.txt
苎麻根,胎漏,1,herb_symptom_db_knowledge.txt
苏合香,痫,4,herb_symptom_db_knowledge.txt|herb_symptom_knowledge.txt|symptom_herb_tcm_mesh.txt|symptom_herb_tcm_mesh_cooccur.txt
苏合香,瘰疬,1,symptom_herb_tcm_mesh_cooccur.txt
苏合香,胸闷,1,symptom_herb_tcm_mesh_cooccur.txt
苏合香,腹冷,3,symptom_herb_tcm_mesh.txt|symptom_herb_tcm_mesh_cooccur.txt|symptom_herb_tcm_mesh_long.txt
苏木,刺痛,1,symptom_herb_tcm_mesh_long.txt
苏木,四肢麻木,1,symptom_herb_tcm_mesh_cooccur.txt
苏木,腹冷,1,symptom_herb_tcm_mesh_cooccur.txt
苏木,腹痛,5,herb_symptom_db_knowledge.txt|herb_symptom_knowledge.txt|symptom_herb_tcm_mesh.txt|symptom_herb_tcm_mesh_cooccur.txt|symptom_herb_tcm_mesh_long.txt
苏木,闭经,3,symptom_herb_tcm_mesh.txt|symptom_herb_tcm_mesh_cooccur.txt|symptom_herb_tcm_mesh_long.txt
苘麻,耳聋,1,herb_symptom_db_knowledge.txt
苦参,便血,5,herb_symptom_db_knowledge.txt|herb_symptom_knowledge.txt|symptom_herb_tcm_mesh.txt|symptom_herb_tcm_mesh_cooccur.txt|symptom_herb_tcm_mesh_long.txt
苦参,咳嗽,1,symptom_herb_tcm_mesh_cooccur.txt
苦参,头痛,1,symptom_herb_tcm_mesh_cooccur.txt
苦参,小便,1,symptom_herb_tcm_mesh_long.txt
苦参,小便不利,5,herb_symptom_db_knowledge.txt|herb_symptom_knowledge.txt|symptom_herb_tcm_mesh.txt|symptom_herb_tcm_mesh_cooccur.txt|symptom_herb_tcm_mesh_long.txt
苦参,心悸,1,symptom_herb_tcm_mesh_cooccur.txt
苦参,水肿,1,symptom_herb_tcm_mesh_long.txt
苦参,湿疮,2,symptom_herb_tcm_mesh.txt|symptom_herb_tcm_mesh_cooccur.txt
苦参,瘙痒,1,symptom_herb_tcm_mesh_long.txt
苦参,白带,2,symptom_herb_tcm_mesh.txt|symptom_herb_tcm_mesh_cooccur.txt
苦参,皮肤瘙痒,5,herb_symptom_db_knowledge.txt|herb_symptom_knowledge.txt|symptom_herb_tcm_mesh.txt|symptom_herb_tcm_mesh_cooccur.txt|symptom_herb_tcm_mesh_long.txt
苦参,肩痛,1,symptom_herb_tcm_mesh_cooccur.txt
苦参,赤白带,2,symptom_herb_tcm_mesh.txt|symptom_herb_tcm_mesh_cooccur.txt
苦参,阴痒,4,herb_symptom_db_knowledge.txt|herb_symptom_knowledge.txt|symptom_herb_tcm_mesh.txt|symptom_herb_tcm_mesh_cooccur.txt
苦参,麻疹,1,symptom_herb_tcm_mesh_cooccur.txt
苦地丁,丹毒,3,herb_symptom_knowledge.txt|symptom_herb_tcm_mesh.txt|symptom_herb_tcm_mesh_cooccur.txt
苦地丁,咳嗽,1,symptom_herb_tcm_mesh_cooccur.txt
苦地丁,咽喉肿痛,1,symptom_herb_tcm_mesh_long.txt
苦地丁,咽干,1,symptom_herb_tcm_mesh_cooccur.txt
苦地丁,头痛,1,symptom_herb_tcm_mesh_cooccur.txt
苦地丁,恶寒,1,symptom_herb_tcm_mesh_cooccur.txt
苦地丁,痄腮,3,herb_symptom_knowledge.txt|symptom_herb_tcm_mesh.txt|symptom_herb_tcm_mesh_cooccur.txt
苦地丁,瘰疬,1,herb_symptom_db_knowledge.txt
苦地丁,身痛,1,symptom_herb_tcm_mesh_cooccur.txt
苦木,便血,1,symptom_herb_tcm_mesh_cooccur.txt
苦木,咽喉肿痛,1,symptom_herb_tcm_mesh_long.txt
苦木,崩漏,1,symptom_herb_tcm_mesh_cooccur.txt
苦木,白带,1,symptom_herb_tcm_mesh_cooccur.txt
苦木,腹泻,3,herb_symptom_knowledge.txt|symptom_herb_tcm_mesh.txt|symptom_herb_tcm_mesh_cooccur.txt
苦木,赤白带,1,symptom_herb_tcm_mesh_cooccur.txt
苦杏仁,便秘,1,symptom_herb_tcm_mesh_long.txt
苦杏仁,口渴,1,symptom_herb_tcm_mesh_cooccur.txt
苦杏仁,咳嗽,4,herb_symptom_knowledge.txt|symptom_herb_tcm_mesh.txt|symptom_herb_tcm_mesh_cooccur.txt|symptom_herb_tcm_mesh_long.txt
苦杏仁,咳嗽气喘,1,symptom_herb_tcm_mesh_long.txt
苦杏仁,咳血,1,symptom_herb_tcm_mesh_cooccur.txt
苦杏仁,咽干,1,symptom_herb_tcm_mesh_cooccur.txt
苦杏仁,喉痒,1,symptom_herb_tcm_mesh_cooccur.txt
苦杏仁,大便秘结,1,symptom_herb_tcm_mesh_cooccur.txt
苦杏仁,头痛,1,symptom_herb_tcm_mesh_cooccur.txt
苦杏仁,小便频数,1,symptom_herb_tcm_mesh_cooccur.txt
苦杏仁,恶寒,1,symptom_herb_tcm_mesh_cooccur.txt
苦杏仁,无汗,1,symptom_herb_tcm_mesh_cooccur.txt
苦杏仁,气喘,4,herb_symptom_knowledge.txt|symptom_herb_tcm_mesh.txt|symptom_herb_tcm_mesh_cooccur.txt|symptom_herb_tcm_mesh_long.txt
苦杏仁,湿疮,1,symptom_herb_tcm_mesh_cooccur.txt
苦杏仁,潮热,1,symptom_herb_tcm_mesh_cooccur.txt
苦杏仁,烦躁,1,symptom_herb_tcm_mesh_cooccur.txt
苦杏仁,痰多,1,symptom_herb_tcm_mesh_long.txt
苦杏仁,胸满,1,symptom_herb_tcm_mesh_long.txt
苦杏仁,胸闷,1,symptom_herb_tcm_mesh_cooccur.txt
苦杏仁,臁疮,1,symptom_herb_tcm_mesh_cooccur.txt
苦杏仁,身痛,1,symptom_herb_tcm_mesh_cooccur.txt
苦杏仁,闭经,1,symptom_herb_tcm_mesh_cooccur.txt
苦杏仁,鼻塞,1,symptom_herb_tcm_mesh_cooccur.txt
苦楝皮,瘙痒,1,symptom_herb_tcm_mesh_long.txt
苦楝皮,腹痛,4,herb_symptom_knowledge.txt|symptom_herb_tcm_mesh.txt|symptom_herb_tcm_mesh_cooccur.txt|symptom_herb_tcm_mesh_long.txt
苦瓜,烦渴,1,symptom_herb_tcm_mesh_long.txt
茜草,不孕,1,symptom_herb_tcm_mesh_cooccur.txt
茜草,便血,5,herb_symptom_db_knowledge.txt|herb_symptom_knowledge.txt|symptom_herb_tcm_mesh.txt|symptom_herb_tcm_mesh_cooccur.txt|symptom_herb_tcm_mesh_long.txt
茜草,出血,1,symptom_herb_tcm_mesh_long.txt
茜草,吐血,4,herb_symptom_db_knowledge.txt|herb_symptom_knowledge.txt|symptom_herb_tcm_mesh.txt|symptom_herb_tcm_mesh_cooccur.txt
茜草,吐血、衄血,1,symptom_herb_tcm_mesh_long.txt
茜草,头痛,1,symptom_herb_tcm_mesh_cooccur.txt
茜草,尿血,5,herb_symptom_db_knowledge.txt|herb_symptom_knowledge.txt|symptom_herb_tcm_mesh.txt|symptom_herb_tcm_mesh_cooccur.txt|symptom_herb_tcm_mesh_long.txt
茜草,崩漏,5,herb_symptom_db_knowledge.txt|herb_symptom_knowledge.txt|symptom_herb_tcm_mesh.txt|symptom_herb_tcm_mesh_cooccur.txt|symptom_herb_tcm_mesh_long.txt
茜草,心烦,1,symptom_herb_tcm_mesh_cooccur.txt
茜草,月经过多,1,symptom_herb_tcm_mesh_cooccur.txt
茜草,痫,1,symptom_herb_tcm_mesh_cooccur.txt
茜草,瘰疬,1,symptom_herb_tcm_mesh_cooccur.txt
茜草,白带,1,symptom_herb_tcm_mesh_cooccur.txt
茜草,腹冷,1,symptom_herb_tcm_mesh_cooccur.txt
茜草,腹泻,1,symptom_herb_tcm_mesh_cooccur.txt
茜草,腹痛,5,herb_symptom_db_knowledge.txt|herb_symptom_knowledge.txt|symptom_herb_tcm_mesh.txt|symptom_herb_tcm_mesh_cooccur.txt|symptom_herb_tcm_mesh_long.txt
茜草,衄血,1,symptom_herb_tcm_mesh_long.txt
茜草,赤白带,1,symptom_herb_tcm_mesh_cooccur.txt
茯苓,丹毒,1,symptom_herb_tcm_mesh_cooccur.txt
茯苓,产后眩晕,1,symptom_herb_tcm_mesh_cooccur.txt
茯苓,低热,1,symptom_herb_tcm_mesh_cooccur.txt
茯苓,便溏,1,symptom_herb_tcm_mesh_long.txt
茯苓,便溏泄泻,1,symptom_herb_tcm_mesh_long.txt
茯苓,健忘,5,herb_symptom_db_knowledge.txt|herb_symptom_knowledge.txt|symptom_herb_tcm_mesh.txt|symptom_herb_tcm_mesh_cooccur.txt|symptom_herb_tcm_mesh_long.txt
茯苓,关节疼痛,1,symptom_herb_tcm_mesh_cooccur.txt
茯苓,口苦,1,symptom_herb_tcm_mesh_cooccur.txt
茯苓,吞酸,1,symptom_herb_tcm_mesh_cooccur.txt
茯苓,呃逆,1,symptom_herb_tcm_mesh_cooccur.txt
茯苓,呕吐,5,herb_symptom_db_knowledge.txt|herb_symptom_knowledge.txt|symptom_herb_tcm_mesh.txt|symptom_herb_tcm_mesh_cooccur.txt|symptom_herb_tcm_mesh_long.txt
茯苓,咳嗽,1,symptom_herb_tcm_mesh_cooccur.txt
茯苓,咳血,1,symptom_herb_tcm_mesh_cooccur.txt
茯苓,咽干,1,symptom_herb_tcm_mesh_cooccur.txt
茯苓,喉痒,1,symptom_herb_tcm_mesh_cooccur.txt
茯苓,四肢麻木,1,symptom_herb_tcm_mesh_cooccur.txt
茯苓,壮热,1,symptom_herb_tcm_mesh_cooccur.txt
茯苓,多梦,1,symptom_herb_tcm_mesh_cooccur.txt
茯苓,大便秘结,1,symptom_herb_tcm_mesh_cooccur.txt
茯苓,失眠,1,symptom_herb_tcm_mesh_long.txt
茯苓,失眠健忘,1,symptom_herb_tcm_mesh_long.txt
茯苓,头晕,1,symptom_herb_tcm_mesh_cooccur.txt
茯苓,头痛,1,symptom_herb_tcm_mesh_cooccur.txt
茯苓,小便,1,symptom_herb_tcm_mesh_long.txt
茯苓,小便不利,5,herb_symptom_db_knowledge.txt|herb_symptom_knowledge.txt|symptom_herb_tcm_mesh.txt|symptom_herb_tcm_mesh_cooccur.txt|symptom_herb_tcm_mesh_long.txt
茯苓,小便频数,1,symptom_herb_tcm_mesh_cooccur.txt
茯苓,小便黄赤,1,symptom_herb_tcm_mesh_cooccur.txt
茯苓,少气,1,symptom_herb_tcm_mesh_cooccur.txt
茯苓,尿少,1,symptom_herb_tcm_mesh_long.txt
茯苓,崩漏,1,symptom_herb_tcm_mesh_cooccur.txt
茯苓,干呕,1,symptom_herb_tcm_mesh_cooccur.txt
茯苓,心悸,5,herb_symptom_db_knowledge.txt|herb_symptom_knowledge.txt|symptom_herb_tcm_mesh.txt|symptom_herb_tcm_mesh_cooccur.txt|symptom_herb_tcm_mesh_long.txt
茯苓,心悸不安,1,symptom_herb_tcm_mesh_long.txt
茯苓,急惊,1,symptom_herb_tcm_mesh_cooccur.txt
茯苓,恶寒,1,symptom_herb_tcm_mesh_cooccur.txt
茯苓,恶寒发热,1,symptom_herb_tcm_mesh_cooccur.txt
茯苓,恶心,1,symptom_herb_tcm_mesh_cooccur.txt
茯苓,恶风,1,symptom_herb_tcm_mesh_cooccur.txt
茯苓,慢惊,1,symptom_herb_tcm_mesh_cooccur.txt
茯苓,无汗,1,symptom_herb_tcm_mesh_cooccur.txt
茯苓,月经过多,1,symptom_herb_tcm_mesh_cooccur.txt
茯苓,水肿,1,symptom_herb_tcm_mesh_long.txt
茯苓,浮肿,1,symptom_herb_tcm_mesh_cooccur.txt
茯苓,消瘦,1,symptom_herb_tcm_mesh_cooccur.txt
茯苓,潮热,1,symptom_herb_tcm_mesh_cooccur.txt
茯苓,烦躁,1,symptom_herb_tcm_mesh_cooccur.txt
茯苓,畏寒,1,symptom_herb_tcm_mesh_cooccur.txt
茯苓,疲乏,1,symptom_herb_tcm_mesh_cooccur.txt
茯苓,疳积,1,symptom_herb_tcm_mesh_cooccur.txt
茯苓,痫,1,symptom_herb_tcm_mesh_cooccur.txt
茯苓,瘫痪,1,symptom_herb_tcm_mesh_cooccur.txt
茯苓,白带,1,symptom_herb_tcm_mesh_cooccur.txt
茯苓,盗汗,1,symptom_herb_tcm_mesh_cooccur.txt
茯苓,眩晕,1,symptom_herb_tcm_mesh_long.txt
茯苓,神昏,1,symptom_herb_tcm_mesh_cooccur.txt
茯苓,积滞,1,symptom_herb_tcm_mesh_cooccur.txt
茯苓,经期延长,1,symptom_herb_tcm_mesh_cooccur.txt
茯苓,耳聋,1,symptom_herb_tcm_mesh_cooccur.txt
茯苓,肿胀,1,symptom_herb_tcm_mesh_long.txt
茯苓,胃痛,1,symptom_herb_tcm_mesh_cooccur.txt
茯苓,背痛,1,symptom_herb_tcm_mesh_cooccur.txt
茯苓,胎水肿满,1,symptom_herb_tcm_mesh_cooccur.txt
茯苓,胸闷,1,symptom_herb_tcm_mesh_cooccur.txt
茯苓,腰痛,1,symptom_herb_tcm_mesh_cooccur.txt
茯苓,腰重,1,symptom_herb_tcm_mesh_cooccur.txt
茯苓,腹泻,1,symptom_herb_tcm_mesh_cooccur.txt
茯苓,腹满,1,symptom_herb_tcm_mesh_cooccur.txt
茯苓,腹痛,1,symptom_herb_tcm_mesh_cooccur.txt
茯苓,腿肿痛,1,symptom_herb_tcm_mesh_cooccur.txt
茯苓,舌强,1,symptom_herb_tcm_mesh_cooccur.txt
茯苓,身痛,1,symptom_herb_tcm_mesh_cooccur.txt
茯苓,遗精,1,symptom_herb_tcm_mesh_long.txt
茯苓,里急后重,1,symptom_herb_tcm_mesh_cooccur.txt
茯苓,闭经,1,symptom_herb_tcm_mesh_cooccur.txt
茯苓,项强,1,symptom_herb_tcm_mesh_cooccur.txt
茯苓,须发早白,1,symptom_herb_tcm_mesh_cooccur.txt
茯苓,食少,1,symptom_herb_tcm_mesh_long.txt
茯苓,食欲不振,1,symptom_herb_tcm_mesh_cooccur.txt
茯苓,鼻塞,1,symptom_herb_tcm_mesh_cooccur.txt
茴香,产后腹痛,1,symptom_herb_tcm_mesh_cooccur.txt
茴香,健忘,1,symptom_herb_tcm_mesh_cooccur.txt
茴香,呕吐,1,symptom_herb_tcm_mesh_cooccur.txt
茴香,四肢麻木,1,symptom_herb_tcm_mesh_cooccur.txt
茴香,头晕,1,symptom_herb_tcm_mesh_cooccur.txt
茴香,少腹冷痛,1,symptom_herb_tcm_mesh_long.txt
茴香,崩漏,1,symptom_herb_tcm_mesh_cooccur.txt
茴香,气喘,1,symptom_herb_tcm_mesh_cooccur.txt
茴香,疲乏,1,symptom_herb_tcm_mesh_cooccur.txt
茴香,腰痛,4,herb_symptom_knowledge.txt|symptom_herb_tcm_mesh.txt|symptom_herb_tcm_mesh_cooccur.txt|symptom_herb_tcm_mesh_long.txt
茴香,腹冷,4,herb_symptom_knowledge.txt|symptom_herb_tcm_mesh.txt|symptom_herb_tcm_mesh_cooccur.txt|symptom_herb_tcm_mesh_long.txt
茴香,腹痛,1,symptom_herb_tcm_mesh_cooccur.txt
茵陈,呕吐,1,symptom_herb_tcm_mesh_cooccur.txt
茵陈,头汗,1,symptom_herb_tcm_mesh_cooccur.txt
茵陈,小便不利,1,symptom_herb_tcm_mesh_cooccur.txt
茵陈,尿少,1,symptom_herb_tcm_mesh_long.txt
茵陈,恶寒,1,symptom_herb_tcm_mesh_cooccur.txt
茵陈,恶心,1,symptom_herb_tcm_mesh_cooccur.txt
茵陈,瘙痒,1,symptom_herb_tcm_mesh_long.txt
茵陈,肩痛,1,symptom_herb_tcm_mesh_cooccur.txt
茵陈,胁痛,1,symptom_herb_tcm_mesh_cooccur.txt
茵陈蒿,头汗,1,symptom_herb_tcm_mesh_cooccur.txt
茵陈蒿,小便,1,symptom_herb_tcm_mesh_long.txt
茵陈蒿,小便不利,1,symptom_herb_tcm_mesh_cooccur.txt
茵陈蒿,湿疮,4,herb_symptom_db_knowledge.txt|herb_symptom_knowledge.txt|symptom_herb_tcm_mesh.txt|symptom_herb_tcm_mesh_cooccur.txt
茵陈蒿,瘙痒,1,symptom_herb_tcm_mesh_long.txt
茵陈蒿,肩痛,1,symptom_herb_tcm_mesh_cooccur.txt
茶叶,口渴,4,herb_symptom_knowledge.txt|symptom_herb_tcm_mesh.txt|symptom_herb_tcm_mesh_cooccur.txt|symptom_herb_tcm_mesh_long.txt
茶叶,心烦,4,herb_symptom_knowledge.txt|symptom_herb_tcm_mesh.txt|symptom_herb_tcm_mesh_cooccur.txt|symptom_herb_tcm_mesh_long.txt
茶叶,心烦口渴,1,symptom_herb_tcm_mesh_long.txt
茺蔚子,半身不遂,1,symptom_herb_tcm_mesh_cooccur.txt
茺蔚子,头晕,5,herb_symptom_db_knowledge.txt|herb_symptom_knowledge.txt|symptom_herb_tcm_mesh.txt|symptom_herb_tcm_mesh_cooccur.txt|symptom_herb_tcm_mesh_long.txt
茺蔚子,头晕胀痛,1,symptom_herb_tcm_mesh_long.txt
茺蔚子,头痛,1,herb_symptom_db_knowledge.txt
茺蔚子,崩漏,1,symptom_herb_tcm_mesh_cooccur.txt
茺蔚子,月经不调,1,symptom_herb_tcm_mesh_long.txt
茺蔚子,流泪,1,symptom_herb_tcm_mesh_cooccur.txt
茺蔚子,漏下,1,symptom_herb_tcm_mesh_cooccur.txt
茺蔚子,潮热,1,symptom_herb_tcm_mesh_cooccur.txt
茺蔚子,白带,1,symptom_herb_tcm_mesh_cooccur.txt
茺蔚子,目赤,1,symptom_herb_tcm_mesh_long.txt
茺蔚子,胬肉攀睛,1,symptom_herb_tcm_mesh_cooccur.txt
茺蔚子,腹冷,1,symptom_herb_tcm_mesh_cooccur.txt
茺蔚子,腹痛,2,herb_symptom_db_knowledge.txt|symptom_herb_tcm_mesh_cooccur.txt
茺蔚子,赤白带,1,symptom_herb_tcm_mesh_cooccur.txt
茺蔚子,闭经,1,herb_symptom_db_knowledge.txt
荆芥,便血,5,herb_symptom_db_knowledge.txt|herb_symptom_knowledge.txt|symptom_herb_tcm_mesh.txt|symptom_herb_tcm_mesh_cooccur.txt|symptom_herb_tcm_mesh_long.txt
荆芥,初起,1,symptom_herb_tcm_mesh_long.txt
荆芥,发热,1,symptom_herb_tcm_mesh_long.txt
荆芥,吐血,4,herb_symptom_db_knowledge.txt|herb_symptom_knowledge.txt|symptom_herb_tcm_mesh.txt|symptom_herb_tcm_mesh_cooccur.txt
荆芥,咳嗽,5,herb_symptom_db_knowledge.txt|herb_symptom_knowledge.txt|symptom_herb_tcm_mesh.txt|symptom_herb_tcm_mesh_cooccur.txt|symptom_herb_tcm_mesh_long.txt
荆芥,咽喉痛,1,symptom_herb_tcm_mesh_cooccur.txt
荆芥,咽喉肿痛,1,symptom_herb_tcm_mesh_long.txt
荆芥,咽干,1,symptom_herb_tcm_mesh_cooccur.txt
荆芥,壮热,1,symptom_herb_tcm_mesh_cooccur.txt
荆芥,头晕,1,symptom_herb_tcm_mesh_cooccur.txt
荆芥,头痛,5,herb_symptom_db_knowledge.txt|herb_symptom_knowledge.txt|symptom_herb_tcm_mesh.txt|symptom_herb_tcm_mesh_cooccur.txt|symptom_herb_tcm_mesh_long.txt
荆芥,崩漏,5,herb_symptom_db_knowledge.txt|herb_symptom_knowledge.txt|symptom_herb_tcm_mesh.txt|symptom_herb_tcm_mesh_cooccur.txt|symptom_herb_tcm_mesh_long.txt
荆芥,恶寒,1,symptom_herb_tcm_mesh_cooccur.txt
荆芥,恶寒发热,1,symptom_herb_tcm_mesh_cooccur.txt
荆芥,恶风,1,symptom_herb_tcm_mesh_cooccur.txt
荆芥,无汗,1,symptom_herb_tcm_mesh_cooccur.txt
荆芥,浮肿,1,symptom_herb_tcm_mesh_cooccur.txt
荆芥,牙痛,1,symptom_herb_tcm_mesh_cooccur.txt
荆芥,牙龈肿痛,1,symptom_herb_tcm_mesh_cooccur.txt
荆芥,瘰疬,1,symptom_herb_tcm_mesh_cooccur.txt
荆芥,目痒,4,herb_symptom_db_knowledge.txt|herb_symptom_knowledge.txt|symptom_herb_tcm_mesh.txt|symptom_herb_tcm_mesh_cooccur.txt
荆芥,胎位不正,1,symptom_herb_tcm_mesh_cooccur.txt
荆芥,胎动不安,1,symptom_herb_tcm_mesh_cooccur.txt
荆芥,腹泻,1,symptom_herb_tcm_mesh_cooccur.txt
荆芥,衄血,1,symptom_herb_tcm_mesh_long.txt
荆芥,身痛,1,symptom_herb_tcm_mesh_cooccur.txt
荆芥,麻疹,4,herb_symptom_db_knowledge.txt|herb_symptom_knowledge.txt|symptom_herb_tcm_mesh.txt|symptom_herb_tcm_mesh_cooccur.txt
荆芥,鼻塞,1,symptom_herb_tcm_mesh_cooccur.txt
草乌,关节疼痛,4,herb_symptom_knowledge.txt|symptom_herb_tcm_mesh.txt|symptom_herb_tcm_mesh_cooccur.txt|symptom_herb_tcm_mesh_long.txt
草乌,四肢麻木,1,symptom_herb_tcm_mesh_cooccur.txt
草乌,头昏,1,symptom_herb_tcm_mesh_cooccur.txt
草乌,头痛,1,symptom_herb_tcm_mesh_cooccur.txt
草乌,恶风,1,symptom_herb_tcm_mesh_cooccur.txt
草乌,牙痛,1,symptom_herb_tcm_mesh_cooccur.txt
草乌,疼痛,1,symptom_herb_tcm_mesh_long.txt
草乌,痫,1,symptom_herb_tcm_mesh_cooccur.txt
草乌,瘫痪,1,symptom_herb_tcm_mesh_cooccur.txt
草乌,瘰疬,1,symptom_herb_tcm_mesh_cooccur.txt
草乌,胃痛,1,symptom_herb_tcm_mesh_cooccur.txt
草乌,腹冷,4,herb_symptom_knowledge.txt|symptom_herb_tcm_mesh.txt|symptom_herb_tcm_mesh_cooccur.txt|symptom_herb_tcm_mesh_long.txt
草乌,腹痛,1,symptom_herb_tcm_mesh_cooccur.txt
草乌叶,发热,1,symptom_herb_tcm_mesh_long.txt
草乌叶,头痛,1,symptom_herb_tcm_mesh_long.txt
草乌叶,腹痛,1,symptom_herb_tcm_mesh_long.txt
草果,半身不遂,1,symptom_herb_tcm_mesh_cooccur.txt
草果,呕吐,5,herb_symptom_db_knowledge.txt|herb_symptom_knowledge.txt|symptom_herb_tcm_mesh.txt|symptom_herb_tcm_mesh_cooccur.txt|symptom_herb_tcm_mesh_long.txt
草果,寒热,1,symptom_herb_tcm_mesh_long.txt
草果,小便不利,1,symptom_herb_tcm_mesh_cooccur.txt
草果,恶心,5,herb_symptom_db_knowledge.txt|herb_symptom_knowledge.txt|symptom_herb_tcm_mesh.txt|symptom_herb_tcm_mesh_cooccur.txt|symptom_herb_tcm_mesh_long.txt
草果,恶心呕吐,1,symptom_herb_tcm_mesh_long.txt
草果,慢惊,1,symptom_herb_tcm_mesh_cooccur.txt
草果,脘腹冷痛,1,symptom_herb_tcm_mesh_long.txt
草果,脘腹胀痛,1,symptom_herb_tcm_mesh_long.txt
草果,腹冷,5,herb_symptom_db_knowledge.txt|herb_symptom_knowledge.txt|symptom_herb_tcm_mesh.txt|symptom_herb_tcm_mesh_cooccur.txt|symptom_herb_tcm_mesh_long.txt
草果,腹胀,1,symptom_herb_tcm_mesh_long.txt
草莓,半身不遂,1,symptom_herb_tcm_mesh_cooccur.txt
草豆蔻,不思饮食,1,symptom_herb_tcm_mesh_long.txt
草豆蔻,口臭,5,herb_symptom_db_knowledge.txt|herb_symptom_knowledge.txt|symptom_herb_tcm_mesh.txt|symptom_herb_tcm_mesh_cooccur.txt|symptom_herb_tcm_mesh_long.txt
草豆蔻,呕吐,5,herb_symptom_db_knowledge.txt|herb_symptom_knowledge.txt|symptom_herb_tcm_mesh.txt|symptom_herb_tcm_mesh_cooccur.txt|symptom_herb_tcm_mesh_long.txt
草豆蔻,嗳气,3,symptom_herb_tcm_mesh.txt|symptom_herb_tcm_mesh_cooccur.txt|symptom_herb_tcm_mesh_long.txt
草豆蔻,小便不利,1,symptom_herb_tcm_mesh_cooccur.txt
草豆蔻,脘腹冷痛,1,symptom_herb_tcm_mesh_long.txt
草豆蔻,脘腹胀满,1,symptom_herb_tcm_mesh_long.txt
草豆蔻,腹冷,5,herb_symptom_db_knowledge.txt|herb_symptom_knowledge.txt|symptom_herb_tcm_mesh.txt|symptom_herb_tcm_mesh_cooccur.txt|symptom_herb_tcm_mesh_long.txt
草豆蔻,腹胀,1,symptom_herb_tcm_mesh_long.txt
荔枝核,产后腹痛,4,herb_symptom_db_knowledge.txt|herb_symptom_knowledge.txt|symptom_herb_tcm_mesh.txt|symptom_herb_tcm_mesh_cooccur.txt
荔枝核,腹痛,5,herb_symptom_db_knowledge.txt|herb_symptom_knowledge.txt|symptom_herb_tcm_mesh.txt|symptom_herb_tcm_mesh_cooccur.txt|symptom_herb_tcm_mesh_long.txt
荔枝草,吐血,1,herb_symptom_db_knowledge.txt
荔枝草,咳嗽,1,herb_symptom_db_knowledge.txt
荔枝草,咳血,4,herb_symptom_db_knowledge.txt|herb_symptom_knowledge.txt|symptom_herb_tcm_mesh.txt|symptom_herb_tcm_mesh_cooccur.txt
荔枝草,尿血,1,herb_symptom_db_knowledge.txt
荔枝草,崩漏,1,herb_symptom_db_knowledge.txt
荜澄茄,小便,1,symptom_herb_tcm_mesh_long.txt
荜澄茄,小便浑浊,4,herb_symptom_knowledge.txt|symptom_herb_tcm_mesh.txt|symptom_herb_tcm_mesh_cooccur.txt|symptom_herb_tcm_mesh_long.txt
荜澄茄,肠鸣,1,herb_symptom_db_knowledge.txt
荜澄茄,脘腹冷痛,1,symptom_herb_tcm_mesh_long.txt
荜澄茄,腹冷,4,herb_symptom_knowledge.txt|symptom_herb_tcm_mesh.txt|symptom_herb_tcm_mesh_cooccur.txt|symptom_herb_tcm_mesh_long.txt
荜澄茄,腹痛,1,herb_symptom_db_knowledge.txt
荜茇,偏头痛,3,herb_symptom_knowledge.txt|symptom_herb_tcm_mesh.txt|symptom_herb_tcm_mesh_cooccur.txt
荜茇,半身不遂,1,symptom_herb_tcm_mesh_cooccur.txt
荜茇,吞酸,1,symptom_herb_tcm_mesh_cooccur.txt
荜茇,呕吐,5,herb_symptom_db_knowledge.txt|herb_symptom_knowledge.txt|symptom_herb_tcm_mesh.txt|symptom_herb_tcm_mesh_cooccur.txt|symptom_herb_tcm_mesh_long.txt
荜茇,嗳气,1,symptom_herb_tcm_mesh_cooccur.txt
荜茇,嘈杂,1,symptom_herb_tcm_mesh_cooccur.txt
荜茇,头昏,1,symptom_herb_tcm_mesh_cooccur.txt
荜茇,头痛,5,herb_symptom_db_knowledge.txt|herb_symptom_knowledge.txt|symptom_herb_tcm_mesh.txt|symptom_herb_tcm_mesh_cooccur.txt|symptom_herb_tcm_mesh_long.txt
荜茇,浮肿,1,symptom_herb_tcm_mesh_cooccur.txt
荜茇,牙痛,4,herb_symptom_db_knowledge.txt|herb_symptom_knowledge.txt|symptom_herb_tcm_mesh.txt|symptom_herb_tcm_mesh_cooccur.txt
荜茇,脘腹冷痛,1,symptom_herb_tcm_mesh_long.txt
荜茇,腹冷,5,herb_symptom_db_knowledge.txt|herb_symptom_knowledge.txt|symptom_herb_tcm_mesh.txt|symptom_herb_tcm_mesh_cooccur.txt|symptom_herb_tcm_mesh_long.txt
荜茇,腹泻,1,symptom_herb_tcm_mesh_cooccur.txt
荜茇,腹痛,1,symptom_herb_tcm_mesh_cooccur.txt
荜茇,食欲不振,1,symptom_herb_tcm_mesh_cooccur.txt
荞麦,丹毒,1,herb_symptom_db_knowledge.txt
荞麦,咳嗽,1,symptom_herb_tcm_mesh_cooccur.txt
荞麦,恶寒,1,symptom_herb_tcm_mesh_cooccur.txt
荞麦,盗汗,1,herb_symptom_db_knowledge.txt
荞麦,积滞,4,herb_symptom_db_knowledge.txt|herb_symptom_knowledge.txt|symptom_herb_tcm_mesh.txt|symptom_herb_tcm_mesh_cooccur.txt
荞麦,自汗,1,herb_symptom_db_knowledge.txt
荞麦,麻疹,1,symptom_herb_tcm_mesh_cooccur.txt
荷叶,便血,3,symptom_herb_tcm_mesh.txt|symptom_herb_tcm_mesh_cooccur.txt|symptom_herb_tcm_mesh_long.txt
荷叶,出血,1,symptom_herb_tcm_mesh_long.txt
荷叶,口渴,1,symptom_herb_tcm_mesh_cooccur.txt
荷叶,吐血,1,symptom_herb_tcm_mesh_cooccur.txt
荷叶,大便,1,symptom_herb_tcm_mesh_long.txt
荷叶,大便泄泻,1,symptom_herb_tcm_mesh_long.txt
荷叶,头昏,1,symptom_herb_tcm_mesh_cooccur.txt
荷叶,头痛,5,herb_symptom_db_knowledge.txt|herb_symptom_knowledge.txt|symptom_herb_tcm_mesh.txt|symptom_herb_tcm_mesh_cooccur.txt|symptom_herb_tcm_mesh_long.txt
荷叶,头痛眩晕,1,symptom_herb_tcm_mesh_long.txt
荷叶,头胀,1,symptom_herb_tcm_mesh_cooccur.txt
荷叶,尿血,1,symptom_herb_tcm_mesh_cooccur.txt
荷叶,崩漏,3,symptom_herb_tcm_mesh.txt|symptom_herb_tcm_mesh_cooccur.txt|symptom_herb_tcm_mesh_long.txt
荷叶,恶风,1,symptom_herb_tcm_mesh_cooccur.txt
荷叶,烦渴,1,symptom_herb_tcm_mesh_long.txt
荷叶,眩晕,1,symptom_herb_tcm_mesh_long.txt
荷叶,胸闷,1,symptom_herb_tcm_mesh_cooccur.txt
荷叶,腹胀,1,symptom_herb_tcm_mesh_long.txt
荷叶,鼻塞,1,symptom_herb_tcm_mesh_cooccur.txt
荸荠,口渴,5,herb_symptom_db_knowledge.txt|herb_symptom_knowledge.txt|symptom_herb_tcm_mesh.txt|symptom_herb_tcm_mesh_cooccur.txt|symptom_herb_tcm_mesh_long.txt
荸荠,咳嗽,5,herb_symptom_db_knowledge.txt|herb_symptom_knowledge.txt|symptom_herb_tcm_mesh.txt|symptom_herb_tcm_mesh_cooccur.txt|symptom_herb_tcm_mesh_long.txt
荸荠,咽喉肿痛,1,symptom_herb_tcm_mesh_long.txt
荸荠,目赤,1,symptom_herb_tcm_mesh_long.txt
莨菪,痫,1,symptom_herb_tcm_mesh_cooccur.txt
莨菪,盗汗,1,symptom_herb_tcm_mesh_cooccur.txt
莪术,发狂,1,symptom_herb_tcm_mesh_cooccur.txt
莪术,呕吐,1,symptom_herb_tcm_mesh_cooccur.txt
莪术,嗳气,1,symptom_herb_tcm_mesh_cooccur.txt
莪术,恶心,1,symptom_herb_tcm_mesh_cooccur.txt
莪术,疳积,1,symptom_herb_tcm_mesh_cooccur.txt
莪术,痫,1,symptom_herb_tcm_mesh_cooccur.txt
莪术,神昏,1,symptom_herb_tcm_mesh_cooccur.txt
莪术,积滞,2,herb_symptom_db_knowledge.txt|symptom_herb_tcm_mesh_cooccur.txt
莪术,腹痛,1,symptom_herb_tcm_mesh_cooccur.txt
莪术,里急后重,1,symptom_herb_tcm_mesh_cooccur.txt
莪术,闭经,1,symptom_herb_tcm_mesh_cooccur.txt
莪术,食欲不振,1,symptom_herb_tcm_mesh_cooccur.txt
莱菔子,便秘,1,symptom_herb_tcm_mesh_long.txt
莱菔子,吞酸,1,symptom_herb_tcm_mesh_cooccur.txt
莱菔子,呃逆,1,symptom_herb_tcm_mesh_cooccur.txt
莱菔子,呕吐,1,symptom_herb_tcm_mesh_cooccur.txt
莱菔子,咳嗽,5,herb_symptom_db_knowledge.txt|herb_symptom_knowledge.txt|symptom_herb_tcm_mesh.txt|symptom_herb_tcm_mesh_cooccur.txt|symptom_herb_tcm_mesh_long.txt
莱菔子,大便,1,symptom_herb_tcm_mesh_long.txt
莱菔子,大便秘,1,symptom_herb_tcm_mesh_long.txt
莱菔子,大便秘结,3,symptom_herb_tcm_mesh.txt|symptom_herb_tcm_mesh_cooccur.txt|symptom_herb_tcm_mesh_long.txt
莱菔子,积滞,2,symptom_herb_tcm_mesh.txt|symptom_herb_tcm_mesh_cooccur.txt
莱菔子,脘腹胀满,1,symptom_herb_tcm_mesh_long.txt
莱菔子,脘腹胀痛,1,symptom_herb_tcm_mesh_long.txt
莱菔子,腹泻,4,herb_symptom_db_knowledge.txt|herb_symptom_knowledge.txt|symptom_herb_tcm_mesh.txt|symptom_herb_tcm_mesh_cooccur.txt
莱菔子,腹胀,1,symptom_herb_tcm_mesh_long.txt
莱菔子,食欲不振,1,symptom_herb_tcm_mesh_cooccur.txt
莲子,失眠,1,symptom_herb_tcm_mesh_long.txt
莲子,头晕,1,symptom_herb_tcm_mesh_cooccur.txt
莲子,小便,1,symptom_herb_tcm_mesh_long.txt
莲子,崩漏,5,herb_symptom_db_knowledge.txt|herb_symptom_knowledge.txt|symptom_herb_tcm_mesh.txt|symptom_herb_tcm_mesh_cooccur.txt|symptom_herb_tcm_mesh_long.txt
莲子,心悸,3,symptom_herb_tcm_mesh.txt|symptom_herb_tcm_mesh_cooccur.txt|symptom_herb_tcm_mesh_long.txt
莲子,心悸失眠,1,symptom_herb_tcm_mesh_long.txt
莲子,心神不宁,1,symptom_herb_tcm_mesh_long.txt
莲子,疲乏,1,symptom_herb_tcm_mesh_cooccur.txt
莲子,腹满,1,symptom_herb_tcm_mesh_cooccur.txt
莲子,遗精,1,symptom_herb_tcm_mesh_long.txt
莲子心,吐血,4,herb_symptom_db_knowledge.txt|herb_symptom_knowledge.txt|symptom_herb_tcm_mesh.txt|symptom_herb_tcm_mesh_cooccur.txt
莲子心,失眠,1,symptom_herb_tcm_mesh_long.txt
莲子心,眩晕,1,symptom_herb_tcm_mesh_long.txt
莲子心,神昏,5,herb_symptom_db_knowledge.txt|herb_symptom_knowledge.txt|symptom_herb_tcm_mesh.txt|symptom_herb_tcm_mesh_cooccur.txt|symptom_herb_tcm_mesh_long.txt
莲子心,神昏谵语,1,symptom_herb_tcm_mesh_long.txt
莲子心,谵语,5,herb_symptom_db_knowledge.txt|herb_symptom_knowledge.txt|symptom_herb_tcm_mesh.txt|symptom_herb_tcm_mesh_cooccur.txt|symptom_herb_tcm_mesh_long.txt
莲子心,遗精,1,symptom_herb_tcm_mesh_long.txt
莲房,便血,1,herb_symptom_db_knowledge.txt
莲房,出血,1,symptom_herb_tcm_mesh_long.txt
莲房,尿血,5,herb_symptom_db_knowledge.txt|herb_symptom_knowledge.txt|symptom_herb_tcm_mesh.txt|symptom_herb_tcm_mesh_cooccur.txt|symptom_herb_tcm_mesh_long.txt
莲房,崩漏,5,herb_symptom_db_knowledge.txt|herb_symptom_knowledge.txt|symptom_herb_tcm_mesh.txt|symptom_herb_tcm_mesh_cooccur.txt|symptom_herb_tcm_mesh_long.txt
莲房,月经过多,1,herb_symptom_db_knowledge.txt
莲须,吐血,4,herb_symptom_db_knowledge.txt|herb_symptom_knowledge.txt|symptom_herb_tcm_mesh.txt|symptom_herb_tcm_mesh_cooccur.txt
莲须,头晕,1,symptom_herb_tcm_mesh_cooccur.txt
莲须,尿频,1,symptom_herb_tcm_mesh_long.txt
莲须,崩漏,5,herb_symptom_db_knowledge.txt|herb_symptom_knowledge.txt|symptom_herb_tcm_mesh.txt|symptom_herb_tcm_mesh_cooccur.txt|symptom_herb_tcm_mesh_long.txt
莲须,疲乏,1,symptom_herb_tcm_mesh_cooccur.txt
莲须,遗尿,4,herb_symptom_db_knowledge.txt|herb_symptom_knowledge.txt|symptom_herb_tcm_mesh.txt|symptom_herb_tcm_mesh_cooccur.txt
莲须,遗精,1,symptom_herb_tcm_mesh_long.txt
莴苣,小便,1,symptom_herb_tcm_mesh_long.txt
莴苣,小便不利,5,herb_symptom_db_knowledge.txt|herb_symptom_knowledge.txt|symptom_herb_tcm_mesh.txt|symptom_herb_tcm_mesh_cooccur.txt|symptom_herb_tcm_mesh_long.txt
莴苣,尿血,5,herb_symptom_db_knowledge.txt|herb_symptom_knowledge.txt|symptom_herb_tcm_mesh.txt|symptom_herb_tcm_mesh_cooccur.txt|symptom_herb_tcm_mesh_long.txt
菊花,初起,1,symptom_herb_tcm_mesh_long.txt
菊花,发热,1,symptom_herb_tcm_mesh_long.txt
菊花,发热头痛,1,symptom_herb_tcm_mesh_long.txt
菊花,呕吐,1,symptom_herb_tcm_mesh_cooccur.txt
菊花,咳嗽,1,symptom_herb_tcm_mesh_cooccur.txt
菊花,头晕,1,symptom_herb_tcm_mesh_cooccur.txt
菊花,头痛,5,herb_symptom_db_knowledge.txt|herb_symptom_knowledge.txt|symptom_herb_tcm_mesh.txt|symptom_herb_tcm_mesh_cooccur.txt|symptom_herb_tcm_mesh_long.txt
菊花,头痛眩晕,1,symptom_herb_tcm_mesh_long.txt
菊花,头胀,1,symptom_herb_tcm_mesh_cooccur.txt
菊花,恶心,1,symptom_herb_tcm_mesh_cooccur.txt
菊花,流泪,1,symptom_herb_tcm_mesh_cooccur.txt
菊花,牙龈肿痛,1,symptom_herb_tcm_mesh_cooccur.txt
菊花,目昏,2,symptom_herb_tcm_mesh.txt|symptom_herb_tcm_mesh_cooccur.txt
菊花,目赤,1,symptom_herb_tcm_mesh_long.txt
菊花,眩晕,1,symptom_herb_tcm_mesh_long.txt
菊花,腹泻,1,symptom_herb_tcm_mesh_cooccur.txt
菊花,腹痛,1,symptom_herb_tcm_mesh_cooccur.txt
菊花,鼻塞,1,symptom_herb_tcm_mesh_cooccur.txt
菝葜,小便,1,symptom_herb_tcm_mesh_long.txt
菝葜,带下量多,1,symptom_herb_tcm_mesh_long.txt
菝葜,疔疮痈肿,1,symptom_herb_tcm_mesh_long.txt
菝葜,瘰疬,1,symptom_herb_tcm_mesh_cooccur.txt
菝葜,量多,1,symptom_herb_tcm_mesh_long.txt
菟丝子,健忘,1,symptom_herb_tcm_mesh_cooccur.txt
菟丝子,头晕,1,symptom_herb_tcm_mesh_cooccur.txt
菟丝子,尿后余沥,1,symptom_herb_tcm_mesh_cooccur.txt
菟丝子,尿有余沥,1,symptom_herb_tcm_mesh_long.txt
菟丝子,尿频,1,symptom_herb_tcm_mesh_long.txt
菟丝子,崩漏,1,symptom_herb_tcm_mesh_cooccur.txt
菟丝子,心悸,1,symptom_herb_tcm_mesh_cooccur.txt
菟丝子,疲乏,1,symptom_herb_tcm_mesh_cooccur.txt
菟丝子,白带,1,symptom_herb_tcm_mesh_cooccur.txt
菟丝子,盗汗,1,symptom_herb_tcm_mesh_cooccur.txt
菟丝子,目昏,4,herb_symptom_db_knowledge.txt|herb_symptom_knowledge.txt|symptom_herb_tcm_mesh.txt|symptom_herb_tcm_mesh_cooccur.txt
菟丝子,耳鸣,1,symptom_herb_tcm_mesh_long.txt
菟丝子,背痛,1,symptom_herb_tcm_mesh_cooccur.txt
菟丝子,胎动不安,4,herb_symptom_db_knowledge.txt|herb_symptom_knowledge.txt|symptom_herb_tcm_mesh.txt|symptom_herb_tcm_mesh_cooccur.txt
菟丝子,胎漏,2,symptom_herb_tcm_mesh.txt|symptom_herb_tcm_mesh_cooccur.txt
菟丝子,脱发,1,symptom_herb_tcm_mesh_cooccur.txt
菟丝子,腰痛,1,symptom_herb_tcm_mesh_cooccur.txt
菟丝子,腰膝酸软,1,symptom_herb_tcm_mesh_long.txt
菟丝子,遗尿,4,herb_symptom_db_knowledge.txt|herb_symptom_knowledge.txt|symptom_herb_tcm_mesh.txt|symptom_herb_tcm_mesh_cooccur.txt
菟丝子,遗精,1,symptom_herb_tcm_mesh_long.txt
菟丝子,阳痿,1,symptom_herb_tcm_mesh_long.txt
菟丝子,阳痿遗精,1,symptom_herb_tcm_mesh_long.txt
菟丝子,须发早白,1,symptom_herb_tcm_mesh_cooccur.txt
菠菜,便血,5,herb_symptom_db_knowledge.txt|herb_symptom_knowledge.txt|symptom_herb_tcm_mesh.txt|symptom_herb_tcm_mesh_cooccur.txt|symptom_herb_tcm_mesh_long.txt
菠菜,夜盲,1,herb_symptom_db_knowledge.txt
菠菜,头痛,1,herb_symptom_db_knowledge.txt
菠菜,衄血,1,symptom_herb_tcm_mesh_long.txt
萝卜,大便秘结,1,symptom_herb_tcm_mesh_cooccur.txt
萝卜,疳积,1,symptom_herb_tcm_mesh_cooccur.txt
萝卜,积滞,1,symptom_herb_tcm_mesh_cooccur.txt
萝卜,腹痛,1,symptom_herb_tcm_mesh_cooccur.txt
落新妇,头身疼痛,1,symptom_herb_tcm_mesh_long.txt
落新妇,疼痛,1,symptom_herb_tcm_mesh_long.txt
落新妇,身疼,1,symptom_herb_tcm_mesh_long.txt
葛根,初起,1,symptom_herb_tcm_mesh_long.txt
葛根,发热,1,symptom_herb_tcm_mesh_long.txt
葛根,发热头痛,1,symptom_herb_tcm_mesh_long.txt
葛根,口渴,5,herb_symptom_db_knowledge.txt|herb_symptom_knowledge.txt|symptom_herb_tcm_mesh.txt|symptom_herb_tcm_mesh_cooccur.txt|symptom_herb_tcm_mesh_long.txt
葛根,呕吐,1,symptom_herb_tcm_mesh_cooccur.txt
葛根,咳嗽,1,symptom_herb_tcm_mesh_cooccur.txt
葛根,咽喉痛,1,symptom_herb_tcm_mesh_cooccur.txt
葛根,咽干,1,symptom_herb_tcm_mesh_cooccur.txt
葛根,壮热,1,symptom_herb_tcm_mesh_cooccur.txt
葛根,头晕,1,symptom_herb_tcm_mesh_cooccur.txt
葛根,头痛,3,symptom_herb_tcm_mesh.txt|symptom_herb_tcm_mesh_cooccur.txt|symptom_herb_tcm_mesh_long.txt
葛根,头项强痛,1,symptom_herb_tcm_mesh_long.txt
葛根,少气,1,symptom_herb_tcm_mesh_cooccur.txt
葛根,恶寒,1,symptom_herb_tcm_mesh_cooccur.txt
葛根,恶寒发热,1,symptom_herb_tcm_mesh_cooccur.txt
葛根,恶心,1,symptom_herb_tcm_mesh_cooccur.txt
葛根,恶风,1,symptom_herb_tcm_mesh_cooccur.txt
葛根,无汗,1,symptom_herb_tcm_mesh_cooccur.txt
葛根,消瘦,1,symptom_herb_tcm_mesh_cooccur.txt
葛根,痄腮,1,symptom_herb_tcm_mesh_cooccur.txt
葛根,瘫痪,1,symptom_herb_tcm_mesh_cooccur.txt
葛根,肩痛,1,symptom_herb_tcm_mesh_cooccur.txt
葛根,胸闷,1,symptom_herb_tcm_mesh_cooccur.txt
葛根,腹泻,1,symptom_herb_tcm_mesh_cooccur.txt
葛根,腹痛,1,symptom_herb_tcm_mesh_cooccur.txt
葛根,自汗,1,symptom_herb_tcm_mesh_cooccur.txt
葛根,身痛,1,symptom_herb_tcm_mesh_cooccur.txt
葛根,项强,5,herb_symptom_db_knowledge.txt|herb_symptom_knowledge.txt|symptom_herb_tcm_mesh.txt|symptom_herb_tcm_mesh_cooccur.txt|symptom_herb_tcm_mesh_long.txt
葛根,麻疹,4,herb_symptom_db_knowledge.txt|herb_symptom_knowledge.txt|symptom_herb_tcm_mesh.txt|symptom_herb_tcm_mesh_cooccur.txt
葛根,鼻塞,1,symptom_herb_tcm_mesh_cooccur.txt
葡萄,咳嗽,5,herb_symptom_db_knowledge.txt|herb_symptom_knowledge.txt|symptom_herb_tcm_mesh.txt|symptom_herb_tcm_mesh_cooccur.txt|symptom_herb_tcm_mesh_long.txt
葡萄,头昏,1,symptom_herb_tcm_mesh_cooccur.txt
葡萄,小便,1,symptom_herb_tcm_mesh_long.txt
葡萄,小便不利,1,symptom_herb_tcm_mesh_cooccur.txt
葡萄,心悸,5,herb_symptom_db_knowledge.txt|herb_symptom_knowledge.txt|symptom_herb_tcm_mesh.txt|symptom_herb_tcm_mesh_cooccur.txt|symptom_herb_tcm_mesh_long.txt
葡萄,气喘,1,symptom_herb_tcm_mesh_cooccur.txt
葡萄,浮肿,1,symptom_herb_tcm_mesh_cooccur.txt
葡萄,瘰疬,1,symptom_herb_tcm_mesh_cooccur.txt
葡萄,盗汗,5,herb_symptom_db_knowledge.txt|herb_symptom_knowledge.txt|symptom_herb_tcm_mesh.txt|symptom_herb_tcm_mesh_cooccur.txt|symptom_herb_tcm_mesh_long.txt
葫芦,丹毒,1,symptom_herb_tcm_mesh_cooccur.txt
葫芦,口渴,1,symptom_herb_tcm_mesh_cooccur.txt
葫芦,咳嗽,1,symptom_herb_tcm_mesh_cooccur.txt
葫芦,咳痰,1,symptom_herb_tcm_mesh_cooccur.txt
葫芦,大便秘结,1,symptom_herb_tcm_mesh_cooccur.txt
葫芦,头昏,1,symptom_herb_tcm_mesh_cooccur.txt
葫芦,头痛,1,symptom_herb_tcm_mesh_cooccur.txt
葫芦,小便不利,1,symptom_herb_tcm_mesh_cooccur.txt
葫芦,痄腮,1,symptom_herb_tcm_mesh_cooccur.txt
葫芦,痫,1,symptom_herb_tcm_mesh_cooccur.txt
葫芦,瘰疬,1,symptom_herb_tcm_mesh_cooccur.txt
葫芦,胁痛,1,symptom_herb_tcm_mesh_cooccur.txt
葫芦,胸闷,1,symptom_herb_tcm_mesh_cooccur.txt
葫芦茶,咳血,1,herb_symptom_db_knowledge.txt
葫芦茶,疳积,1,herb_symptom_db_knowledge.txt
葱白,二便不通,1,symptom_herb_tcm_mesh_long.txt
葱白,头痛,1,symptom_herb_tcm_mesh_cooccur.txt
葱白,恶风,1,symptom_herb_tcm_mesh_cooccur.txt
葱白,腹痛,5,herb_symptom_db_knowledge.txt|herb_symptom_knowledge.txt|symptom_herb_tcm_mesh.txt|symptom_herb_tcm_mesh_cooccur.txt|symptom_herb_tcm_mesh_long.txt
葶苈子,咳嗽,1,symptom_herb_tcm_mesh_cooccur.txt
葶苈子,咳痰,4,herb_symptom_db_knowledge.txt|herb_symptom_knowledge.txt|symptom_herb_tcm_mesh.txt|symptom_herb_tcm_mesh_cooccur.txt
葶苈子,咳血,1,symptom_herb_tcm_mesh_cooccur.txt
葶苈子,小便,1,symptom_herb_tcm_mesh_long.txt
葶苈子,小便不利,5,herb_symptom_db_knowledge.txt|herb_symptom_knowledge.txt|symptom_herb_tcm_mesh.txt|symptom_herb_tcm_mesh_cooccur.txt|symptom_herb_tcm_mesh_long.txt
葶苈子,气喘,1,symptom_herb_tcm_mesh_cooccur.txt
葶苈子,水肿,1,symptom_herb_tcm_mesh_long.txt
葶苈子,痰多,1,symptom_herb_tcm_mesh_long.txt
葶苈子,瘰疬,4,herb_symptom_db_knowledge.txt|herb_symptom_knowledge.txt|symptom_herb_tcm_mesh.txt|symptom_herb_tcm_mesh_cooccur.txt
葶苈子,胁胀,1,symptom_herb_tcm_mesh_long.txt
葶苈子,胸胁胀满,1,symptom_herb_tcm_mesh_long.txt
葶苈子,项强,1,symptom_herb_tcm_mesh_cooccur.txt
蒲公英,发热,1,symptom_herb_tcm_mesh_long.txt
蒲公英,口苦,1,symptom_herb_tcm_mesh_cooccur.txt
蒲公英,咳嗽,5,herb_symptom_db_knowledge.txt|herb_symptom_knowledge.txt|symptom_herb_tcm_mesh.txt|symptom_herb_tcm_mesh_cooccur.txt|symptom_herb_tcm_mesh_long.txt
蒲公英,咽喉痛,1,symptom_herb_tcm_mesh_cooccur.txt
蒲公英,咽喉肿痛,1,symptom_herb_tcm_mesh_long.txt
蒲公英,咽干,1,symptom_herb_tcm_mesh_cooccur.txt
蒲公英,咽痛,1,symptom_herb_tcm_mesh_long.txt
蒲公英,头痛,1,symptom_herb_tcm_mesh_cooccur.txt
蒲公英,恶风,1,symptom_herb_tcm_mesh_cooccur.txt
蒲公英,痄腮,4,herb_symptom_db_knowledge.txt|herb_symptom_knowledge.txt|symptom_herb_tcm_mesh.txt|symptom_herb_tcm_mesh_cooccur.txt
蒲公英,瘰疬,2,symptom_herb_tcm_mesh.txt|symptom_herb_tcm_mesh_cooccur.txt
蒲公英,目赤,1,symptom_herb_tcm_mesh_long.txt
蒲公英,鼻塞,1,symptom_herb_tcm_mesh_cooccur.txt
蒲黄,产后腹痛,1,symptom_herb_tcm_mesh_cooccur.txt
蒲黄,便血,5,herb_symptom_db_knowledge.txt|herb_symptom_knowledge.txt|symptom_herb_tcm_mesh.txt|symptom_herb_tcm_mesh_cooccur.txt|symptom_herb_tcm_mesh_long.txt
蒲黄,出血,1,symptom_herb_tcm_mesh_long.txt
蒲黄,刺痛,1,symptom_herb_tcm_mesh_long.txt
蒲黄,吐血,4,herb_symptom_db_knowledge.txt|herb_symptom_knowledge.txt|symptom_herb_tcm_mesh.txt|symptom_herb_tcm_mesh_cooccur.txt
蒲黄,吐血、衄血,1,symptom_herb_tcm_mesh_long.txt
蒲黄,小便频数,1,symptom_herb_tcm_mesh_cooccur.txt
蒲黄,尿血,1,symptom_herb_tcm_mesh_cooccur.txt
蒲黄,崩漏,5,herb_symptom_db_knowledge.txt|herb_symptom_knowledge.txt|symptom_herb_tcm_mesh.txt|symptom_herb_tcm_mesh_cooccur.txt|symptom_herb_tcm_mesh_long.txt
蒲黄,憋气,1,symptom_herb_tcm_mesh_cooccur.txt
蒲黄,疲乏,1,symptom_herb_tcm_mesh_cooccur.txt
蒲黄,疼痛,1,symptom_herb_tcm_mesh_long.txt
蒲黄,胸闷,1,symptom_herb_tcm_mesh_cooccur.txt
蒲黄,腹冷,1,symptom_herb_tcm_mesh_cooccur.txt
蒲黄,腹痛,5,herb_symptom_db_knowledge.txt|herb_symptom_knowledge.txt|symptom_herb_tcm_mesh.txt|symptom_herb_tcm_mesh_cooccur.txt|symptom_herb_tcm_mesh_long.txt
蒲黄,衄血,1,symptom_herb_tcm_mesh_long.txt
蒺藜,呕吐,1,symptom_herb_tcm_mesh_cooccur.txt
蒺藜,头痛,4,herb_symptom_knowledge.txt|symptom_herb_tcm_mesh.txt|symptom_herb_tcm_mesh_cooccur.txt|symptom_herb_tcm_mesh_long.txt
蒺藜,头痛眩晕,1,symptom_herb_tcm_mesh_long.txt
蒺藜,恶心,1,symptom_herb_tcm_mesh_cooccur.txt
蒺藜,流泪,1,symptom_herb_tcm_mesh_cooccur.txt
蒺藜,瘙痒,1,symptom_herb_tcm_mesh_long.txt
蒺藜,目赤,1,symptom_herb_tcm_mesh_long.txt
蒺藜,眩晕,1,symptom_herb_tcm_mesh_long.txt
蒺藜,胁胀,1,symptom_herb_tcm_mesh_long.txt
蒺藜,胸胁胀痛,1,symptom_herb_tcm_mesh_long.txt
蒺藜,腹泻,1,symptom_herb_tcm_mesh_cooccur.txt
蒺藜,腹痛,1,symptom_herb_tcm_mesh_cooccur.txt
蓖麻,瘰疬,1,symptom_herb_tcm_mesh_cooccur.txt
蓖麻子,便燥结,1,symptom_herb_tcm_mesh_long.txt
蓖麻子,大便,1,symptom_herb_tcm_mesh_long.txt
蓖麻子,大便燥,1,symptom_herb_tcm_mesh_long.txt
蓖麻子,大便燥结,1,symptom_herb_tcm_mesh_long.txt
蓖麻子,瘰疬,4,herb_symptom_db_knowledge.txt|herb_symptom_knowledge.txt|symptom_herb_tcm_mesh.txt|symptom_herb_tcm_mesh_cooccur.txt
蓼大青叶,丹毒,4,herb_symptom_db_knowledge.txt|herb_symptom_knowledge.txt|symptom_herb_tcm_mesh.txt|symptom_herb_tcm_mesh_cooccur.txt
蓼大青叶,发热,1,symptom_herb_tcm_mesh_long.txt
蓼大青叶,吐血,1,herb_symptom_db_knowledge.txt
蓼大青叶,痄腮,4,herb_symptom_db_knowledge.txt|herb_symptom_knowledge.txt|symptom_herb_tcm_mesh.txt|symptom_herb_tcm_mesh_cooccur.txt
蓼蓝,丹毒,1,symptom_herb_tcm_mesh_cooccur.txt
蓼蓝,咳血,1,symptom_herb_tcm_mesh_cooccur.txt
蓼蓝,痄腮,1,symptom_herb_tcm_mesh_cooccur.txt
蓼蓝,痫,1,symptom_herb_tcm_mesh_cooccur.txt
蓼蓝,胸痛,1,symptom_herb_tcm_mesh_cooccur.txt
蔓荆子,偏头痛,4,herb_symptom_db_knowledge.txt|herb_symptom_knowledge.txt|symptom_herb_tcm_mesh.txt|symptom_herb_tcm_mesh_cooccur.txt
蔓荆子,多泪,1,symptom_herb_tcm_mesh_long.txt
蔓荆子,头昏,5,herb_symptom_db_knowledge.txt|herb_symptom_knowledge.txt|symptom_herb_tcm_mesh.txt|symptom_herb_tcm_mesh_cooccur.txt|symptom_herb_tcm_mesh_long.txt
蔓荆子,头昏头痛,1,symptom_herb_tcm_mesh_long.txt
蔓荆子,头晕,3,symptom_herb_tcm_mesh.txt|symptom_herb_tcm_mesh_cooccur.txt|symptom_herb_tcm_mesh_long.txt
蔓荆子,头晕目眩,1,symptom_herb_tcm_mesh_long.txt
蔓荆子,头痛,5,herb_symptom_db_knowledge.txt|herb_symptom_knowledge.txt|symptom_herb_tcm_mesh.txt|symptom_herb_tcm_mesh_cooccur.txt|symptom_herb_tcm_mesh_long.txt
蔓荆子,心悸,1,symptom_herb_tcm_mesh_cooccur.txt
蔓荆子,流泪,1,symptom_herb_tcm_mesh_cooccur.txt
蔓荆子,牙龈肿痛,5,herb_symptom_db_knowledge.txt|herb_symptom_knowledge.txt|symptom_herb_tcm_mesh.txt|symptom_herb_tcm_mesh_cooccur.txt|symptom_herb_tcm_mesh_long.txt
蔓荆子,目眩,1,symptom_herb_tcm_mesh_long.txt
蔓荆子,目赤,1,symptom_herb_tcm_mesh_long.txt
蔓荆子,胁痛,1,symptom_herb_tcm_mesh_cooccur.txt
蔓荆子,胸闷,1,symptom_herb_tcm_mesh_cooccur.txt
蔓荆子,腹痛,1,symptom_herb_tcm_mesh_cooccur.txt
蔓荆子,身重,1,symptom_herb_tcm_mesh_cooccur.txt
蔓荆子,鼻塞,1,symptom_herb_tcm_mesh_cooccur.txt
蕤仁,目赤,1,symptom_herb_tcm_mesh_long.txt
蕲蛇,半身不遂,4,herb_symptom_knowledge.txt|symptom_herb_tcm_mesh.txt|symptom_herb_tcm_mesh_cooccur.txt|symptom_herb_tcm_mesh_long.txt
蕲蛇,抽搐,1,symptom_herb_tcm_mesh_long.txt
蕲蛇,瘫痪,1,symptom_herb_tcm_mesh_cooccur.txt
蕲蛇,麻木,1,symptom_herb_tcm_mesh_long.txt
薄荷,丹毒,1,symptom_herb_tcm_mesh_cooccur.txt
薄荷,初起,1,symptom_herb_tcm_mesh_long.txt
薄荷,口苦,1,symptom_herb_tcm_mesh_cooccur.txt
薄荷,呕吐,1,symptom_herb_tcm_mesh_cooccur.txt
薄荷,咳嗽,1,symptom_herb_tcm_mesh_cooccur.txt
薄荷,咽喉肿痛,1,symptom_herb_tcm_mesh_long.txt
薄荷,咽干,1,symptom_herb_tcm_mesh_cooccur.txt
薄荷,壮热,1,symptom_herb_tcm_mesh_cooccur.txt
薄荷,声音嘶哑,1,symptom_herb_tcm_mesh_cooccur.txt
薄荷,头晕,1,symptom_herb_tcm_mesh_cooccur.txt
薄荷,头痛,5,herb_symptom_db_knowledge.txt|herb_symptom_knowledge.txt|symptom_herb_tcm_mesh.txt|symptom_herb_tcm_mesh_cooccur.txt|symptom_herb_tcm_mesh_long.txt
薄荷,头痛目赤,1,symptom_herb_tcm_mesh_long.txt
薄荷,头胀,1,symptom_herb_tcm_mesh_cooccur.txt
薄荷,恶寒,1,symptom_herb_tcm_mesh_cooccur.txt
薄荷,恶寒发热,1,symptom_herb_tcm_mesh_cooccur.txt
薄荷,恶心,1,symptom_herb_tcm_mesh_cooccur.txt
薄荷,恶风,1,symptom_herb_tcm_mesh_cooccur.txt
薄荷,流泪,1,symptom_herb_tcm_mesh_cooccur.txt
薄荷,湿疮,1,symptom_herb_tcm_mesh_cooccur.txt
薄荷,烦躁,1,symptom_herb_tcm_mesh_cooccur.txt
薄荷,牙痛,1,symptom_herb_tcm_mesh_cooccur.txt
薄荷,牙龈肿痛,1,symptom_herb_tcm_mesh_cooccur.txt
薄荷,瘙痒,1,symptom_herb_tcm_mesh_long.txt
薄荷,目赤,1,symptom_herb_tcm_mesh_long.txt
薄荷,胁痛,5,herb_symptom_db_knowledge.txt|herb_symptom_knowledge.txt|symptom_herb_tcm_mesh.txt|symptom_herb_tcm_mesh_cooccur.txt|symptom_herb_tcm_mesh_long.txt
薄荷,胁胀,1,symptom_herb_tcm_mesh_long.txt
薄荷,胸胁胀闷,1,symptom_herb_tcm_mesh_long.txt
薄荷,腹泻,1,symptom_herb_tcm_mesh_cooccur.txt
薄荷,腹痛,1,symptom_herb_tcm_mesh_cooccur.txt
薄荷,臁疮,1,symptom_herb_tcm_mesh_cooccur.txt
薄荷,自汗,1,symptom_herb_tcm_mesh_cooccur.txt
薄荷,舌干,1,symptom_herb_tcm_mesh_cooccur.txt
薄荷,舌强,1,symptom_herb_tcm_mesh_cooccur.txt
薄荷,身痛,1,symptom_herb_tcm_mesh_cooccur.txt
薄荷,麻疹,4,herb_symptom_db_knowledge.txt|herb_symptom_knowledge.txt|symptom_herb_tcm_mesh.txt|symptom_herb_tcm_mesh_cooccur.txt
薄荷,鼻塞,1,symptom_herb_tcm_mesh_cooccur.txt
薄荷,鼻干,1,symptom_herb_tcm_mesh_cooccur.txt
薏苡仁,呕吐,1,symptom_herb_tcm_mesh_cooccur.txt
薏苡仁,头痛,1,symptom_herb_tcm_mesh_cooccur.txt
薏苡仁,小便,1,symptom_herb_tcm_mesh_long.txt
薏苡仁,小便不利,3,symptom_herb_tcm_mesh.txt|symptom_herb_tcm_mesh_cooccur.txt|symptom_herb_tcm_mesh_long.txt
薏苡仁,恶寒,1,symptom_herb_tcm_mesh_cooccur.txt
薏苡仁,恶心,1,symptom_herb_tcm_mesh_cooccur.txt
薏苡仁,水肿,1,symptom_herb_tcm_mesh_long.txt
薏苡仁,筋脉拘挛,1,symptom_herb_tcm_mesh_long.txt
薏苡仁,腹泻,1,symptom_herb_tcm_mesh_cooccur.txt
薏苡仁,腹满,1,symptom_herb_tcm_mesh_cooccur.txt
薏苡仁,腹痛,1,symptom_herb_tcm_mesh_cooccur.txt
薤白,心悸,1,symptom_herb_tcm_mesh_cooccur.txt
薤白,疼痛,1,symptom_herb_tcm_mesh_long.txt
薤白,白带,1,herb_symptom_db_knowledge.txt
薤白,胸痛,1,symptom_herb_tcm_mesh_cooccur.txt
藁本,头痛,5,herb_symptom_db_knowledge.txt|herb_symptom_knowledge.txt|symptom_herb_tcm_mesh.txt|symptom_herb_tcm_mesh_cooccur.txt|symptom_herb_tcm_mesh_long.txt
藁本,崩漏,1,symptom_herb_tcm_mesh_cooccur.txt
藁本,恶心,1,symptom_herb_tcm_mesh_cooccur.txt
藁本,疲乏,1,symptom_herb_tcm_mesh_cooccur.txt
藁本,疼痛,1,symptom_herb_tcm_mesh_long.txt
藁本,白带,1,symptom_herb_tcm_mesh_cooccur.txt
藁本,腹痛,5,herb_symptom_db_knowledge.txt|herb_symptom_knowledge.txt|symptom_herb_tcm_mesh.txt|symptom_herb_tcm_mesh_cooccur.txt|symptom_herb_tcm_mesh_long.txt
藁本,身重,1,symptom_herb_tcm_mesh_cooccur.txt
藁本,鼻塞,1,symptom_herb_tcm_mesh_cooccur.txt
藏菖蒲,头昏,1,symptom_herb_tcm_mesh_cooccur.txt
藏菖蒲,头痛,1,symptom_herb_tcm_mesh_cooccur.txt
藏菖蒲,消化不良,1,symptom_herb_tcm_mesh_long.txt
藏菖蒲,牙痛,1,symptom_herb_tcm_mesh_cooccur.txt
藏菖蒲,痫,1,symptom_herb_tcm_mesh_cooccur.txt
藏菖蒲,积滞,3,herb_symptom_knowledge.txt|symptom_herb_tcm_mesh.txt|symptom_herb_tcm_mesh_cooccur.txt
藏菖蒲,胃痛,1,symptom_herb_tcm_mesh_cooccur.txt
藕节,便血,1,symptom_herb_tcm_mesh_cooccur.txt
藕节,吐血,3,herb_symptom_knowledge.txt|symptom_herb_tcm_mesh.txt|symptom_herb_tcm_mesh_cooccur.txt
藕节,小便频数,1,symptom_herb_tcm_mesh_cooccur.txt
藕节,尿血,4,herb_symptom_knowledge.txt|symptom_herb_tcm_mesh.txt|symptom_herb_tcm_mesh_cooccur.txt|symptom_herb_tcm_mesh_long.txt
藕节,崩漏,4,herb_symptom_knowledge.txt|symptom_herb_tcm_mesh.txt|symptom_herb_tcm_mesh_cooccur.txt|symptom_herb_tcm_mesh_long.txt
藕节,衄血,1,symptom_herb_tcm_mesh_long.txt
藜,便血,1,symptom_herb_tcm_mesh_cooccur.txt
藜,呕吐,1,symptom_herb_tcm_mesh_cooccur.txt
藜,咳嗽,1,herb_symptom_db_knowledge.txt
藜,头痛,1,symptom_herb_tcm_mesh_cooccur.txt
藜,恶心,1,symptom_herb_tcm_mesh_cooccur.txt
藜,流泪,1,symptom_herb_tcm_mesh_cooccur.txt
藜,湿疮,3,herb_symptom_knowledge.txt|symptom_herb_tcm_mesh.txt|symptom_herb_tcm_mesh_cooccur.txt
藜,痫,1,symptom_herb_tcm_mesh_cooccur.txt
藜,皮肤瘙痒,1,symptom_herb_tcm_mesh_cooccur.txt
藜,腹泻,4,herb_symptom_db_knowledge.txt|herb_symptom_knowledge.txt|symptom_herb_tcm_mesh.txt|symptom_herb_tcm_mesh_cooccur.txt
藜,腹痛,2,herb_symptom_db_knowledge.txt|symptom_herb_tcm_mesh_cooccur.txt
藜,阴痒,1,symptom_herb_tcm_mesh_cooccur.txt
藜芦,痫,4,herb_symptom_db_knowledge.txt|herb_symptom_knowledge.txt|symptom_herb_tcm_mesh.txt|symptom_herb_tcm_mesh_cooccur.txt
藤黄,湿疮,1,herb_symptom_db_knowledge.txt
藿香,呃逆,1,symptom_herb_tcm_mesh_cooccur.txt
藿香,呕吐,5,herb_symptom_db_knowledge.txt|herb_symptom_knowledge.txt|symptom_herb_tcm_mesh.txt|symptom_herb_tcm_mesh_cooccur.txt|symptom_herb_tcm_mesh_long.txt
藿香,咳嗽,1,symptom_herb_tcm_mesh_cooccur.txt
藿香,嗳气,1,symptom_herb_tcm_mesh_cooccur.txt
藿香,壮热,1,symptom_herb_tcm_mesh_cooccur.txt
藿香,头痛,5,herb_symptom_db_knowledge.txt|herb_symptom_knowledge.txt|symptom_herb_tcm_mesh.txt|symptom_herb_tcm_mesh_cooccur.txt|symptom_herb_tcm_mesh_long.txt
藿香,妊娠呕吐,4,herb_symptom_db_knowledge.txt|herb_symptom_knowledge.txt|symptom_herb_tcm_mesh.txt|symptom_herb_tcm_mesh_cooccur.txt
藿香,寒热,1,symptom_herb_tcm_mesh_long.txt
藿香,小便不利,1,symptom_herb_tcm_mesh_cooccur.txt
藿香,恶寒,1,symptom_herb_tcm_mesh_cooccur.txt
藿香,恶寒发热,1,symptom_herb_tcm_mesh_cooccur.txt
藿香,恶心,1,symptom_herb_tcm_mesh_cooccur.txt
藿香,无汗,1,symptom_herb_tcm_mesh_cooccur.txt
藿香,瘫痪,1,symptom_herb_tcm_mesh_cooccur.txt
藿香,胸脘痞闷,1,symptom_herb_tcm_mesh_long.txt
藿香,胸闷,1,symptom_herb_tcm_mesh_cooccur.txt
藿香,腹泻,1,symptom_herb_tcm_mesh_cooccur.txt
藿香,腹满,1,symptom_herb_tcm_mesh_cooccur.txt
藿香,腹痛,1,symptom_herb_tcm_mesh_cooccur.txt
藿香,食欲不振,1,symptom_herb_tcm_mesh_cooccur.txt
藿香,鼻塞,1,symptom_herb_tcm_mesh_cooccur.txt
蘑菇,腹泻,3,herb_symptom_knowledge.txt|symptom_herb_tcm_mesh.txt|symptom_herb_tcm_mesh_cooccur.txt
虎杖,产后恶露不下,1,symptom_herb_tcm_mesh_long.txt
虎杖,口苦,1,symptom_herb_tcm_mesh_cooccur.txt
虎杖,咳嗽,3,symptom_herb_tcm_mesh.txt|symptom_herb_tcm_mesh_cooccur.txt|symptom_herb_tcm_mesh_long.txt
虎杖,咳嗽痰多,1,symptom_herb_tcm_mesh_long.txt
虎杖,咽干,1,symptom_herb_tcm_mesh_cooccur.txt
虎杖,嗳气,1,symptom_herb_tcm_mesh_cooccur.txt
虎杖,恶露不下,4,herb_symptom_db_knowledge.txt|herb_symptom_knowledge.txt|symptom_herb_tcm_mesh.txt|symptom_herb_tcm_mesh_cooccur.txt
虎杖,痰多,1,symptom_herb_tcm_mesh_long.txt
虎耳草,出血,1,symptom_herb_tcm_mesh_long.txt
虎耳草,咳嗽,1,symptom_herb_tcm_mesh_long.txt
虎耳草,瘙痒,1,symptom_herb_tcm_mesh_long.txt
虎骨,痫,3,herb_symptom_knowledge.txt|symptom_herb_tcm_mesh.txt|symptom_herb_tcm_mesh_cooccur.txt
虎骨,脱肛,4,herb_symptom_knowledge.txt|symptom_herb_tcm_mesh.txt|symptom_herb_tcm_mesh_cooccur.txt|symptom_herb_tcm_mesh_long.txt
虫白蜡,便血,1,herb_symptom_db_knowledge.txt
虫白蜡,尿血,1,herb_symptom_db_knowledge.txt
虻虫,发狂,1,symptom_herb_tcm_mesh_cooccur.txt
虻虫,潮热,1,symptom_herb_tcm_mesh_cooccur.txt
虻虫,闭经,1,symptom_herb_tcm_mesh_cooccur.txt
蚕砂,关节疼痛,1,symptom_herb_tcm_mesh_cooccur.txt
蚕砂,口渴,1,symptom_herb_tcm_mesh_cooccur.txt
蚕砂,四肢麻木,1,symptom_herb_tcm_mesh_cooccur.txt
蚕砂,头痛,4,herb_symptom_knowledge.txt|symptom_herb_tcm_mesh.txt|symptom_herb_tcm_mesh_cooccur.txt|symptom_herb_tcm_mesh_long.txt
蚕砂,烦躁,1,symptom_herb_tcm_mesh_cooccur.txt
蚕砂,瘙痒,1,symptom_herb_tcm_mesh_long.txt
蚕砂,腹痛,1,symptom_herb_tcm_mesh_cooccur.txt
蚕砂,转筋,1,symptom_herb_tcm_mesh_cooccur.txt
蚕豆,小便,1,symptom_herb_tcm_mesh_long.txt
蚕豆,小便不利,4,herb_symptom_knowledge.txt|symptom_herb_tcm_mesh.txt|symptom_herb_tcm_mesh_cooccur.txt|symptom_herb_tcm_mesh_long.txt
蚕豆,心悸,1,symptom_herb_tcm_mesh_cooccur.txt
蚕豆,水肿,1,symptom_herb_tcm_mesh_long.txt
蚕豆,白带,1,symptom_herb_tcm_mesh_cooccur.txt
蚕豆,蚕豆,1,symptom_herb_tcm_mesh_long.txt
蚕豆,赤白带,1,symptom_herb_tcm_mesh_cooccur.txt
蚕豆,身痛,1,symptom_herb_tcm_mesh_cooccur.txt
蚕豆,麻疹,1,symptom_herb_tcm_mesh_cooccur.txt
蚕豆花,吐血,4,herb_symptom_db_knowledge.txt|herb_symptom_knowledge.txt|symptom_herb_tcm_mesh.txt|symptom_herb_tcm_mesh_cooccur.txt
蚕豆花,咳嗽,4,herb_symptom_db_knowledge.txt|herb_symptom_knowledge.txt|symptom_herb_tcm_mesh.txt|symptom_herb_tcm_mesh_cooccur.txt
蚕豆花,崩漏,4,herb_symptom_db_knowledge.txt|herb_symptom_knowledge.txt|symptom_herb_tcm_mesh.txt|symptom_herb_tcm_mesh_cooccur.txt
蛇床子,不孕,4,herb_symptom_db_knowledge.txt|herb_symptom_knowledge.txt|symptom_herb_tcm_mesh.txt|symptom_herb_tcm_mesh_cooccur.txt
蛇床子,四肢麻木,1,symptom_herb_tcm_mesh_cooccur.txt
蛇床子,湿疮,4,herb_symptom_db_knowledge.txt|herb_symptom_knowledge.txt|symptom_herb_tcm_mesh.txt|symptom_herb_tcm_mesh_cooccur.txt
蛇床子,腰痛,3,symptom_herb_tcm_mesh.txt|symptom_herb_tcm_mesh_cooccur.txt|symptom_herb_tcm_mesh_long.txt
蛇床子,腹冷,1,symptom_herb_tcm_mesh_cooccur.txt
蛇床子,腹痛,1,symptom_herb_tcm_mesh_cooccur.txt
蛇床子,阳痿,1,symptom_herb_tcm_mesh_long.txt
蛇床子,阴囊,1,symptom_herb_tcm_mesh_long.txt
蛇床子,阴痒,4,herb_symptom_db_knowledge.txt|herb_symptom_knowledge.txt|symptom_herb_tcm_mesh.txt|symptom_herb_tcm_mesh_cooccur.txt
蛇莓,吐血,4,herb_symptom_db_knowledge.txt|herb_symptom_knowledge.txt|symptom_herb_tcm_mesh.txt|symptom_herb_tcm_mesh_cooccur.txt
蛇莓,咳嗽,5,herb_symptom_db_knowledge.txt|herb_symptom_knowledge.txt|symptom_herb_tcm_mesh.txt|symptom_herb_tcm_mesh_cooccur.txt|symptom_herb_tcm_mesh_long.txt
蛇莓,咽喉肿痛,1,symptom_herb_tcm_mesh_long.txt
蛇莓,崩漏,5,herb_symptom_db_knowledge.txt|herb_symptom_knowledge.txt|symptom_herb_tcm_mesh.txt|symptom_herb_tcm_mesh_cooccur.txt|symptom_herb_tcm_mesh_long.txt
蛇莓,月经不调,1,symptom_herb_tcm_mesh_long.txt
蛇莓,痄腮,4,herb_symptom_db_knowledge.txt|herb_symptom_knowledge.txt|symptom_herb_tcm_mesh.txt|symptom_herb_tcm_mesh_cooccur.txt
蛇莓,痫,4,herb_symptom_db_knowledge.txt|herb_symptom_knowledge.txt|symptom_herb_tcm_mesh.txt|symptom_herb_tcm_mesh_cooccur.txt
蛇莓,目赤,1,symptom_herb_tcm_mesh_long.txt
蛇蜕,抽搐,1,symptom_herb_tcm_mesh_long.txt
蛇蜕,流泪,1,symptom_herb_tcm_mesh_cooccur.txt
蛇蜕,痫,4,herb_symptom_db_knowledge.txt|herb_symptom_knowledge.txt|symptom_herb_tcm_mesh.txt|symptom_herb_tcm_mesh_cooccur.txt
蛇蜕,瘙痒,1,symptom_herb_tcm_mesh_long.txt
蛇蜕,瘰疬,1,herb_symptom_db_knowledge.txt
蛇蜕,皮肤瘙痒,4,herb_symptom_knowledge.txt|symptom_herb_tcm_mesh.txt|symptom_herb_tcm_mesh_cooccur.txt|symptom_herb_tcm_mesh_long.txt
蛤壳,口渴,1,symptom_herb_tcm_mesh_cooccur.txt
蛤壳,吞酸,4,herb_symptom_knowledge.txt|symptom_herb_tcm_mesh.txt|symptom_herb_tcm_mesh_cooccur.txt|symptom_herb_tcm_mesh_long.txt
蛤壳,咳嗽,5,herb_symptom_db_knowledge.txt|herb_symptom_knowledge.txt|symptom_herb_tcm_mesh.txt|symptom_herb_tcm_mesh_cooccur.txt|symptom_herb_tcm_mesh_long.txt
蛤壳,头晕,1,symptom_herb_tcm_mesh_cooccur.txt
蛤壳,心烦,1,symptom_herb_tcm_mesh_cooccur.txt
蛤壳,疼痛,1,symptom_herb_tcm_mesh_long.txt
蛤壳,痰中带血,1,symptom_herb_tcm_mesh_long.txt
蛤壳,瘰疬,3,herb_symptom_knowledge.txt|symptom_herb_tcm_mesh.txt|symptom_herb_tcm_mesh_cooccur.txt
蛤壳,胁痛,1,herb_symptom_db_knowledge.txt
蛤壳,胃痛,4,herb_symptom_db_knowledge.txt|herb_symptom_knowledge.txt|symptom_herb_tcm_mesh.txt|symptom_herb_tcm_mesh_cooccur.txt
蛤壳,胸胁疼痛,1,symptom_herb_tcm_mesh_long.txt
蛤壳,臁疮,1,herb_symptom_db_knowledge.txt
蛤蚧,咳嗽,5,herb_symptom_db_knowledge.txt|herb_symptom_knowledge.txt|symptom_herb_tcm_mesh.txt|symptom_herb_tcm_mesh_cooccur.txt|symptom_herb_tcm_mesh_long.txt
蛤蚧,咳血,2,symptom_herb_tcm_mesh.txt|symptom_herb_tcm_mesh_cooccur.txt
蛤蚧,小便,1,symptom_herb_tcm_mesh_long.txt
蛤蚧,小便频数,5,herb_symptom_db_knowledge.txt|herb_symptom_knowledge.txt|symptom_herb_tcm_mesh.txt|symptom_herb_tcm_mesh_cooccur.txt|symptom_herb_tcm_mesh_long.txt
蛤蚧,气喘,5,herb_symptom_db_knowledge.txt|herb_symptom_knowledge.txt|symptom_herb_tcm_mesh.txt|symptom_herb_tcm_mesh_cooccur.txt|symptom_herb_tcm_mesh_long.txt
蛤蚧,纳,1,symptom_herb_tcm_mesh_long.txt
蛤蚧,遗精,1,symptom_herb_tcm_mesh_long.txt
蛤蚧,阳痿,1,symptom_herb_tcm_mesh_long.txt
蛤蚧,阳痿遗精,1,symptom_herb_tcm_mesh_long.txt
蜂房,牙痛,3,herb_symptom_knowledge.txt|symptom_herb_tcm_mesh.txt|symptom_herb_tcm_mesh_cooccur.txt
蜂房,瘰疬,3,herb_symptom_knowledge.txt|symptom_herb_tcm_mesh.txt|symptom_herb_tcm_mesh_cooccur.txt
蜂蜜,便秘,1,symptom_herb_tcm_mesh_long.txt
蜂蜜,健忘,1,symptom_herb_tcm_mesh_cooccur.txt
蜂蜜,咳嗽,5,herb_symptom_db_knowledge.txt|herb_symptom_knowledge.txt|symptom_herb_tcm_mesh.txt|symptom_herb_tcm_mesh_cooccur.txt|symptom_herb_tcm_mesh_long.txt
蜂蜜,头晕,1,symptom_herb_tcm_mesh_cooccur.txt
蜂蜜,心悸,1,symptom_herb_tcm_mesh_cooccur.txt
蜂蜜,瘙痒,1,symptom_herb_tcm_mesh_long.txt
蜂蜜,目赤,1,symptom_herb_tcm_mesh_long.txt
蜂蜡,糜烂,1,symptom_herb_tcm_mesh_long.txt
蜂蜡,臁疮,3,herb_symptom_knowledge.txt|symptom_herb_tcm_mesh.txt|symptom_herb_tcm_mesh_cooccur.txt
蜈蚣,半身不遂,3,symptom_herb_tcm_mesh.txt|symptom_herb_tcm_mesh_cooccur.txt|symptom_herb_tcm_mesh_long.txt
蜈蚣,头痛,5,herb_symptom_db_knowledge.txt|herb_symptom_knowledge.txt|symptom_herb_tcm_mesh.txt|symptom_herb_tcm_mesh_cooccur.txt|symptom_herb_tcm_mesh_long.txt
蜈蚣,崩漏,1,symptom_herb_tcm_mesh_cooccur.txt
蜈蚣,抽搐,1,symptom_herb_tcm_mesh_long.txt
蜈蚣,漏下,1,symptom_herb_tcm_mesh_cooccur.txt
蜈蚣,疳积,1,symptom_herb_tcm_mesh_cooccur.txt
蜈蚣,痫,4,herb_symptom_db_knowledge.txt|herb_symptom_knowledge.txt|symptom_herb_tcm_mesh.txt|symptom_herb_tcm_mesh_cooccur.txt
蜈蚣,瘰疬,4,herb_symptom_db_knowledge.txt|herb_symptom_knowledge.txt|symptom_herb_tcm_mesh.txt|symptom_herb_tcm_mesh_cooccur.txt
蜈蚣,腹痛,1,symptom_herb_tcm_mesh_cooccur.txt
蜈蚣,舌强,1,symptom_herb_tcm_mesh_cooccur.txt
蜈蚣,闭经,1,symptom_herb_tcm_mesh_cooccur.txt
蜗牛,丹毒,1,herb_symptom_db_knowledge.txt
蜗牛,痄腮,1,herb_symptom_db_knowledge.txt
蜗牛,痫,1,herb_symptom_db_knowledge.txt
蜗牛,瘰疬,1,herb_symptom_db_knowledge.txt
蜗牛,脱肛,1,herb_symptom_db_knowledge.txt
蜘蛛,口噤,1,herb_symptom_db_knowledge.txt
蜘蛛,呕吐,1,symptom_herb_tcm_mesh_cooccur.txt
蜘蛛,恶寒,1,symptom_herb_tcm_mesh_cooccur.txt
蜘蛛,慢惊,1,herb_symptom_db_knowledge.txt
蜘蛛,疳积,1,herb_symptom_db_knowledge.txt
蜘蛛,瘰疬,1,herb_symptom_db_knowledge.txt
蜘蛛,脱肛,1,herb_symptom_db_knowledge.txt
蜘蛛,腹痛,1,symptom_herb_tcm_mesh_cooccur.txt
蝉蜕,呕吐,1,symptom_herb_tcm_mesh_cooccur.txt
蝉蜕,咳嗽,5,herb_symptom_db_knowledge.txt|herb_symptom_knowledge.txt|symptom_herb_tcm_mesh.txt|symptom_herb_tcm_mesh_cooccur.txt|symptom_herb_tcm_mesh_long.txt
蝉蜕,咽喉肿痛,1,symptom_herb_tcm_mesh_long.txt
蝉蜕,咽痛,1,symptom_herb_tcm_mesh_long.txt
蝉蜕,抽搐,1,symptom_herb_tcm_mesh_long.txt
蝉蜕,流泪,1,symptom_herb_tcm_mesh_cooccur.txt
蝉蜕,痫,4,herb_symptom_db_knowledge.txt|herb_symptom_knowledge.txt|symptom_herb_tcm_mesh.txt|symptom_herb_tcm_mesh_cooccur.txt
蝉蜕,瘙痒,1,symptom_herb_tcm_mesh_long.txt
蝉蜕,目赤,1,symptom_herb_tcm_mesh_long.txt
蝉蜕,音哑,1,symptom_herb_tcm_mesh_long.txt
蝉蜕,麻疹,2,symptom_herb_tcm_mesh.txt|symptom_herb_tcm_mesh_cooccur.txt
蝉蜕,鼻塞,1,symptom_herb_tcm_mesh_cooccur.txt
蝮蛇,瘰疬,1,herb_symptom_db_knowledge.txt
蝼蛄,小便,1,symptom_herb_tcm_mesh_long.txt
蝼蛄,小便不利,5,herb_symptom_db_knowledge.txt|herb_symptom_knowledge.txt|symptom_herb_tcm_mesh.txt|symptom_herb_tcm_mesh_cooccur.txt|symptom_herb_tcm_mesh_long.txt
蝼蛄,水肿,1,symptom_herb_tcm_mesh_long.txt
蝼蛄,瘰疬,4,herb_symptom_db_knowledge.txt|herb_symptom_knowledge.txt|symptom_herb_tcm_mesh.txt|symptom_herb_tcm_mesh_cooccur.txt
蟾酥,口苦,1,symptom_herb_tcm_mesh_cooccur.txt
蟾酥,咽喉肿痛,1,symptom_herb_tcm_mesh_long.txt
蟾酥,咽干,1,symptom_herb_tcm_mesh_cooccur.txt
蟾酥,烦躁,1,symptom_herb_tcm_mesh_cooccur.txt
蟾酥,牙痛,1,herb_symptom_db_knowledge.txt
蟾酥,牙龈肿痛,1,symptom_herb_tcm_mesh_cooccur.txt
蟾酥,神昏,4,herb_symptom_knowledge.txt|symptom_herb_tcm_mesh.txt|symptom_herb_tcm_mesh_cooccur.txt|symptom_herb_tcm_mesh_long.txt
蟾酥,耳后,1,symptom_herb_tcm_mesh_long.txt
蟾酥,胸闷,1,symptom_herb_tcm_mesh_cooccur.txt
蟾酥,腹痛,5,herb_symptom_db_knowledge.txt|herb_symptom_knowledge.txt|symptom_herb_tcm_mesh.txt|symptom_herb_tcm_mesh_cooccur.txt|symptom_herb_tcm_mesh_long.txt
血余炭,出血,1,symptom_herb_tcm_mesh_long.txt
血余炭,吐血,3,herb_symptom_knowledge.txt|symptom_herb_tcm_mesh.txt|symptom_herb_tcm_mesh_cooccur.txt
血余炭,吐血、衄血,1,symptom_herb_tcm_mesh_long.txt
血余炭,尿血,4,herb_symptom_knowledge.txt|symptom_herb_tcm_mesh.txt|symptom_herb_tcm_mesh_cooccur.txt|symptom_herb_tcm_mesh_long.txt
血余炭,崩漏,4,herb_symptom_knowledge.txt|symptom_herb_tcm_mesh.txt|symptom_herb_tcm_mesh_cooccur.txt|symptom_herb_tcm_mesh_long.txt
血余炭,漏下,3,herb_symptom_knowledge.txt|symptom_herb_tcm_mesh.txt|symptom_herb_tcm_mesh_cooccur.txt
血余炭,疲乏,1,symptom_herb_tcm_mesh_cooccur.txt
血余炭,白带,1,symptom_herb_tcm_mesh_cooccur.txt
血余炭,衄血,1,symptom_herb_tcm_mesh_long.txt
血竭,出血,1,symptom_herb_tcm_mesh_long.txt
血竭,出血不止。,1,symptom_herb_tcm_mesh_long.txt
血竭,瘫痪,1,symptom_herb_tcm_mesh_cooccur.txt
血竭,瘰疬,1,herb_symptom_db_knowledge.txt
血竭,腹痛,1,herb_symptom_db_knowledge.txt
血竭,臁疮,1,herb_symptom_db_knowledge.txt
补骨脂,五更泄泻,1,symptom_herb_tcm_mesh_long.txt
补骨脂,健忘,1,symptom_herb_tcm_mesh_cooccur.txt
补骨脂,关节疼痛,1,symptom_herb_tcm_mesh_cooccur.txt
补骨脂,半身不遂,1,symptom_herb_tcm_mesh_cooccur.txt
补骨脂,大便,1,symptom_herb_tcm_mesh_long.txt
补骨脂,头晕,1,symptom_herb_tcm_mesh_cooccur.txt
补骨脂,尿频,1,symptom_herb_tcm_mesh_long.txt
补骨脂,崩漏,1,symptom_herb_tcm_mesh_cooccur.txt
补骨脂,心悸,1,symptom_herb_tcm_mesh_cooccur.txt
补骨脂,气喘,1,symptom_herb_tcm_mesh_cooccur.txt
补骨脂,疲乏,1,symptom_herb_tcm_mesh_cooccur.txt
补骨脂,白带,1,symptom_herb_tcm_mesh_cooccur.txt
补骨脂,盗汗,1,symptom_herb_tcm_mesh_cooccur.txt
补骨脂,纳,1,symptom_herb_tcm_mesh_long.txt
补骨脂,耳聋,1,symptom_herb_tcm_mesh_cooccur.txt
补骨脂,背痛,1,symptom_herb_tcm_mesh_cooccur.txt
补骨脂,腰痛,1,symptom_herb_tcm_mesh_cooccur.txt
补骨脂,腰膝冷痛,1,symptom_herb_tcm_mesh_long.txt
补骨脂,遗尿,4,herb_symptom_db_knowledge.txt|herb_symptom_knowledge.txt|symptom_herb_tcm_mesh.txt|symptom_herb_tcm_mesh_cooccur.txt
补骨脂,遗精,1,symptom_herb_tcm_mesh_long.txt
补骨脂,阳痿,1,symptom_herb_tcm_mesh_long.txt
补骨脂,阳痿遗精,1,symptom_herb_tcm_mesh_long.txt
补骨脂,须发早白,1,symptom_herb_tcm_mesh_cooccur.txt
西河柳,头痛,1,symptom_herb_tcm_mesh_cooccur.txt
西河柳,麻疹,3,herb_symptom_knowledge.txt|symptom_herb_tcm_mesh.txt|symptom_herb_tcm_mesh_cooccur.txt
西洋参,口燥,1,symptom_herb_tcm_mesh_long.txt
西洋参,口燥咽干,1,symptom_herb_tcm_mesh_long.txt
西洋参,咳嗽,5,herb_symptom_db_knowledge.txt|herb_symptom_knowledge.txt|symptom_herb_tcm_mesh.txt|symptom_herb_tcm_mesh_cooccur.txt|symptom_herb_tcm_mesh_long.txt
西洋参,咽干,3,symptom_herb_tcm_mesh.txt|symptom_herb_tcm_mesh_cooccur.txt|symptom_herb_tcm_mesh_long.txt
西洋参,头晕,1,symptom_herb_tcm_mesh_cooccur.txt
西洋参,畏寒,1,symptom_herb_tcm_mesh_cooccur.txt
西洋参,胸闷,1,symptom_herb_tcm_mesh_cooccur.txt
西瓜,口渴,1,symptom_herb_tcm_mesh_cooccur.txt
西瓜,小便,1,symptom_herb_tcm_mesh_long.txt
西瓜,小便不利,1,herb_symptom_db_knowledge.txt
西瓜,烦渴,1,symptom_herb_tcm_mesh_long.txt
西瓜,舌肿,1,symptom_herb_tcm_mesh_cooccur.txt
西瓜皮,口舌生疮,1,symptom_herb_tcm_mesh_long.txt
西瓜皮,小便,1,symptom_herb_tcm_mesh_long.txt
西瓜皮,小便短少,1,symptom_herb_tcm_mesh_long.txt
西瓜皮,水肿,1,symptom_herb_tcm_mesh_long.txt
西瓜皮,烦渴,1,symptom_herb_tcm_mesh_long.txt
西瓜霜,咽喉肿痛,1,symptom_herb_tcm_mesh_long.txt
西瓜霜,目赤,1,symptom_herb_tcm_mesh_long.txt
西瓜霜,舌肿,1,symptom_herb_tcm_mesh_cooccur.txt
西红花,半身不遂,1,symptom_herb_tcm_mesh_cooccur.txt
西红花,发狂,3,herb_symptom_knowledge.txt|symptom_herb_tcm_mesh.txt|symptom_herb_tcm_mesh_cooccur.txt
西红花,头昏,1,symptom_herb_tcm_mesh_cooccur.txt
西红花,头痛,1,symptom_herb_tcm_mesh_cooccur.txt
西红花,崩漏,1,symptom_herb_tcm_mesh_cooccur.txt
西红花,漏下,1,symptom_herb_tcm_mesh_cooccur.txt
西红花,潮热,1,symptom_herb_tcm_mesh_cooccur.txt
西红花,痫,1,symptom_herb_tcm_mesh_cooccur.txt
西红花,白带,1,symptom_herb_tcm_mesh_cooccur.txt
西红花,腹痛,1,symptom_herb_tcm_mesh_cooccur.txt
西红花,赤白带,1,symptom_herb_tcm_mesh_cooccur.txt
覆盆子,不孕,4,herb_symptom_db_knowledge.txt|herb_symptom_knowledge.txt|symptom_herb_tcm_mesh.txt|symptom_herb_tcm_mesh_cooccur.txt
覆盆子,小便,1,symptom_herb_tcm_mesh_long.txt
覆盆子,小便频数,3,symptom_herb_tcm_mesh.txt|symptom_herb_tcm_mesh_cooccur.txt|symptom_herb_tcm_mesh_long.txt
覆盆子,尿后余沥,1,symptom_herb_tcm_mesh_cooccur.txt
覆盆子,尿频,1,symptom_herb_tcm_mesh_long.txt
覆盆子,目昏,4,herb_symptom_db_knowledge.txt|herb_symptom_knowledge.txt|symptom_herb_tcm_mesh.txt|symptom_herb_tcm_mesh_cooccur.txt
覆盆子,腰痛,1,symptom_herb_tcm_mesh_cooccur.txt
覆盆子,遗尿,2,symptom_herb_tcm_mesh.txt|symptom_herb_tcm_mesh_cooccur.txt
覆盆子,遗精,1,symptom_herb_tcm_mesh_long.txt
覆盆子,阳痿,1,symptom_herb_tcm_mesh_long.txt
覆盆子,阳痿早泄,1,symptom_herb_tcm_mesh_long.txt
覆盆子,须发早白,4,herb_symptom_db_knowledge.txt|herb_symptom_knowledge.txt|symptom_herb_tcm_mesh.txt|symptom_herb_tcm_mesh_cooccur.txt
诃子,便血,3,symptom_herb_tcm_mesh.txt|symptom_herb_tcm_mesh_cooccur.txt|symptom_herb_tcm_mesh_long.txt
诃子,半身不遂,1,symptom_herb_tcm_mesh_cooccur.txt
诃子,咳嗽,1,symptom_herb_tcm_mesh_cooccur.txt
诃子,咳痰,4,herb_symptom_db_knowledge.txt|herb_symptom_knowledge.txt|symptom_herb_tcm_mesh.txt|symptom_herb_tcm_mesh_cooccur.txt
诃子,咳血,1,symptom_herb_tcm_mesh_cooccur.txt
诃子,咽干,1,symptom_herb_tcm_mesh_cooccur.txt
诃子,咽痛,1,symptom_herb_tcm_mesh_long.txt
诃子,声音嘶哑,1,symptom_herb_tcm_mesh_cooccur.txt
诃子,头昏,1,symptom_herb_tcm_mesh_cooccur.txt
诃子,头痛,1,symptom_herb_tcm_mesh_cooccur.txt
诃子,小便不利,1,symptom_herb_tcm_mesh_cooccur.txt
诃子,牙痛,1,symptom_herb_tcm_mesh_cooccur.txt
诃子,痫,1,symptom_herb_tcm_mesh_cooccur.txt
诃子,神昏,1,symptom_herb_tcm_mesh_cooccur.txt
诃子,积滞,1,symptom_herb_tcm_mesh_cooccur.txt
诃子,胃痛,1,symptom_herb_tcm_mesh_cooccur.txt
诃子,胸痛,1,symptom_herb_tcm_mesh_cooccur.txt
诃子,脱肛,5,herb_symptom_db_knowledge.txt|herb_symptom_knowledge.txt|symptom_herb_tcm_mesh.txt|symptom_herb_tcm_mesh_cooccur.txt|symptom_herb_tcm_mesh_long.txt
诃子,腹泻,1,symptom_herb_tcm_mesh_cooccur.txt
诃子,腹痛,1,symptom_herb_tcm_mesh_cooccur.txt
诃子,舌干,1,symptom_herb_tcm_mesh_cooccur.txt
诃子,谵语,1,symptom_herb_tcm_mesh_cooccur.txt
诃子,难产,1,symptom_herb_tcm_mesh_cooccur.txt
诃子,音哑,1,symptom_herb_tcm_mesh_long.txt
谷精草,头痛,4,herb_symptom_knowledge.txt|symptom_herb_tcm_mesh.txt|symptom_herb_tcm_mesh_cooccur.txt|symptom_herb_tcm_mesh_long.txt
谷精草,疳积,1,symptom_herb_tcm_mesh_cooccur.txt
谷精草,目赤,1,symptom_herb_tcm_mesh_long.txt
谷芽,口臭,3,symptom_herb_tcm_mesh.txt|symptom_herb_tcm_mesh_cooccur.txt|symptom_herb_tcm_mesh_long.txt
谷芽,头痛,1,symptom_herb_tcm_mesh_cooccur.txt
谷芽,恶心,1,symptom_herb_tcm_mesh_cooccur.txt
谷芽,浮肿,5,herb_symptom_db_knowledge.txt|herb_symptom_knowledge.txt|symptom_herb_tcm_mesh.txt|symptom_herb_tcm_mesh_cooccur.txt|symptom_herb_tcm_mesh_long.txt
谷芽,积滞,2,symptom_herb_tcm_mesh.txt|symptom_herb_tcm_mesh_cooccur.txt
谷芽,胸闷,1,symptom_herb_tcm_mesh_cooccur.txt
谷芽,腹痛,1,symptom_herb_tcm_mesh_cooccur.txt
谷芽,腹胀,1,symptom_herb_tcm_mesh_long.txt
谷芽,食少,1,symptom_herb_tcm_mesh_long.txt
豆蔻,不思饮食,1,symptom_herb_tcm_mesh_long.txt
豆蔻,健忘,1,symptom_herb_tcm_mesh_cooccur.txt
豆蔻,初起,1,symptom_herb_tcm_mesh_long.txt
豆蔻,半身不遂,1,symptom_herb_tcm_mesh_cooccur.txt
豆蔻,吞酸,1,symptom_herb_tcm_mesh_cooccur.txt
豆蔻,呕吐,1,symptom_herb_tcm_mesh_cooccur.txt
豆蔻,嗳气,1,symptom_herb_tcm_mesh_cooccur.txt
豆蔻,嘈杂,1,symptom_herb_tcm_mesh_cooccur.txt
豆蔻,头昏,1,symptom_herb_tcm_mesh_cooccur.txt
豆蔻,小便不利,1,symptom_herb_tcm_mesh_cooccur.txt
豆蔻,崩漏,1,symptom_herb_tcm_mesh_cooccur.txt
豆蔻,心悸,1,symptom_herb_tcm_mesh_cooccur.txt
豆蔻,气喘,1,symptom_herb_tcm_mesh_cooccur.txt
豆蔻,浮肿,1,symptom_herb_tcm_mesh_cooccur.txt
豆蔻,疲乏,1,symptom_herb_tcm_mesh_cooccur.txt
豆蔻,瘫痪,1,symptom_herb_tcm_mesh_cooccur.txt
豆蔻,白带,1,symptom_herb_tcm_mesh_cooccur.txt
豆蔻,神昏,1,symptom_herb_tcm_mesh_cooccur.txt
豆蔻,胸痛,1,symptom_herb_tcm_mesh_cooccur.txt
豆蔻,胸闷,4,herb_symptom_knowledge.txt|symptom_herb_tcm_mesh.txt|symptom_herb_tcm_mesh_cooccur.txt|symptom_herb_tcm_mesh_long.txt
豆蔻,腹冷,1,symptom_herb_tcm_mesh_cooccur.txt
豆蔻,腹满,1,symptom_herb_tcm_mesh_cooccur.txt
豆蔻,腹痛,1,symptom_herb_tcm_mesh_cooccur.txt
豆蔻,腹胀,1,symptom_herb_tcm_mesh_long.txt
豆蔻,谵语,1,symptom_herb_tcm_mesh_cooccur.txt
豆蔻,食欲不振,1,symptom_herb_tcm_mesh_cooccur.txt
豌豆,小便,1,symptom_herb_tcm_mesh_long.txt
象皮,出血,1,symptom_herb_tcm_mesh_long.txt
豹骨,四肢,1,symptom_herb_tcm_mesh_long.txt
豹骨,疼痛,1,symptom_herb_tcm_mesh_long.txt
豹骨,麻木,1,symptom_herb_tcm_mesh_long.txt
败酱,口苦,1,symptom_herb_tcm_mesh_cooccur.txt
败酱,呕吐,1,symptom_herb_tcm_mesh_cooccur.txt
败酱,咳嗽,1,symptom_herb_tcm_mesh_cooccur.txt
败酱,咽干,1,symptom_herb_tcm_mesh_cooccur.txt
败酱,尿痛,1,symptom_herb_tcm_mesh_cooccur.txt
败酱,牙痛,1,symptom_herb_tcm_mesh_cooccur.txt
败酱,腰痛,1,symptom_herb_tcm_mesh_cooccur.txt
败酱,腹泻,1,symptom_herb_tcm_mesh_cooccur.txt
败酱,腹痛,1,herb_symptom_db_knowledge.txt
败酱,食欲不振,1,symptom_herb_tcm_mesh_cooccur.txt
贯众,便血,5,herb_symptom_db_knowledge.txt|herb_symptom_knowledge.txt|symptom_herb_tcm_mesh.txt|symptom_herb_tcm_mesh_cooccur.txt|symptom_herb_tcm_mesh_long.txt
贯众,吐血,4,herb_symptom_db_knowledge.txt|herb_symptom_knowledge.txt|symptom_herb_tcm_mesh.txt|symptom_herb_tcm_mesh_cooccur.txt
贯众,咳血,4,herb_symptom_db_knowledge.txt|herb_symptom_knowledge.txt|symptom_herb_tcm_mesh.txt|symptom_herb_tcm_mesh_cooccur.txt
贯众,喷嚏,1,symptom_herb_tcm_mesh_cooccur.txt
贯众,头痛,1,symptom_herb_tcm_mesh_cooccur.txt
贯众,崩漏,5,herb_symptom_db_knowledge.txt|herb_symptom_knowledge.txt|symptom_herb_tcm_mesh.txt|symptom_herb_tcm_mesh_cooccur.txt|symptom_herb_tcm_mesh_long.txt
贯众,漏下,1,symptom_herb_tcm_mesh_cooccur.txt
贯众,瘫痪,1,symptom_herb_tcm_mesh_cooccur.txt
贯众,腹痛,1,symptom_herb_tcm_mesh_cooccur.txt
贯众,衄血,1,symptom_herb_tcm_mesh_long.txt
贯众,鼻塞,1,symptom_herb_tcm_mesh_cooccur.txt
赤小豆,便血,5,herb_symptom_db_knowledge.txt|herb_symptom_knowledge.txt|symptom_herb_tcm_mesh.txt|symptom_herb_tcm_mesh_cooccur.txt|symptom_herb_tcm_mesh_long.txt
赤小豆,发黄,1,symptom_herb_tcm_mesh_cooccur.txt
赤小豆,尿赤,1,symptom_herb_tcm_mesh_long.txt
赤小豆,水肿,1,symptom_herb_tcm_mesh_long.txt
赤小豆,肿胀,1,symptom_herb_tcm_mesh_long.txt
赤小豆,腹痛,3,symptom_herb_tcm_mesh.txt|symptom_herb_tcm_mesh_cooccur.txt|symptom_herb_tcm_mesh_long.txt
赤石脂,便血,5,herb_symptom_db_knowledge.txt|herb_symptom_knowledge.txt|symptom_herb_tcm_mesh.txt|symptom_herb_tcm_mesh_cooccur.txt|symptom_herb_tcm_mesh_long.txt
赤石脂,出血,1,symptom_herb_tcm_mesh_long.txt
赤石脂,大便,1,symptom_herb_tcm_mesh_long.txt
赤石脂,崩漏,5,herb_symptom_db_knowledge.txt|herb_symptom_knowledge.txt|symptom_herb_tcm_mesh.txt|symptom_herb_tcm_mesh_cooccur.txt|symptom_herb_tcm_mesh_long.txt
赤石脂,疲乏,1,symptom_herb_tcm_mesh_cooccur.txt
赤石脂,白带,1,symptom_herb_tcm_mesh_cooccur.txt
赤石脂,脱肛,5,herb_symptom_db_knowledge.txt|herb_symptom_knowledge.txt|symptom_herb_tcm_mesh.txt|symptom_herb_tcm_mesh_cooccur.txt|symptom_herb_tcm_mesh_long.txt
赤石脂,腹泻,1,symptom_herb_tcm_mesh_cooccur.txt
赤石脂,腹痛,1,symptom_herb_tcm_mesh_cooccur.txt
赤石脂,遗精,1,symptom_herb_tcm_mesh_long.txt
赤芍,不孕,1,symptom_herb_tcm_mesh_cooccur.txt
赤芍,五心烦热,1,symptom_herb_tcm_mesh_cooccur.txt
赤芍,产后眩晕,1,symptom_herb_tcm_mesh_cooccur.txt
赤芍,产后腹痛,1,symptom_herb_tcm_mesh_cooccur.txt
赤芍,便血,1,symptom_herb_tcm_mesh_cooccur.txt
赤芍,半身不遂,1,symptom_herb_tcm_mesh_cooccur.txt
赤芍,口渴,1,symptom_herb_tcm_mesh_cooccur.txt
赤芍,吐血,4,herb_symptom_db_knowledge.txt|herb_symptom_knowledge.txt|symptom_herb_tcm_mesh.txt|symptom_herb_tcm_mesh_cooccur.txt
赤芍,吐血衄血,1,symptom_herb_tcm_mesh_long.txt
赤芍,咽干,1,symptom_herb_tcm_mesh_cooccur.txt
赤芍,喷嚏,1,symptom_herb_tcm_mesh_cooccur.txt
赤芍,四肢麻木,1,symptom_herb_tcm_mesh_cooccur.txt
赤芍,壮热,1,symptom_herb_tcm_mesh_cooccur.txt
赤芍,大便秘结,1,symptom_herb_tcm_mesh_cooccur.txt
赤芍,头晕,1,symptom_herb_tcm_mesh_cooccur.txt
赤芍,头痛,1,symptom_herb_tcm_mesh_cooccur.txt
赤芍,小儿痞块,1,symptom_herb_tcm_mesh_cooccur.txt
赤芍,尿痛,1,symptom_herb_tcm_mesh_cooccur.txt
赤芍,心悸,1,symptom_herb_tcm_mesh_cooccur.txt
赤芍,心烦,1,symptom_herb_tcm_mesh_cooccur.txt
赤芍,无汗,1,symptom_herb_tcm_mesh_cooccur.txt
赤芍,烦躁,1,symptom_herb_tcm_mesh_cooccur.txt
赤芍,牙龈出血,1,symptom_herb_tcm_mesh_cooccur.txt
赤芍,牙龈肿痛,1,symptom_herb_tcm_mesh_cooccur.txt
赤芍,痄腮,1,symptom_herb_tcm_mesh_cooccur.txt
赤芍,瘫痪,1,symptom_herb_tcm_mesh_cooccur.txt
赤芍,瘰疬,1,symptom_herb_tcm_mesh_cooccur.txt
赤芍,目赤,1,symptom_herb_tcm_mesh_long.txt
赤芍,神昏,1,symptom_herb_tcm_mesh_cooccur.txt
赤芍,胁痛,5,herb_symptom_db_knowledge.txt|herb_symptom_knowledge.txt|symptom_herb_tcm_mesh.txt|symptom_herb_tcm_mesh_cooccur.txt|symptom_herb_tcm_mesh_long.txt
赤芍,胸痛,1,symptom_herb_tcm_mesh_cooccur.txt
赤芍,胸闷,1,symptom_herb_tcm_mesh_cooccur.txt
赤芍,腰痛,1,symptom_herb_tcm_mesh_cooccur.txt
赤芍,腹冷,1,symptom_herb_tcm_mesh_cooccur.txt
赤芍,腹痛,4,herb_symptom_knowledge.txt|symptom_herb_tcm_mesh.txt|symptom_herb_tcm_mesh_cooccur.txt|symptom_herb_tcm_mesh_long.txt
赤芍,衄血,1,symptom_herb_tcm_mesh_long.txt
赤芍,谵语,1,symptom_herb_tcm_mesh_cooccur.txt
赤芍,闭经,2,herb_symptom_db_knowledge.txt|symptom_herb_tcm_mesh_cooccur.txt
赤芍,鼻塞,1,symptom_herb_tcm_mesh_cooccur.txt
赭石,口苦,1,symptom_herb_tcm_mesh_cooccur.txt
赭石,吐血,3,herb_symptom_knowledge.txt|symptom_herb_tcm_mesh.txt|symptom_herb_tcm_mesh_cooccur.txt
赭石,吐血、衄血,1,symptom_herb_tcm_mesh_long.txt
赭石,呃逆,3,herb_symptom_knowledge.txt|symptom_herb_tcm_mesh.txt|symptom_herb_tcm_mesh_cooccur.txt
赭石,呕吐,4,herb_symptom_knowledge.txt|symptom_herb_tcm_mesh.txt|symptom_herb_tcm_mesh_cooccur.txt|symptom_herb_tcm_mesh_long.txt
赭石,咳嗽,1,symptom_herb_tcm_mesh_cooccur.txt
赭石,头晕,1,symptom_herb_tcm_mesh_cooccur.txt
赭石,崩漏,4,herb_symptom_knowledge.txt|symptom_herb_tcm_mesh.txt|symptom_herb_tcm_mesh_cooccur.txt|symptom_herb_tcm_mesh_long.txt
赭石,漏下,3,herb_symptom_knowledge.txt|symptom_herb_tcm_mesh.txt|symptom_herb_tcm_mesh_cooccur.txt
赭石,眩晕,1,symptom_herb_tcm_mesh_long.txt
赭石,眩晕耳鸣,1,symptom_herb_tcm_mesh_long.txt
赭石,耳鸣,1,symptom_herb_tcm_mesh_long.txt
赭石,衄血,1,symptom_herb_tcm_mesh_long.txt
路路通,水肿,1,symptom_herb_tcm_mesh_long.txt
路路通,肿胀,1,symptom_herb_tcm_mesh_long.txt
路路通,麻木,1,symptom_herb_tcm_mesh_long.txt
车前,丹毒,1,symptom_herb_tcm_mesh_cooccur.txt
车前,吐血,1,symptom_herb_tcm_mesh_cooccur.txt
车前,咳嗽,1,symptom_herb_tcm_mesh_cooccur.txt
车前,头晕,1,symptom_herb_tcm_mesh_cooccur.txt
车前,小便不利,1,symptom_herb_tcm_mesh_cooccur.txt
车前,小便黄赤,1,symptom_herb_tcm_mesh_cooccur.txt
车前,尿后余沥,1,symptom_herb_tcm_mesh_cooccur.txt
车前,尿痛,1,symptom_herb_tcm_mesh_cooccur.txt
车前,耳聋,1,symptom_herb_tcm_mesh_cooccur.txt
车前,腰痛,1,symptom_herb_tcm_mesh_cooccur.txt
车前,闭经,1,symptom_herb_tcm_mesh_cooccur.txt
车前子,丹毒,1,symptom_herb_tcm_mesh_cooccur.txt
车前子,咳嗽,3,symptom_herb_tcm_mesh.txt|symptom_herb_tcm_mesh_cooccur.txt|symptom_herb_tcm_mesh_long.txt
车前子,头晕,1,symptom_herb_tcm_mesh_cooccur.txt
车前子,小便,1,symptom_herb_tcm_mesh_long.txt
车前子,小便不利,5,herb_symptom_db_knowledge.txt|herb_symptom_knowledge.txt|symptom_herb_tcm_mesh.txt|symptom_herb_tcm_mesh_cooccur.txt|symptom_herb_tcm_mesh_long.txt
车前子,小便黄赤,1,symptom_herb_tcm_mesh_cooccur.txt
车前子,尿后余沥,1,symptom_herb_tcm_mesh_cooccur.txt
车前子,尿痛,1,symptom_herb_tcm_mesh_cooccur.txt
车前子,水肿,1,symptom_herb_tcm_mesh_long.txt
车前子,目赤,1,symptom_herb_tcm_mesh_long.txt
车前子,耳聋,1,symptom_herb_tcm_mesh_cooccur.txt
车前子,肿胀,1,symptom_herb_tcm_mesh_long.txt
车前子,腰痛,1,symptom_herb_tcm_mesh_cooccur.txt
车前子,闭经,1,symptom_herb_tcm_mesh_cooccur.txt
车前草,吐血,2,symptom_herb_tcm_mesh.txt|symptom_herb_tcm_mesh_cooccur.txt
车前草,吐血衄血,1,symptom_herb_tcm_mesh_long.txt
车前草,咳嗽,3,symptom_herb_tcm_mesh.txt|symptom_herb_tcm_mesh_cooccur.txt|symptom_herb_tcm_mesh_long.txt
车前草,咽喉肿痛,1,symptom_herb_tcm_mesh_long.txt
车前草,小便,1,symptom_herb_tcm_mesh_long.txt
车前草,小便不利,5,herb_symptom_db_knowledge.txt|herb_symptom_knowledge.txt|symptom_herb_tcm_mesh.txt|symptom_herb_tcm_mesh_cooccur.txt|symptom_herb_tcm_mesh_long.txt
车前草,尿少,1,symptom_herb_tcm_mesh_long.txt
车前草,尿血,5,herb_symptom_db_knowledge.txt|herb_symptom_knowledge.txt|symptom_herb_tcm_mesh.txt|symptom_herb_tcm_mesh_cooccur.txt|symptom_herb_tcm_mesh_long.txt
车前草,水肿,1,symptom_herb_tcm_mesh_long.txt
车前草,目赤,1,symptom_herb_tcm_mesh_long.txt
车前草,衄血,1,symptom_herb_tcm_mesh_long.txt
轻粉,二便不利,1,symptom_herb_tcm_mesh_long.txt
轻粉,带状疱疹,1,symptom_herb_tcm_mesh_cooccur.txt
轻粉,慢惊,1,herb_symptom_db_knowledge.txt
轻粉,水肿,1,symptom_herb_tcm_mesh_long.txt
轻粉,浮肿,1,symptom_herb_tcm_mesh_cooccur.txt
轻粉,湿疮,1,symptom_herb_tcm_mesh_cooccur.txt
轻粉,瘰疬,1,herb_symptom_db_knowledge.txt
轻粉,积滞,3,herb_symptom_knowledge.txt|symptom_herb_tcm_mesh.txt|symptom_herb_tcm_mesh_cooccur.txt
轻粉,臁疮,3,herb_symptom_knowledge.txt|symptom_herb_tcm_mesh.txt|symptom_herb_tcm_mesh_cooccur.txt
辛夷,头痛,5,herb_symptom_db_knowledge.txt|herb_symptom_knowledge.txt|symptom_herb_tcm_mesh.txt|symptom_herb_tcm_mesh_cooccur.txt|symptom_herb_tcm_mesh_long.txt
辛夷,流涕,1,symptom_herb_tcm_mesh_long.txt
辛夷,自汗,1,symptom_herb_tcm_mesh_cooccur.txt
辛夷,鼻塞,5,herb_symptom_db_knowledge.txt|herb_symptom_knowledge.txt|symptom_herb_tcm_mesh.txt|symptom_herb_tcm_mesh_cooccur.txt|symptom_herb_tcm_mesh_long.txt
辣椒,呕吐,1,herb_symptom_db_knowledge.txt
辣椒,腹冷,1,symptom_herb_tcm_mesh_cooccur.txt
辣椒,腹痛,4,herb_symptom_knowledge.txt|symptom_herb_tcm_mesh.txt|symptom_herb_tcm_mesh_cooccur.txt|symptom_herb_tcm_mesh_long.txt
远志,健忘,5,herb_symptom_db_knowledge.txt|herb_symptom_knowledge.txt|symptom_herb_tcm_mesh.txt|symptom_herb_tcm_mesh_cooccur.txt|symptom_herb_tcm_mesh_long.txt
远志,咳嗽,5,herb_symptom_db_knowledge.txt|herb_symptom_knowledge.txt|symptom_herb_tcm_mesh.txt|symptom_herb_tcm_mesh_cooccur.txt|symptom_herb_tcm_mesh_long.txt
远志,咳嗽痰多,1,symptom_herb_tcm_mesh_long.txt
远志,咳痰,2,symptom_herb_tcm_mesh.txt|symptom_herb_tcm_mesh_cooccur.txt
远志,咳痰不爽,1,symptom_herb_tcm_mesh_long.txt
远志,多梦,3,symptom_herb_tcm_mesh.txt|symptom_herb_tcm_mesh_cooccur.txt|symptom_herb_tcm_mesh_long.txt
远志,失眠,1,symptom_herb_tcm_mesh_long.txt
远志,失眠多梦,1,symptom_herb_tcm_mesh_long.txt
远志,崩漏,1,symptom_herb_tcm_mesh_cooccur.txt
远志,心悸,1,symptom_herb_tcm_mesh_cooccur.txt
远志,疲乏,1,symptom_herb_tcm_mesh_cooccur.txt
远志,痫,4,herb_symptom_db_knowledge.txt|herb_symptom_knowledge.txt|symptom_herb_tcm_mesh.txt|symptom_herb_tcm_mesh_cooccur.txt
远志,痰多,1,symptom_herb_tcm_mesh_long.txt
远志,白带,1,symptom_herb_tcm_mesh_cooccur.txt
远志,盗汗,1,symptom_herb_tcm_mesh_cooccur.txt
远志,耳聋,1,symptom_herb_tcm_mesh_cooccur.txt
远志,舌强,1,symptom_herb_tcm_mesh_cooccur.txt
连翘,丹毒,2,symptom_herb_tcm_mesh.txt|symptom_herb_tcm_mesh_cooccur.txt
连翘,初起,1,symptom_herb_tcm_mesh_long.txt
连翘,发黄,1,symptom_herb_tcm_mesh_cooccur.txt
连翘,口渴,1,symptom_herb_tcm_mesh_cooccur.txt
连翘,吞酸,1,symptom_herb_tcm_mesh_cooccur.txt
连翘,咳嗽,1,symptom_herb_tcm_mesh_cooccur.txt
连翘,咽喉痛,1,symptom_herb_tcm_mesh_cooccur.txt
连翘,咽干,1,symptom_herb_tcm_mesh_cooccur.txt
连翘,壮热,1,symptom_herb_tcm_mesh_cooccur.txt
连翘,大便秘结,1,symptom_herb_tcm_mesh_cooccur.txt
连翘,头晕,1,symptom_herb_tcm_mesh_cooccur.txt
连翘,头痛,1,symptom_herb_tcm_mesh_cooccur.txt
连翘,头胀,1,symptom_herb_tcm_mesh_cooccur.txt
连翘,小儿丹毒,1,symptom_herb_tcm_mesh_cooccur.txt
连翘,恶寒,1,symptom_herb_tcm_mesh_cooccur.txt
连翘,恶寒发热,1,symptom_herb_tcm_mesh_cooccur.txt
连翘,恶风,1,symptom_herb_tcm_mesh_cooccur.txt
连翘,无汗,1,symptom_herb_tcm_mesh_cooccur.txt
连翘,浮肿,1,symptom_herb_tcm_mesh_cooccur.txt
连翘,烦渴,1,symptom_herb_tcm_mesh_long.txt
连翘,牙痛,1,symptom_herb_tcm_mesh_cooccur.txt
连翘,牙龈出血,1,symptom_herb_tcm_mesh_cooccur.txt
连翘,牙龈肿痛,1,symptom_herb_tcm_mesh_cooccur.txt
连翘,痄腮,1,symptom_herb_tcm_mesh_cooccur.txt
连翘,瘰疬,4,herb_symptom_db_knowledge.txt|herb_symptom_knowledge.txt|symptom_herb_tcm_mesh.txt|symptom_herb_tcm_mesh_cooccur.txt
连翘,神昏,3,symptom_herb_tcm_mesh.txt|symptom_herb_tcm_mesh_cooccur.txt|symptom_herb_tcm_mesh_long.txt
连翘,胸闷,1,symptom_herb_tcm_mesh_cooccur.txt
连翘,谵语,1,symptom_herb_tcm_mesh_cooccur.txt
连翘,高热,1,symptom_herb_tcm_mesh_long.txt
连翘,麻疹,1,symptom_herb_tcm_mesh_cooccur.txt
连翘,鼻塞,1,symptom_herb_tcm_mesh_cooccur.txt
透骨草,四肢麻木,1,symptom_herb_tcm_mesh_cooccur.txt
透骨草,瘰疬,1,symptom_herb_tcm_mesh_cooccur.txt
透骨草,腹冷,1,symptom_herb_tcm_mesh_cooccur.txt
通草,口渴,1,symptom_herb_tcm_mesh_cooccur.txt
通草,呕吐,1,symptom_herb_tcm_mesh_cooccur.txt
通草,头痛,1,symptom_herb_tcm_mesh_cooccur.txt
通草,小便,1,symptom_herb_tcm_mesh_long.txt
通草,小便不利,5,herb_symptom_db_knowledge.txt|herb_symptom_knowledge.txt|symptom_herb_tcm_mesh.txt|symptom_herb_tcm_mesh_cooccur.txt|symptom_herb_tcm_mesh_long.txt
通草,小便短赤,1,symptom_herb_tcm_mesh_long.txt
通草,尿少,1,symptom_herb_tcm_mesh_long.txt
通草,尿赤,1,symptom_herb_tcm_mesh_long.txt
通草,恶寒,1,symptom_herb_tcm_mesh_cooccur.txt
通草,恶心,1,symptom_herb_tcm_mesh_cooccur.txt
通草,水肿,1,symptom_herb_tcm_mesh_long.txt
通草,烦躁,1,symptom_herb_tcm_mesh_cooccur.txt
通草,胁痛,1,symptom_herb_tcm_mesh_cooccur.txt
通草,腹痛,1,symptom_herb_tcm_mesh_cooccur.txt
通草,转筋,1,symptom_herb_tcm_mesh_cooccur.txt
郁李,小便不利,1,symptom_herb_tcm_mesh_cooccur.txt
郁李仁,便秘,1,symptom_herb_tcm_mesh_long.txt
郁李仁,四肢,1,symptom_herb_tcm_mesh_long.txt
郁李仁,四肢浮肿,1,symptom_herb_tcm_mesh_long.txt
郁李仁,小便,1,symptom_herb_tcm_mesh_long.txt
郁李仁,小便不利,5,herb_symptom_db_knowledge.txt|herb_symptom_knowledge.txt|symptom_herb_tcm_mesh.txt|symptom_herb_tcm_mesh_cooccur.txt|symptom_herb_tcm_mesh_long.txt
郁李仁,水肿,1,symptom_herb_tcm_mesh_long.txt
郁李仁,浮肿,5,herb_symptom_db_knowledge.txt|herb_symptom_knowledge.txt|symptom_herb_tcm_mesh.txt|symptom_herb_tcm_mesh_cooccur.txt|symptom_herb_tcm_mesh_long.txt
郁李仁,腹胀,1,symptom_herb_tcm_mesh_long.txt
郁李仁,腹胀便秘,1,symptom_herb_tcm_mesh_long.txt
郁金,刺痛,1,symptom_herb_tcm_mesh_long.txt
郁金,发狂,2,symptom_herb_tcm_mesh.txt|symptom_herb_tcm_mesh_cooccur.txt
郁金,吐血,4,herb_symptom_db_knowledge.txt|herb_symptom_knowledge.txt|symptom_herb_tcm_mesh.txt|symptom_herb_tcm_mesh_cooccur.txt
郁金,呃逆,1,symptom_herb_tcm_mesh_cooccur.txt
郁金,呕吐,1,symptom_herb_tcm_mesh_cooccur.txt
郁金,嗳气,1,symptom_herb_tcm_mesh_cooccur.txt
郁金,头晕,1,symptom_herb_tcm_mesh_cooccur.txt
郁金,头痛,1,symptom_herb_tcm_mesh_cooccur.txt
郁金,尿赤,1,symptom_herb_tcm_mesh_long.txt
郁金,恶心,1,symptom_herb_tcm_mesh_cooccur.txt
郁金,烦躁,1,symptom_herb_tcm_mesh_cooccur.txt
郁金,痫,4,herb_symptom_db_knowledge.txt|herb_symptom_knowledge.txt|symptom_herb_tcm_mesh.txt|symptom_herb_tcm_mesh_cooccur.txt
郁金,神昏,5,herb_symptom_db_knowledge.txt|herb_symptom_knowledge.txt|symptom_herb_tcm_mesh.txt|symptom_herb_tcm_mesh_cooccur.txt|symptom_herb_tcm_mesh_long.txt
郁金,胁痛,1,symptom_herb_tcm_mesh_cooccur.txt
郁金,腹痛,1,symptom_herb_tcm_mesh_cooccur.txt
郁金,腹胀,1,symptom_herb_tcm_mesh_long.txt
郁金,谵语,1,symptom_herb_tcm_mesh_cooccur.txt
郁金,闭经,1,symptom_herb_tcm_mesh_cooccur.txt
郁金,食欲不振,1,symptom_herb_tcm_mesh_cooccur.txt
酸枣仁,健忘,1,symptom_herb_tcm_mesh_cooccur.txt
酸枣仁,口渴,3,symptom_herb_tcm_mesh.txt|symptom_herb_tcm_mesh_cooccur.txt|symptom_herb_tcm_mesh_long.txt
酸枣仁,多梦,3,symptom_herb_tcm_mesh.txt|symptom_herb_tcm_mesh_cooccur.txt|symptom_herb_tcm_mesh_long.txt
酸枣仁,多汗,1,symptom_herb_tcm_mesh_long.txt
酸枣仁,崩漏,1,symptom_herb_tcm_mesh_cooccur.txt
酸枣仁,心悸,1,symptom_herb_tcm_mesh_cooccur.txt
酸枣仁,怔忡,1,symptom_herb_tcm_mesh_long.txt
酸枣仁,疲乏,1,symptom_herb_tcm_mesh_cooccur.txt
酸枣仁,白带,1,symptom_herb_tcm_mesh_cooccur.txt
酸枣仁,盗汗,5,herb_symptom_db_knowledge.txt|herb_symptom_knowledge.txt|symptom_herb_tcm_mesh.txt|symptom_herb_tcm_mesh_cooccur.txt|symptom_herb_tcm_mesh_long.txt
酸枣仁,耳聋,1,symptom_herb_tcm_mesh_cooccur.txt
酸枣仁,自汗,5,herb_symptom_db_knowledge.txt|herb_symptom_knowledge.txt|symptom_herb_tcm_mesh.txt|symptom_herb_tcm_mesh_cooccur.txt|symptom_herb_tcm_mesh_long.txt
酸枣仁,自汗、盗汗,1,symptom_herb_tcm_mesh_long.txt
酸枣仁,虚烦不眠,1,symptom_herb_tcm_mesh_long.txt
重楼,咽喉肿痛,1,symptom_herb_tcm_mesh_long.txt
重楼,抽搐,1,symptom_herb_tcm_mesh_long.txt
重楼,疔疮痈肿,1,symptom_herb_tcm_mesh_long.txt
野菊花,丹毒,1,herb_symptom_db_knowledge.txt
野菊花,头痛,4,herb_symptom_knowledge.txt|symptom_herb_tcm_mesh.txt|symptom_herb_tcm_mesh_cooccur.txt|symptom_herb_tcm_mesh_long.txt
野菊花,头痛眩晕,1,symptom_herb_tcm_mesh_long.txt
野菊花,疔疮痈肿,1,symptom_herb_tcm_mesh_long.txt
野菊花,目赤,1,symptom_herb_tcm_mesh_long.txt
野菊花,眩晕,1,symptom_herb_tcm_mesh_long.txt
野菊花,鼻塞,1,symptom_herb_tcm_mesh_cooccur.txt
野马追,咳嗽,1,herb_symptom_db_knowledge.txt
金果榄,咽喉肿痛,1,symptom_herb_tcm_mesh_long.txt
金果榄,疼痛,1,symptom_herb_tcm_mesh_long.txt
金果榄,痄腮,4,herb_symptom_db_knowledge.txt|herb_symptom_knowledge.txt|symptom_herb_tcm_mesh.txt|symptom_herb_tcm_mesh_cooccur.txt
金果榄,糜烂,1,symptom_herb_tcm_mesh_long.txt
金樱子,健忘,1,symptom_herb_tcm_mesh_cooccur.txt
金樱子,头晕,1,symptom_herb_tcm_mesh_cooccur.txt
金樱子,小便频数,1,symptom_herb_tcm_mesh_cooccur.txt
金樱子,尿频,1,symptom_herb_tcm_mesh_long.txt
金樱子,崩漏,5,herb_symptom_db_knowledge.txt|herb_symptom_knowledge.txt|symptom_herb_tcm_mesh.txt|symptom_herb_tcm_mesh_cooccur.txt|symptom_herb_tcm_mesh_long.txt
金樱子,心悸,1,symptom_herb_tcm_mesh_cooccur.txt
金樱子,白带,4,herb_symptom_db_knowledge.txt|herb_symptom_knowledge.txt|symptom_herb_tcm_mesh.txt|symptom_herb_tcm_mesh_cooccur.txt
金樱子,脱肛,5,herb_symptom_db_knowledge.txt|herb_symptom_knowledge.txt|symptom_herb_tcm_mesh.txt|symptom_herb_tcm_mesh_cooccur.txt|symptom_herb_tcm_mesh_long.txt
金樱子,遗尿,4,herb_symptom_db_knowledge.txt|herb_symptom_knowledge.txt|symptom_herb_tcm_mesh.txt|symptom_herb_tcm_mesh_cooccur.txt
金樱子,遗精,1,symptom_herb_tcm_mesh_long.txt
金樱子,须发早白,1,symptom_herb_tcm_mesh_cooccur.txt
金沸草,咳嗽,5,herb_symptom_db_knowledge.txt|herb_symptom_knowledge.txt|symptom_herb_tcm_mesh.txt|symptom_herb_tcm_mesh_cooccur.txt|symptom_herb_tcm_mesh_long.txt
金沸草,咳痰,3,herb_symptom_knowledge.txt|symptom_herb_tcm_mesh.txt|symptom_herb_tcm_mesh_cooccur.txt
金沸草,痰多,1,symptom_herb_tcm_mesh_long.txt
金礞石,半身不遂,1,symptom_herb_tcm_mesh_cooccur.txt
金礞石,发狂,4,herb_symptom_db_knowledge.txt|herb_symptom_knowledge.txt|symptom_herb_tcm_mesh.txt|symptom_herb_tcm_mesh_cooccur.txt
金礞石,呕吐,1,symptom_herb_tcm_mesh_cooccur.txt
金礞石,大便秘结,1,symptom_herb_tcm_mesh_cooccur.txt
金礞石,头晕,1,symptom_herb_tcm_mesh_cooccur.txt
金礞石,头痛,1,symptom_herb_tcm_mesh_cooccur.txt
金礞石,恶寒,1,symptom_herb_tcm_mesh_cooccur.txt
金礞石,恶心,1,symptom_herb_tcm_mesh_cooccur.txt
金礞石,抽搐,1,symptom_herb_tcm_mesh_long.txt
金礞石,烦躁,5,herb_symptom_db_knowledge.txt|herb_symptom_knowledge.txt|symptom_herb_tcm_mesh.txt|symptom_herb_tcm_mesh_cooccur.txt|symptom_herb_tcm_mesh_long.txt
金礞石,烦躁胸闷,1,symptom_herb_tcm_mesh_long.txt
金礞石,痫,4,herb_symptom_db_knowledge.txt|herb_symptom_knowledge.txt|symptom_herb_tcm_mesh.txt|symptom_herb_tcm_mesh_cooccur.txt
金礞石,胸闷,5,herb_symptom_db_knowledge.txt|herb_symptom_knowledge.txt|symptom_herb_tcm_mesh.txt|symptom_herb_tcm_mesh_cooccur.txt|symptom_herb_tcm_mesh_long.txt
金礞石,腹痛,1,symptom_herb_tcm_mesh_cooccur.txt
金荞麦,咳嗽,1,symptom_herb_tcm_mesh_cooccur.txt
金荞麦,恶寒,1,symptom_herb_tcm_mesh_cooccur.txt
金荞麦,湿疮,1,herb_symptom_db_knowledge.txt
金荞麦,麻疹,3,herb_symptom_knowledge.txt|symptom_herb_tcm_mesh.txt|symptom_herb_tcm_mesh_cooccur.txt
金莲花,牙龈出血,1,herb_symptom_db_knowledge.txt
金莲花,牙龈肿痛,1,herb_symptom_db_knowledge.txt
金钱白花蛇,半身不遂,5,herb_symptom_db_knowledge.txt|herb_symptom_knowledge.txt|symptom_herb_tcm_mesh.txt|symptom_herb_tcm_mesh_cooccur.txt|symptom_herb_tcm_mesh_long.txt
金钱白花蛇,抽搐,1,symptom_herb_tcm_mesh_long.txt
金钱白花蛇,瘰疬,3,herb_symptom_knowledge.txt|symptom_herb_tcm_mesh.txt|symptom_herb_tcm_mesh_cooccur.txt
金钱白花蛇,麻木,1,symptom_herb_tcm_mesh_long.txt
金钱草,尿赤,1,symptom_herb_tcm_mesh_long.txt
金钱草,水肿,1,symptom_herb_tcm_mesh_long.txt
金钱草,胁痛,1,symptom_herb_tcm_mesh_cooccur.txt
金银花,丹毒,2,symptom_herb_tcm_mesh.txt|symptom_herb_tcm_mesh_cooccur.txt
金银花,发热,1,symptom_herb_tcm_mesh_long.txt
金银花,吐血,1,symptom_herb_tcm_mesh_cooccur.txt
金银花,咳嗽,1,symptom_herb_tcm_mesh_cooccur.txt
金银花,咽喉痛,1,symptom_herb_tcm_mesh_cooccur.txt
金银花,喷嚏,1,symptom_herb_tcm_mesh_cooccur.txt
金银花,大便秘结,1,symptom_herb_tcm_mesh_cooccur.txt
金银花,头晕,1,symptom_herb_tcm_mesh_cooccur.txt
金银花,头痛,1,symptom_herb_tcm_mesh_cooccur.txt
金银花,尿痛,1,symptom_herb_tcm_mesh_cooccur.txt
金银花,恶寒,1,symptom_herb_tcm_mesh_cooccur.txt
金银花,恶寒发热,1,symptom_herb_tcm_mesh_cooccur.txt
金银花,恶风,1,symptom_herb_tcm_mesh_cooccur.txt
金银花,无汗,1,symptom_herb_tcm_mesh_cooccur.txt
金银花,牙龈肿痛,1,symptom_herb_tcm_mesh_cooccur.txt
金银花,神昏,1,symptom_herb_tcm_mesh_cooccur.txt
金银花,胁痛,1,symptom_herb_tcm_mesh_cooccur.txt
金银花,腰痛,1,symptom_herb_tcm_mesh_cooccur.txt
金银花,须发早白,1,symptom_herb_tcm_mesh_cooccur.txt
金银花,鼻塞,1,symptom_herb_tcm_mesh_cooccur.txt
金锦香,吐血,3,herb_symptom_knowledge.txt|symptom_herb_tcm_mesh.txt|symptom_herb_tcm_mesh_cooccur.txt
金锦香,咳嗽,4,herb_symptom_knowledge.txt|symptom_herb_tcm_mesh.txt|symptom_herb_tcm_mesh_cooccur.txt|symptom_herb_tcm_mesh_long.txt
钟乳石,纳,1,symptom_herb_tcm_mesh_long.txt
钟乳石,纳少,1,symptom_herb_tcm_mesh_long.txt
钟乳石,胃痛,2,symptom_herb_tcm_mesh.txt|symptom_herb_tcm_mesh_cooccur.txt
钟乳石,腰膝冷痛,1,symptom_herb_tcm_mesh_long.txt
钟乳石,阳痿,1,symptom_herb_tcm_mesh_long.txt
钩藤,呕吐,1,symptom_herb_tcm_mesh_cooccur.txt
钩藤,咳嗽,1,symptom_herb_tcm_mesh_cooccur.txt
钩藤,头昏,1,symptom_herb_tcm_mesh_cooccur.txt
钩藤,头晕,1,symptom_herb_tcm_mesh_cooccur.txt
钩藤,头痛,3,symptom_herb_tcm_mesh.txt|symptom_herb_tcm_mesh_cooccur.txt|symptom_herb_tcm_mesh_long.txt
钩藤,头痛眩晕,1,symptom_herb_tcm_mesh_long.txt
钩藤,头胀,5,herb_symptom_db_knowledge.txt|herb_symptom_knowledge.txt|symptom_herb_tcm_mesh.txt|symptom_herb_tcm_mesh_cooccur.txt|symptom_herb_tcm_mesh_long.txt
钩藤,头胀痛,1,symptom_herb_tcm_mesh_long.txt
钩藤,恶心,1,symptom_herb_tcm_mesh_cooccur.txt
钩藤,抽搐,1,symptom_herb_tcm_mesh_long.txt
钩藤,潮热,1,symptom_herb_tcm_mesh_cooccur.txt
钩藤,烦躁,1,symptom_herb_tcm_mesh_cooccur.txt
钩藤,痫,4,herb_symptom_db_knowledge.txt|herb_symptom_knowledge.txt|symptom_herb_tcm_mesh.txt|symptom_herb_tcm_mesh_cooccur.txt
钩藤,眩晕,1,symptom_herb_tcm_mesh_long.txt
钩藤,腹泻,1,symptom_herb_tcm_mesh_cooccur.txt
钩藤,腹痛,1,symptom_herb_tcm_mesh_cooccur.txt
钩藤,舌强,1,symptom_herb_tcm_mesh_cooccur.txt
钩藤,鼻塞,1,symptom_herb_tcm_mesh_cooccur.txt
铁包金,咳嗽,1,herb_symptom_db_knowledge.txt
铁包金,牙痛,1,herb_symptom_db_knowledge.txt
铁包金,疼痛,1,symptom_herb_tcm_mesh_long.txt
铁包金,骨痛,1,herb_symptom_db_knowledge.txt
铅丹,反胃,1,herb_symptom_db_knowledge.txt
铅丹,烦躁,1,symptom_herb_tcm_mesh_cooccur.txt
铅丹,痫,1,herb_symptom_db_knowledge.txt
银柴胡,低热,1,symptom_herb_tcm_mesh_cooccur.txt
银柴胡,发热,1,symptom_herb_tcm_mesh_long.txt
银柴胡,崩漏,1,symptom_herb_tcm_mesh_cooccur.txt
银柴胡,潮热,1,symptom_herb_tcm_mesh_cooccur.txt
银柴胡,疳积,4,herb_symptom_db_knowledge.txt|herb_symptom_knowledge.txt|symptom_herb_tcm_mesh.txt|symptom_herb_tcm_mesh_cooccur.txt
银柴胡,骨蒸劳热,1,symptom_herb_tcm_mesh_long.txt
银耳,口渴,1,herb_symptom_db_knowledge.txt
银耳,咳嗽,1,herb_symptom_db_knowledge.txt
锁阳,便秘,1,symptom_herb_tcm_mesh_long.txt
锁阳,头晕,1,symptom_herb_tcm_mesh_cooccur.txt
锁阳,崩漏,1,symptom_herb_tcm_mesh_cooccur.txt
锁阳,疲乏,1,symptom_herb_tcm_mesh_cooccur.txt
锁阳,白带,1,symptom_herb_tcm_mesh_cooccur.txt
锁阳,遗精,1,symptom_herb_tcm_mesh_long.txt
锁阳,遗精早泄,1,symptom_herb_tcm_mesh_long.txt
锁阳,阳痿,1,symptom_herb_tcm_mesh_long.txt
锦灯笼,咳嗽,4,herb_symptom_knowledge.txt|symptom_herb_tcm_mesh.txt|symptom_herb_tcm_mesh_cooccur.txt|symptom_herb_tcm_mesh_long.txt
锦灯笼,咽痛,1,symptom_herb_tcm_mesh_long.txt
锦灯笼,小便,1,symptom_herb_tcm_mesh_long.txt
锦灯笼,小便不利,4,herb_symptom_knowledge.txt|symptom_herb_tcm_mesh.txt|symptom_herb_tcm_mesh_cooccur.txt|symptom_herb_tcm_mesh_long.txt
锦灯笼,音哑,1,symptom_herb_tcm_mesh_long.txt
闹羊花,吞酸,1,symptom_herb_tcm_mesh_cooccur.txt
闹羊花,嘈杂,1,symptom_herb_tcm_mesh_cooccur.txt
闹羊花,头痛,1,herb_symptom_db_knowledge.txt
闹羊花,腹痛,1,symptom_herb_tcm_mesh_cooccur.txt
防己,头晕,1,symptom_herb_tcm_mesh_cooccur.txt
防己,头痛,1,symptom_herb_tcm_mesh_cooccur.txt
防己,小便,1,symptom_herb_tcm_mesh_long.txt
防己,小便不利,4,herb_symptom_knowledge.txt|symptom_herb_tcm_mesh.txt|symptom_herb_tcm_mesh_cooccur.txt|symptom_herb_tcm_mesh_long.txt
防己,恶寒,1,symptom_herb_tcm_mesh_cooccur.txt
防己,恶风,1,symptom_herb_tcm_mesh_cooccur.txt
防己,水肿,1,symptom_herb_tcm_mesh_long.txt
防己,浮肿,1,symptom_herb_tcm_mesh_cooccur.txt
防己,胁痛,1,symptom_herb_tcm_mesh_cooccur.txt
防己,腰痛,1,symptom_herb_tcm_mesh_cooccur.txt
防己,舌苔白,1,symptom_herb_tcm_mesh_cooccur.txt
防己,舌苔白腻,1,symptom_herb_tcm_mesh_cooccur.txt
防己,身痛,1,symptom_herb_tcm_mesh_cooccur.txt
防己,身重,1,symptom_herb_tcm_mesh_cooccur.txt
防风,便血,1,symptom_herb_tcm_mesh_cooccur.txt
防风,关节疼痛,1,symptom_herb_tcm_mesh_cooccur.txt
防风,初起,1,symptom_herb_tcm_mesh_long.txt
防风,半身不遂,1,symptom_herb_tcm_mesh_cooccur.txt
防风,口渴,1,symptom_herb_tcm_mesh_cooccur.txt
防风,口臭,1,symptom_herb_tcm_mesh_cooccur.txt
防风,口苦,1,symptom_herb_tcm_mesh_cooccur.txt
防风,呕吐,1,symptom_herb_tcm_mesh_cooccur.txt
防风,咳嗽,1,symptom_herb_tcm_mesh_cooccur.txt
防风,咽喉痛,1,symptom_herb_tcm_mesh_cooccur.txt
防风,咽干,1,symptom_herb_tcm_mesh_cooccur.txt
防风,四肢疼痛,1,symptom_herb_tcm_mesh_cooccur.txt
防风,四肢麻木,1,symptom_herb_tcm_mesh_cooccur.txt
防风,壮热,1,symptom_herb_tcm_mesh_cooccur.txt
防风,头晕,1,symptom_herb_tcm_mesh_cooccur.txt
防风,头痛,5,herb_symptom_db_knowledge.txt|herb_symptom_knowledge.txt|symptom_herb_tcm_mesh.txt|symptom_herb_tcm_mesh_cooccur.txt|symptom_herb_tcm_mesh_long.txt
防风,头痛身痛,1,symptom_herb_tcm_mesh_long.txt
防风,头重,1,symptom_herb_tcm_mesh_cooccur.txt
防风,恶寒,1,symptom_herb_tcm_mesh_cooccur.txt
防风,恶寒发热,1,symptom_herb_tcm_mesh_cooccur.txt
防风,恶风,1,symptom_herb_tcm_mesh_cooccur.txt
防风,无汗,1,symptom_herb_tcm_mesh_cooccur.txt
防风,烦躁,1,symptom_herb_tcm_mesh_cooccur.txt
防风,牙龈肿痛,1,symptom_herb_tcm_mesh_cooccur.txt
防风,痄腮,1,symptom_herb_tcm_mesh_cooccur.txt
防风,瘙痒,1,symptom_herb_tcm_mesh_long.txt
防风,瘫痪,1,symptom_herb_tcm_mesh_cooccur.txt
防风,瘰疬,1,symptom_herb_tcm_mesh_cooccur.txt
防风,短气,1,symptom_herb_tcm_mesh_cooccur.txt
防风,耳聋,1,symptom_herb_tcm_mesh_cooccur.txt
防风,肠鸣,1,symptom_herb_tcm_mesh_cooccur.txt
防风,肩痛,1,symptom_herb_tcm_mesh_cooccur.txt
防风,胁痛,1,symptom_herb_tcm_mesh_cooccur.txt
防风,胃痛,1,symptom_herb_tcm_mesh_cooccur.txt
防风,腹冷,1,symptom_herb_tcm_mesh_cooccur.txt
防风,腹泻,1,symptom_herb_tcm_mesh_cooccur.txt
防风,腹痛,5,herb_symptom_db_knowledge.txt|herb_symptom_knowledge.txt|symptom_herb_tcm_mesh.txt|symptom_herb_tcm_mesh_cooccur.txt|symptom_herb_tcm_mesh_long.txt
防风,腹痛泄泻,1,symptom_herb_tcm_mesh_long.txt
防风,臂痛,1,symptom_herb_tcm_mesh_cooccur.txt
防风,自汗,1,symptom_herb_tcm_mesh_cooccur.txt
防风,舌苔白,1,symptom_herb_tcm_mesh_cooccur.txt
防风,舌苔白腻,1,symptom_herb_tcm_mesh_cooccur.txt
防风,身痛,5,herb_symptom_db_knowledge.txt|herb_symptom_knowledge.txt|symptom_herb_tcm_mesh.txt|symptom_herb_tcm_mesh_cooccur.txt|symptom_herb_tcm_mesh_long.txt
防风,身重,1,symptom_herb_tcm_mesh_cooccur.txt
防风,闭经,1,symptom_herb_tcm_mesh_cooccur.txt
防风,骨痛,1,symptom_herb_tcm_mesh_cooccur.txt
防风,麻疹,1,symptom_herb_tcm_mesh_cooccur.txt
防风,鼻塞,1,symptom_herb_tcm_mesh_cooccur.txt
阳起石,崩漏,5,herb_symptom_db_knowledge.txt|herb_symptom_knowledge.txt|symptom_herb_tcm_mesh.txt|symptom_herb_tcm_mesh_cooccur.txt|symptom_herb_tcm_mesh_long.txt
阳起石,气喘,1,symptom_herb_tcm_mesh_cooccur.txt
阳起石,阳痿,1,symptom_herb_tcm_mesh_long.txt
阿胶,便血,5,herb_symptom_db_knowledge.txt|herb_symptom_knowledge.txt|symptom_herb_tcm_mesh.txt|symptom_herb_tcm_mesh_cooccur.txt|symptom_herb_tcm_mesh_long.txt
阿胶,劳嗽咯血,1,symptom_herb_tcm_mesh_long.txt
阿胶,吐血,4,herb_symptom_db_knowledge.txt|herb_symptom_knowledge.txt|symptom_herb_tcm_mesh.txt|symptom_herb_tcm_mesh_cooccur.txt
阿胶,咳嗽,3,symptom_herb_tcm_mesh.txt|symptom_herb_tcm_mesh_cooccur.txt|symptom_herb_tcm_mesh_long.txt
阿胶,咽干,1,symptom_herb_tcm_mesh_cooccur.txt
阿胶,大便下血,1,symptom_herb_tcm_mesh_cooccur.txt
阿胶,失眠,1,symptom_herb_tcm_mesh_long.txt
阿胶,头痛,1,symptom_herb_tcm_mesh_cooccur.txt
阿胶,小便不利,1,symptom_herb_tcm_mesh_cooccur.txt
阿胶,尿血,5,herb_symptom_db_knowledge.txt|herb_symptom_knowledge.txt|symptom_herb_tcm_mesh.txt|symptom_herb_tcm_mesh_cooccur.txt|symptom_herb_tcm_mesh_long.txt
阿胶,崩中,1,symptom_herb_tcm_mesh_cooccur.txt
阿胶,崩漏,5,herb_symptom_db_knowledge.txt|herb_symptom_knowledge.txt|symptom_herb_tcm_mesh.txt|symptom_herb_tcm_mesh_cooccur.txt|symptom_herb_tcm_mesh_long.txt
阿胶,心悸,3,symptom_herb_tcm_mesh.txt|symptom_herb_tcm_mesh_cooccur.txt|symptom_herb_tcm_mesh_long.txt
阿胶,心烦,5,herb_symptom_db_knowledge.txt|herb_symptom_knowledge.txt|symptom_herb_tcm_mesh.txt|symptom_herb_tcm_mesh_cooccur.txt|symptom_herb_tcm_mesh_long.txt
阿胶,心烦不眠,1,symptom_herb_tcm_mesh_long.txt
阿胶,心烦失眠,1,symptom_herb_tcm_mesh_long.txt
阿胶,抽搐,1,symptom_herb_tcm_mesh_long.txt
阿胶,月经过多,1,symptom_herb_tcm_mesh_cooccur.txt
阿胶,气喘,1,symptom_herb_tcm_mesh_cooccur.txt
阿胶,漏下,1,symptom_herb_tcm_mesh_cooccur.txt
阿胶,潮热,1,symptom_herb_tcm_mesh_cooccur.txt
阿胶,疲乏,1,symptom_herb_tcm_mesh_cooccur.txt
阿胶,白带,1,symptom_herb_tcm_mesh_cooccur.txt
阿胶,盗汗,1,symptom_herb_tcm_mesh_cooccur.txt
阿胶,目昏,1,symptom_herb_tcm_mesh_cooccur.txt
阿胶,眩晕,1,symptom_herb_tcm_mesh_long.txt
阿胶,经期延长,1,symptom_herb_tcm_mesh_cooccur.txt
阿胶,胎漏,2,symptom_herb_tcm_mesh.txt|symptom_herb_tcm_mesh_cooccur.txt
阿胶,腹满,1,symptom_herb_tcm_mesh_cooccur.txt
阿胶,腹痛,1,symptom_herb_tcm_mesh_cooccur.txt
阿胶,赤白带,1,symptom_herb_tcm_mesh_cooccur.txt
阿胶,里急后重,1,symptom_herb_tcm_mesh_cooccur.txt
阿胶,闭经,1,symptom_herb_tcm_mesh_cooccur.txt
阿魏,头痛,1,symptom_herb_tcm_mesh_cooccur.txt
阿魏,胁痛,1,symptom_herb_tcm_mesh_cooccur.txt
阿魏,胸腹胀满,1,symptom_herb_tcm_mesh_long.txt
阿魏,胸闷,1,symptom_herb_tcm_mesh_cooccur.txt
阿魏,腹中痞块,2,symptom_herb_tcm_mesh.txt|symptom_herb_tcm_mesh_cooccur.txt
阿魏,腹痛,3,symptom_herb_tcm_mesh.txt|symptom_herb_tcm_mesh_cooccur.txt|symptom_herb_tcm_mesh_long.txt
阿魏,腹胀,1,symptom_herb_tcm_mesh_long.txt
附子,发黄,1,symptom_herb_tcm_mesh_cooccur.txt
附子,口噤,1,symptom_herb_tcm_mesh_cooccur.txt
附子,吐血,1,symptom_herb_tcm_mesh_cooccur.txt
附子,呕吐,1,symptom_herb_tcm_mesh_cooccur.txt
附子,咳嗽,1,symptom_herb_tcm_mesh_cooccur.txt
附子,大便下血,1,symptom_herb_tcm_mesh_cooccur.txt
附子,头痛,1,symptom_herb_tcm_mesh_cooccur.txt
附子,小便不利,1,symptom_herb_tcm_mesh_cooccur.txt
附子,恶寒,1,symptom_herb_tcm_mesh_cooccur.txt
附子,恶寒发热,1,symptom_herb_tcm_mesh_cooccur.txt
附子,无汗,1,symptom_herb_tcm_mesh_cooccur.txt
附子,气喘,1,symptom_herb_tcm_mesh_cooccur.txt
附子,水肿,1,symptom_herb_tcm_mesh_long.txt
附子,浮肿,1,symptom_herb_tcm_mesh_cooccur.txt
附子,烦躁,1,symptom_herb_tcm_mesh_cooccur.txt
附子,畏寒,1,symptom_herb_tcm_mesh_cooccur.txt
附子,痫,1,symptom_herb_tcm_mesh_cooccur.txt
附子,瘰疬,1,symptom_herb_tcm_mesh_cooccur.txt
附子,盗汗,1,symptom_herb_tcm_mesh_cooccur.txt
附子,短气,1,symptom_herb_tcm_mesh_cooccur.txt
附子,肢冷,1,symptom_herb_tcm_mesh_long.txt
附子,腹冷,5,herb_symptom_db_knowledge.txt|herb_symptom_knowledge.txt|symptom_herb_tcm_mesh.txt|symptom_herb_tcm_mesh_cooccur.txt|symptom_herb_tcm_mesh_long.txt
附子,腹泻,1,symptom_herb_tcm_mesh_cooccur.txt
附子,腹痛,1,symptom_herb_tcm_mesh_cooccur.txt
附子,舌强,1,symptom_herb_tcm_mesh_cooccur.txt
附子,身痛,1,symptom_herb_tcm_mesh_cooccur.txt
附子,阳痿,1,symptom_herb_tcm_mesh_long.txt
附子,鼻塞,1,symptom_herb_tcm_mesh_cooccur.txt
陈皮,丹毒,1,symptom_herb_tcm_mesh_cooccur.txt
陈皮,关节疼痛,1,symptom_herb_tcm_mesh_cooccur.txt
陈皮,半身不遂,1,symptom_herb_tcm_mesh_cooccur.txt
陈皮,口渴,1,symptom_herb_tcm_mesh_cooccur.txt
陈皮,口苦,1,symptom_herb_tcm_mesh_cooccur.txt
陈皮,吞酸,1,symptom_herb_tcm_mesh_cooccur.txt
陈皮,呃逆,1,symptom_herb_tcm_mesh_cooccur.txt
陈皮,呕吐,1,symptom_herb_tcm_mesh_cooccur.txt
陈皮,咳嗽,4,herb_symptom_knowledge.txt|symptom_herb_tcm_mesh.txt|symptom_herb_tcm_mesh_cooccur.txt|symptom_herb_tcm_mesh_long.txt
陈皮,咳嗽痰多,1,symptom_herb_tcm_mesh_long.txt
陈皮,咳血,1,symptom_herb_tcm_mesh_cooccur.txt
陈皮,咽干,1,symptom_herb_tcm_mesh_cooccur.txt
陈皮,喉痒,1,symptom_herb_tcm_mesh_cooccur.txt
陈皮,嗳气,1,symptom_herb_tcm_mesh_cooccur.txt
陈皮,嘈杂,1,symptom_herb_tcm_mesh_cooccur.txt
陈皮,壮热,1,symptom_herb_tcm_mesh_cooccur.txt
陈皮,大便秘结,1,symptom_herb_tcm_mesh_cooccur.txt
陈皮,头痛,1,symptom_herb_tcm_mesh_cooccur.txt
陈皮,小便不利,1,symptom_herb_tcm_mesh_cooccur.txt
陈皮,小儿丹毒,1,symptom_herb_tcm_mesh_cooccur.txt
陈皮,崩漏,1,symptom_herb_tcm_mesh_cooccur.txt
陈皮,干呕,1,symptom_herb_tcm_mesh_cooccur.txt
陈皮,心烦,1,symptom_herb_tcm_mesh_cooccur.txt
陈皮,恶寒,1,symptom_herb_tcm_mesh_cooccur.txt
陈皮,恶寒发热,1,symptom_herb_tcm_mesh_cooccur.txt
陈皮,恶心,1,symptom_herb_tcm_mesh_cooccur.txt
陈皮,慢惊,1,symptom_herb_tcm_mesh_cooccur.txt
陈皮,无汗,1,symptom_herb_tcm_mesh_cooccur.txt
陈皮,浮肿,1,symptom_herb_tcm_mesh_cooccur.txt
陈皮,烦躁,1,symptom_herb_tcm_mesh_cooccur.txt
陈皮,疲乏,1,symptom_herb_tcm_mesh_cooccur.txt
陈皮,痫,1,symptom_herb_tcm_mesh_cooccur.txt
陈皮,痰多,1,symptom_herb_tcm_mesh_long.txt
陈皮,瘰疬,1,symptom_herb_tcm_mesh_cooccur.txt
陈皮,白带,1,symptom_herb_tcm_mesh_cooccur.txt
陈皮,积滞,1,symptom_herb_tcm_mesh_cooccur.txt
陈皮,肠鸣,1,symptom_herb_tcm_mesh_cooccur.txt
陈皮,胎水肿满,1,symptom_herb_tcm_mesh_cooccur.txt
陈皮,胸脘胀满,1,symptom_herb_tcm_mesh_long.txt
陈皮,胸闷,1,symptom_herb_tcm_mesh_cooccur.txt
陈皮,脱肛,1,symptom_herb_tcm_mesh_cooccur.txt
陈皮,腰重,1,symptom_herb_tcm_mesh_cooccur.txt
陈皮,腹泻,1,symptom_herb_tcm_mesh_cooccur.txt
陈皮,腹满,1,symptom_herb_tcm_mesh_cooccur.txt
陈皮,腹痛,1,symptom_herb_tcm_mesh_cooccur.txt
陈皮,腿肿痛,1,symptom_herb_tcm_mesh_cooccur.txt
陈皮,自汗,1,symptom_herb_tcm_mesh_cooccur.txt
陈皮,里急后重,1,symptom_herb_tcm_mesh_cooccur.txt
陈皮,闭经,1,symptom_herb_tcm_mesh_cooccur.txt
陈皮,阴挺,1,symptom_herb_tcm_mesh_cooccur.txt
陈皮,食少,1,symptom_herb_tcm_mesh_long.txt
陈皮,食欲不振,1,symptom_herb_tcm_mesh_cooccur.txt
陈皮,鼻塞,1,symptom_herb_tcm_mesh_cooccur.txt
降香,出血,1,symptom_herb_tcm_mesh_long.txt
降香,刺痛,1,symptom_herb_tcm_mesh_long.txt
降香,半身不遂,1,symptom_herb_tcm_mesh_cooccur.txt
降香,呕吐,5,herb_symptom_db_knowledge.txt|herb_symptom_knowledge.txt|symptom_herb_tcm_mesh.txt|symptom_herb_tcm_mesh_cooccur.txt|symptom_herb_tcm_mesh_long.txt
降香,心悸,1,symptom_herb_tcm_mesh_cooccur.txt
降香,疼痛,1,symptom_herb_tcm_mesh_long.txt
降香,胁痛,3,symptom_herb_tcm_mesh.txt|symptom_herb_tcm_mesh_cooccur.txt|symptom_herb_tcm_mesh_long.txt
降香,胸胁疼痛,1,symptom_herb_tcm_mesh_long.txt
降香,胸闷,1,symptom_herb_tcm_mesh_cooccur.txt
降香,腹痛,5,herb_symptom_db_knowledge.txt|herb_symptom_knowledge.txt|symptom_herb_tcm_mesh.txt|symptom_herb_tcm_mesh_cooccur.txt|symptom_herb_tcm_mesh_long.txt
降香,闭经,1,symptom_herb_tcm_mesh_cooccur.txt
雄黄,口渴,1,symptom_herb_tcm_mesh_cooccur.txt
雄黄,口苦,1,symptom_herb_tcm_mesh_cooccur.txt
雄黄,呕吐,1,symptom_herb_tcm_mesh_cooccur.txt
雄黄,咳嗽,1,symptom_herb_tcm_mesh_cooccur.txt
雄黄,咽干,1,symptom_herb_tcm_mesh_cooccur.txt
雄黄,大便秘结,1,symptom_herb_tcm_mesh_cooccur.txt
雄黄,头晕,1,symptom_herb_tcm_mesh_cooccur.txt
雄黄,头痛,1,symptom_herb_tcm_mesh_cooccur.txt
雄黄,带状疱疹,1,symptom_herb_tcm_mesh_cooccur.txt
雄黄,急惊,1,symptom_herb_tcm_mesh_cooccur.txt
雄黄,恶寒,1,symptom_herb_tcm_mesh_cooccur.txt
雄黄,恶心,1,symptom_herb_tcm_mesh_cooccur.txt
雄黄,烦躁,1,symptom_herb_tcm_mesh_cooccur.txt
雄黄,牙龈肿痛,1,symptom_herb_tcm_mesh_cooccur.txt
雄黄,痫,4,herb_symptom_db_knowledge.txt|herb_symptom_knowledge.txt|symptom_herb_tcm_mesh.txt|symptom_herb_tcm_mesh_cooccur.txt
雄黄,神昏,1,symptom_herb_tcm_mesh_cooccur.txt
雄黄,胸闷,1,symptom_herb_tcm_mesh_cooccur.txt
雄黄,腹痛,4,herb_symptom_knowledge.txt|symptom_herb_tcm_mesh.txt|symptom_herb_tcm_mesh_cooccur.txt|symptom_herb_tcm_mesh_long.txt
雄黄,舌肿,1,symptom_herb_tcm_mesh_cooccur.txt
雄黄,谵语,1,symptom_herb_tcm_mesh_cooccur.txt
雄黄,鼻塞,1,symptom_herb_tcm_mesh_cooccur.txt
雪胆,咽喉肿痛,1,symptom_herb_tcm_mesh_long.txt
零陵香,呕吐,1,symptom_herb_tcm_mesh_cooccur.txt
零陵香,头痛,1,symptom_herb_tcm_mesh_cooccur.txt
零陵香,恶心,1,symptom_herb_tcm_mesh_cooccur.txt
零陵香,鼻塞,1,symptom_herb_tcm_mesh_cooccur.txt
雷丸,疳积,3,herb_symptom_knowledge.txt|symptom_herb_tcm_mesh.txt|symptom_herb_tcm_mesh_cooccur.txt
雷丸,腹痛,4,herb_symptom_knowledge.txt|symptom_herb_tcm_mesh.txt|symptom_herb_tcm_mesh_cooccur.txt|symptom_herb_tcm_mesh_long.txt
雷丸,食欲不振,1,symptom_herb_tcm_mesh_cooccur.txt
青叶胆,尿赤,1,symptom_herb_tcm_mesh_long.txt
青木香,头痛,4,herb_symptom_knowledge.txt|symptom_herb_tcm_mesh.txt|symptom_herb_tcm_mesh_cooccur.txt|symptom_herb_tcm_mesh_long.txt
青木香,恶寒,1,symptom_herb_tcm_mesh_cooccur.txt
青木香,眩晕,1,symptom_herb_tcm_mesh_long.txt
青木香,眩晕头痛,1,symptom_herb_tcm_mesh_long.txt
青木香,腹痛,1,symptom_herb_tcm_mesh_cooccur.txt
青皮,乳房胀痛,4,herb_symptom_db_knowledge.txt|herb_symptom_knowledge.txt|symptom_herb_tcm_mesh.txt|symptom_herb_tcm_mesh_cooccur.txt
青皮,关节疼痛,1,symptom_herb_tcm_mesh_cooccur.txt
青皮,半身不遂,1,symptom_herb_tcm_mesh_cooccur.txt
青皮,口渴,1,symptom_herb_tcm_mesh_cooccur.txt
青皮,呕吐,1,symptom_herb_tcm_mesh_cooccur.txt
青皮,嗳气,1,symptom_herb_tcm_mesh_cooccur.txt
青皮,头痛,1,symptom_herb_tcm_mesh_cooccur.txt
青皮,慢惊,1,symptom_herb_tcm_mesh_cooccur.txt
青皮,流泪,1,symptom_herb_tcm_mesh_cooccur.txt
青皮,浮肿,1,symptom_herb_tcm_mesh_cooccur.txt
青皮,疼痛,1,symptom_herb_tcm_mesh_long.txt
青皮,痫,1,symptom_herb_tcm_mesh_cooccur.txt
青皮,瘫痪,1,symptom_herb_tcm_mesh_cooccur.txt
青皮,瘰疬,1,symptom_herb_tcm_mesh_cooccur.txt
青皮,神昏,1,symptom_herb_tcm_mesh_cooccur.txt
青皮,积滞,1,symptom_herb_tcm_mesh_cooccur.txt
青皮,胁肋胀痛,1,symptom_herb_tcm_mesh_long.txt
青皮,胁胀,1,symptom_herb_tcm_mesh_long.txt
青皮,胃脘胀痛,1,symptom_herb_tcm_mesh_long.txt
青皮,胬肉攀睛,1,symptom_herb_tcm_mesh_cooccur.txt
青皮,胸胁胀痛,1,symptom_herb_tcm_mesh_long.txt
青皮,腹冷,1,symptom_herb_tcm_mesh_cooccur.txt
青皮,腹痛,3,symptom_herb_tcm_mesh.txt|symptom_herb_tcm_mesh_cooccur.txt|symptom_herb_tcm_mesh_long.txt
青皮,自汗,1,symptom_herb_tcm_mesh_cooccur.txt
青皮,里急后重,1,symptom_herb_tcm_mesh_cooccur.txt
青礞石,发狂,4,herb_symptom_db_knowledge.txt|herb_symptom_knowledge.txt|symptom_herb_tcm_mesh.txt|symptom_herb_tcm_mesh_cooccur.txt
青礞石,急惊,1,symptom_herb_tcm_mesh_cooccur.txt
青礞石,抽搐,1,symptom_herb_tcm_mesh_long.txt
青礞石,气喘,1,symptom_herb_tcm_mesh_cooccur.txt
青礞石,烦躁,5,herb_symptom_db_knowledge.txt|herb_symptom_knowledge.txt|symptom_herb_tcm_mesh.txt|symptom_herb_tcm_mesh_cooccur.txt|symptom_herb_tcm_mesh_long.txt
青礞石,烦躁胸闷,1,symptom_herb_tcm_mesh_long.txt
青礞石,痫,4,herb_symptom_db_knowledge.txt|herb_symptom_knowledge.txt|symptom_herb_tcm_mesh.txt|symptom_herb_tcm_mesh_cooccur.txt
青礞石,神昏,1,symptom_herb_tcm_mesh_cooccur.txt
青礞石,胸闷,5,herb_symptom_db_knowledge.txt|herb_symptom_knowledge.txt|symptom_herb_tcm_mesh.txt|symptom_herb_tcm_mesh_cooccur.txt|symptom_herb_tcm_mesh_long.txt
青葙,小便不利,1,herb_symptom_db_knowledge.txt
青葙,阴痒,1,herb_symptom_db_knowledge.txt
青葙子,瘙痒,1,symptom_herb_tcm_mesh_long.txt
青葙子,目赤,1,symptom_herb_tcm_mesh_long.txt
青葙子,眩晕,1,symptom_herb_tcm_mesh_long.txt
青葙子,视物昏花,1,symptom_herb_tcm_mesh_long.txt
青葙子,鼻衄,4,herb_symptom_db_knowledge.txt|herb_symptom_knowledge.txt|symptom_herb_tcm_mesh.txt|symptom_herb_tcm_mesh_cooccur.txt
青蒿,低热,1,symptom_herb_tcm_mesh_cooccur.txt
青蒿,发热,1,symptom_herb_tcm_mesh_long.txt
青蒿,口苦,1,symptom_herb_tcm_mesh_cooccur.txt
青蒿,寒热,1,symptom_herb_tcm_mesh_long.txt
青蒿,崩漏,1,symptom_herb_tcm_mesh_cooccur.txt
青蒿,干呕,1,symptom_herb_tcm_mesh_cooccur.txt
青蒿,潮热,1,symptom_herb_tcm_mesh_cooccur.txt
青蒿,疲乏,1,symptom_herb_tcm_mesh_cooccur.txt
青蒿,白带,1,symptom_herb_tcm_mesh_cooccur.txt
青蒿,胸闷,1,symptom_herb_tcm_mesh_cooccur.txt
青风藤,关节疼痛,1,symptom_herb_tcm_mesh_cooccur.txt
青风藤,四肢麻木,1,symptom_herb_tcm_mesh_cooccur.txt
青风藤,小便,1,symptom_herb_tcm_mesh_long.txt
青风藤,恶风,1,symptom_herb_tcm_mesh_cooccur.txt
青风藤,瘙痒,1,symptom_herb_tcm_mesh_long.txt
青风藤,肿胀,1,symptom_herb_tcm_mesh_long.txt
青风藤,腹冷,1,symptom_herb_tcm_mesh_cooccur.txt
青风藤,腹痛,1,symptom_herb_tcm_mesh_cooccur.txt
青黛,丹毒,4,herb_symptom_db_knowledge.txt|herb_symptom_knowledge.txt|symptom_herb_tcm_mesh.txt|symptom_herb_tcm_mesh_cooccur.txt
青黛,口渴,1,symptom_herb_tcm_mesh_cooccur.txt
青黛,口苦,1,symptom_herb_tcm_mesh_cooccur.txt
青黛,吐血,4,herb_symptom_db_knowledge.txt|herb_symptom_knowledge.txt|symptom_herb_tcm_mesh.txt|symptom_herb_tcm_mesh_cooccur.txt
青黛,咳嗽,5,herb_symptom_db_knowledge.txt|herb_symptom_knowledge.txt|symptom_herb_tcm_mesh.txt|symptom_herb_tcm_mesh_cooccur.txt|symptom_herb_tcm_mesh_long.txt
青黛,咳血,2,symptom_herb_tcm_mesh.txt|symptom_herb_tcm_mesh_cooccur.txt
青黛,咽喉肿痛,1,symptom_herb_tcm_mesh_long.txt
青黛,声音嘶哑,1,symptom_herb_tcm_mesh_cooccur.txt
青黛,大便秘结,1,symptom_herb_tcm_mesh_cooccur.txt
青黛,头晕,1,symptom_herb_tcm_mesh_cooccur.txt
青黛,头痛,1,symptom_herb_tcm_mesh_cooccur.txt
青黛,心烦,1,symptom_herb_tcm_mesh_cooccur.txt
青黛,烦躁,1,symptom_herb_tcm_mesh_cooccur.txt
青黛,牙龈出血,1,symptom_herb_tcm_mesh_cooccur.txt
青黛,疲乏,1,symptom_herb_tcm_mesh_cooccur.txt
青黛,痄腮,2,symptom_herb_tcm_mesh.txt|symptom_herb_tcm_mesh_cooccur.txt
青黛,痫,4,herb_symptom_db_knowledge.txt|herb_symptom_knowledge.txt|symptom_herb_tcm_mesh.txt|symptom_herb_tcm_mesh_cooccur.txt
青黛,耳聋,1,symptom_herb_tcm_mesh_cooccur.txt
青黛,胸痛,3,symptom_herb_tcm_mesh.txt|symptom_herb_tcm_mesh_cooccur.txt|symptom_herb_tcm_mesh_long.txt
青黛,舌干,1,symptom_herb_tcm_mesh_cooccur.txt
青黛,衄血,1,symptom_herb_tcm_mesh_long.txt
韭子,尿频,1,symptom_herb_tcm_mesh_long.txt
韭子,腰膝酸软,1,symptom_herb_tcm_mesh_long.txt
韭子,遗精,1,symptom_herb_tcm_mesh_long.txt
韭子,阳痿,1,symptom_herb_tcm_mesh_long.txt
韭菜,健忘,1,symptom_herb_tcm_mesh_cooccur.txt
韭菜,反胃,1,herb_symptom_db_knowledge.txt
韭菜,吐血,1,herb_symptom_db_knowledge.txt
韭菜,噎膈,1,herb_symptom_db_knowledge.txt
韭菜,头晕,1,symptom_herb_tcm_mesh_cooccur.txt
韭菜,尿血,1,herb_symptom_db_knowledge.txt
韭菜,腰痛,1,symptom_herb_tcm_mesh_cooccur.txt
韭菜,腹痛,1,herb_symptom_db_knowledge.txt
韭菜,遗尿,1,symptom_herb_tcm_mesh_cooccur.txt
韭菜子,健忘,1,symptom_herb_tcm_mesh_cooccur.txt
韭菜子,头晕,1,symptom_herb_tcm_mesh_cooccur.txt
韭菜子,尿频,1,symptom_herb_tcm_mesh_long.txt
韭菜子,腰痛,1,symptom_herb_tcm_mesh_cooccur.txt
韭菜子,遗尿,3,herb_symptom_knowledge.txt|symptom_herb_tcm_mesh.txt|symptom_herb_tcm_mesh_cooccur.txt
韭菜子,遗精,1,symptom_herb_tcm_mesh_long.txt
预知子,小便,1,symptom_herb_tcm_mesh_long.txt
预知子,小便不利,4,herb_symptom_knowledge.txt|symptom_herb_tcm_mesh.txt|symptom_herb_tcm_mesh_cooccur.txt|symptom_herb_tcm_mesh_long.txt
预知子,胁胀,1,symptom_herb_tcm_mesh_long.txt
饴糖,便秘,1,symptom_herb_tcm_mesh_long.txt
饴糖,口渴,5,herb_symptom_db_knowledge.txt|herb_symptom_knowledge.txt|symptom_herb_tcm_mesh.txt|symptom_herb_tcm_mesh_cooccur.txt|symptom_herb_tcm_mesh_long.txt
饴糖,吐血,4,herb_symptom_db_knowledge.txt|herb_symptom_knowledge.txt|symptom_herb_tcm_mesh.txt|symptom_herb_tcm_mesh_cooccur.txt
饴糖,咳嗽,5,herb_symptom_db_knowledge.txt|herb_symptom_knowledge.txt|symptom_herb_tcm_mesh.txt|symptom_herb_tcm_mesh_cooccur.txt|symptom_herb_tcm_mesh_long.txt
饴糖,咽痛,1,symptom_herb_tcm_mesh_long.txt
饴糖,腹痛,5,herb_symptom_db_knowledge.txt|herb_symptom_knowledge.txt|symptom_herb_tcm_mesh.txt|symptom_herb_tcm_mesh_cooccur.txt|symptom_herb_tcm_mesh_long.txt
首乌藤,多梦,4,herb_symptom_knowledge.txt|symptom_herb_tcm_mesh.txt|symptom_herb_tcm_mesh_cooccur.txt|symptom_herb_tcm_mesh_long.txt
首乌藤,失眠,1,symptom_herb_tcm_mesh_long.txt
首乌藤,失眠多梦,1,symptom_herb_tcm_mesh_long.txt
首乌藤,头昏,1,symptom_herb_tcm_mesh_cooccur.txt
首乌藤,潮热,1,symptom_herb_tcm_mesh_cooccur.txt
首乌藤,烦躁,1,symptom_herb_tcm_mesh_cooccur.txt
首乌藤,瘙痒,1,symptom_herb_tcm_mesh_long.txt
首乌藤,皮肤瘙痒,4,herb_symptom_knowledge.txt|symptom_herb_tcm_mesh.txt|symptom_herb_tcm_mesh_cooccur.txt|symptom_herb_tcm_mesh_long.txt
首乌藤,身痛,4,herb_symptom_knowledge.txt|symptom_herb_tcm_mesh.txt|symptom_herb_tcm_mesh_cooccur.txt|symptom_herb_tcm_mesh_long.txt
香加皮,下肢浮肿,1,symptom_herb_tcm_mesh_long.txt
香加皮,四肢麻木,1,symptom_herb_tcm_mesh_cooccur.txt
香加皮,小便不利,1,herb_symptom_db_knowledge.txt
香加皮,心悸,4,herb_symptom_knowledge.txt|symptom_herb_tcm_mesh.txt|symptom_herb_tcm_mesh_cooccur.txt|symptom_herb_tcm_mesh_long.txt
香加皮,心悸气短,1,symptom_herb_tcm_mesh_long.txt
香加皮,气短,1,symptom_herb_tcm_mesh_long.txt
香加皮,浮肿,4,herb_symptom_knowledge.txt|symptom_herb_tcm_mesh.txt|symptom_herb_tcm_mesh_cooccur.txt|symptom_herb_tcm_mesh_long.txt
香加皮,腰膝酸软,1,symptom_herb_tcm_mesh_long.txt
香加皮,腹冷,1,symptom_herb_tcm_mesh_cooccur.txt
香加皮,腹痛,1,symptom_herb_tcm_mesh_cooccur.txt
香橼,呕吐,3,symptom_herb_tcm_mesh.txt|symptom_herb_tcm_mesh_cooccur.txt|symptom_herb_tcm_mesh_long.txt
香橼,咳嗽,5,herb_symptom_db_knowledge.txt|herb_symptom_knowledge.txt|symptom_herb_tcm_mesh.txt|symptom_herb_tcm_mesh_cooccur.txt|symptom_herb_tcm_mesh_long.txt
香橼,咳嗽痰多,1,symptom_herb_tcm_mesh_long.txt
香橼,痰多,1,symptom_herb_tcm_mesh_long.txt
香橼,瘰疬,1,symptom_herb_tcm_mesh_cooccur.txt
香橼,胁肋胀痛,1,symptom_herb_tcm_mesh_long.txt
香橼,胁胀,1,symptom_herb_tcm_mesh_long.txt
香橼,胸胁胀痛,1,symptom_herb_tcm_mesh_long.txt
香橼,胸腹满闷,1,symptom_herb_tcm_mesh_long.txt
香橼,脘腹痞满,1,symptom_herb_tcm_mesh_long.txt
香橼,腹满,5,herb_symptom_db_knowledge.txt|herb_symptom_knowledge.txt|symptom_herb_tcm_mesh.txt|symptom_herb_tcm_mesh_cooccur.txt|symptom_herb_tcm_mesh_long.txt
香茅,腹冷,1,herb_symptom_db_knowledge.txt
香茅,腹痛,1,symptom_herb_tcm_mesh_cooccur.txt
香薷,发热,1,symptom_herb_tcm_mesh_long.txt
香薷,呕吐,5,herb_symptom_db_knowledge.txt|herb_symptom_knowledge.txt|symptom_herb_tcm_mesh.txt|symptom_herb_tcm_mesh_cooccur.txt|symptom_herb_tcm_mesh_long.txt
香薷,头痛,5,herb_symptom_db_knowledge.txt|herb_symptom_knowledge.txt|symptom_herb_tcm_mesh.txt|symptom_herb_tcm_mesh_cooccur.txt|symptom_herb_tcm_mesh_long.txt
香薷,头痛无汗,1,symptom_herb_tcm_mesh_long.txt
香薷,小便,1,symptom_herb_tcm_mesh_long.txt
香薷,小便不利,5,herb_symptom_db_knowledge.txt|herb_symptom_knowledge.txt|symptom_herb_tcm_mesh.txt|symptom_herb_tcm_mesh_cooccur.txt|symptom_herb_tcm_mesh_long.txt
香薷,恶寒,5,herb_symptom_db_knowledge.txt|herb_symptom_knowledge.txt|symptom_herb_tcm_mesh.txt|symptom_herb_tcm_mesh_cooccur.txt|symptom_herb_tcm_mesh_long.txt
香薷,恶寒发热,5,herb_symptom_db_knowledge.txt|herb_symptom_knowledge.txt|symptom_herb_tcm_mesh.txt|symptom_herb_tcm_mesh_cooccur.txt|symptom_herb_tcm_mesh_long.txt
香薷,恶心,1,symptom_herb_tcm_mesh_cooccur.txt
香薷,无汗,5,herb_symptom_db_knowledge.txt|herb_symptom_knowledge.txt|symptom_herb_tcm_mesh.txt|symptom_herb_tcm_mesh_cooccur.txt|symptom_herb_tcm_mesh_long.txt
香薷,水肿,1,symptom_herb_tcm_mesh_long.txt
香薷,疼痛,1,symptom_herb_tcm_mesh_long.txt
香薷,胸闷,1,symptom_herb_tcm_mesh_cooccur.txt
香薷,腹泻,4,herb_symptom_db_knowledge.txt|herb_symptom_knowledge.txt|symptom_herb_tcm_mesh.txt|symptom_herb_tcm_mesh_cooccur.txt
香薷,腹痛,3,symptom_herb_tcm_mesh.txt|symptom_herb_tcm_mesh_cooccur.txt|symptom_herb_tcm_mesh_long.txt
香附,乳房胀痛,2,symptom_herb_tcm_mesh.txt|symptom_herb_tcm_mesh_cooccur.txt
香附,吞酸,5,herb_symptom_db_knowledge.txt|herb_symptom_knowledge.txt|symptom_herb_tcm_mesh.txt|symptom_herb_tcm_mesh_cooccur.txt|symptom_herb_tcm_mesh_long.txt
香附,呃逆,1,symptom_herb_tcm_mesh_cooccur.txt
香附,呕吐,1,symptom_herb_tcm_mesh_cooccur.txt
香附,呕恶,1,symptom_herb_tcm_mesh_long.txt
香附,咳嗽,1,symptom_herb_tcm_mesh_cooccur.txt
香附,嗳气,5,herb_symptom_db_knowledge.txt|herb_symptom_knowledge.txt|symptom_herb_tcm_mesh.txt|symptom_herb_tcm_mesh_cooccur.txt|symptom_herb_tcm_mesh_long.txt
香附,大便秘结,1,symptom_herb_tcm_mesh_cooccur.txt
香附,头痛,1,symptom_herb_tcm_mesh_cooccur.txt
香附,小儿痞块,1,symptom_herb_tcm_mesh_cooccur.txt
香附,崩漏,5,herb_symptom_db_knowledge.txt|herb_symptom_knowledge.txt|symptom_herb_tcm_mesh.txt|symptom_herb_tcm_mesh_cooccur.txt|symptom_herb_tcm_mesh_long.txt
香附,心烦,1,symptom_herb_tcm_mesh_cooccur.txt
香附,慢惊,1,symptom_herb_tcm_mesh_cooccur.txt
香附,无汗,1,symptom_herb_tcm_mesh_cooccur.txt
香附,月经不调,1,symptom_herb_tcm_mesh_long.txt
香附,气喘,1,symptom_herb_tcm_mesh_cooccur.txt
香附,消化不良,1,symptom_herb_tcm_mesh_long.txt
香附,漏下,1,symptom_herb_tcm_mesh_cooccur.txt
香附,潮热,1,symptom_herb_tcm_mesh_cooccur.txt
香附,疲乏,1,symptom_herb_tcm_mesh_cooccur.txt
香附,疼痛,1,symptom_herb_tcm_mesh_long.txt
香附,瘫痪,1,symptom_herb_tcm_mesh_cooccur.txt
香附,白带,1,symptom_herb_tcm_mesh_cooccur.txt
香附,积滞,1,symptom_herb_tcm_mesh_cooccur.txt
香附,经期延长,1,symptom_herb_tcm_mesh_cooccur.txt
香附,经行腹痛,4,herb_symptom_db_knowledge.txt|herb_symptom_knowledge.txt|symptom_herb_tcm_mesh.txt|symptom_herb_tcm_mesh_cooccur.txt
香附,胁肋胀痛,1,symptom_herb_tcm_mesh_long.txt
香附,胎动不安,4,herb_symptom_db_knowledge.txt|herb_symptom_knowledge.txt|symptom_herb_tcm_mesh.txt|symptom_herb_tcm_mesh_cooccur.txt
香附,胎水肿满,1,symptom_herb_tcm_mesh_cooccur.txt
香附,胸脘痞闷,1,symptom_herb_tcm_mesh_long.txt
香附,胸闷,1,symptom_herb_tcm_mesh_cooccur.txt
香附,脘腹痞满,1,symptom_herb_tcm_mesh_long.txt
香附,脘腹胀痛,1,symptom_herb_tcm_mesh_long.txt
香附,腰重,1,symptom_herb_tcm_mesh_cooccur.txt
香附,腹冷,1,symptom_herb_tcm_mesh_cooccur.txt
香附,腹泻,1,symptom_herb_tcm_mesh_cooccur.txt
香附,腹痛,5,herb_symptom_db_knowledge.txt|herb_symptom_knowledge.txt|symptom_herb_tcm_mesh.txt|symptom_herb_tcm_mesh_cooccur.txt|symptom_herb_tcm_mesh_long.txt
香附,腹胀,1,symptom_herb_tcm_mesh_long.txt
香附,腿肿痛,1,symptom_herb_tcm_mesh_cooccur.txt
香附,赤白带,1,symptom_herb_tcm_mesh_cooccur.txt
香附,里急后重,1,symptom_herb_tcm_mesh_cooccur.txt
香附,闭经,1,symptom_herb_tcm_mesh_cooccur.txt
香附,食欲不振,1,symptom_herb_tcm_mesh_cooccur.txt
马兜铃,咳嗽,5,herb_symptom_db_knowledge.txt|herb_symptom_knowledge.txt|symptom_herb_tcm_mesh.txt|symptom_herb_tcm_mesh_cooccur.txt|symptom_herb_tcm_mesh_long.txt
马兜铃,咳血,1,symptom_herb_tcm_mesh_cooccur.txt
马兜铃,头痛,1,symptom_herb_tcm_mesh_cooccur.txt
马兜铃,气喘,1,symptom_herb_tcm_mesh_cooccur.txt
马兜铃,水肿,1,symptom_herb_tcm_mesh_long.txt
马兜铃,牙痛,1,symptom_herb_tcm_mesh_cooccur.txt
马兜铃,痰中带血,1,symptom_herb_tcm_mesh_long.txt
马兜铃,胸痛,1,symptom_herb_tcm_mesh_cooccur.txt
马兜铃,身痛,1,symptom_herb_tcm_mesh_cooccur.txt
马兜铃,鼻塞,1,symptom_herb_tcm_mesh_cooccur.txt
马勃,丹毒,1,symptom_herb_tcm_mesh_cooccur.txt
马勃,出血,1,symptom_herb_tcm_mesh_long.txt
马勃,吐血,4,herb_symptom_db_knowledge.txt|herb_symptom_knowledge.txt|symptom_herb_tcm_mesh.txt|symptom_herb_tcm_mesh_cooccur.txt
马勃,吐血衄血,1,symptom_herb_tcm_mesh_long.txt
马勃,咳嗽,5,herb_symptom_db_knowledge.txt|herb_symptom_knowledge.txt|symptom_herb_tcm_mesh.txt|symptom_herb_tcm_mesh_cooccur.txt|symptom_herb_tcm_mesh_long.txt
马勃,咽喉肿痛,1,symptom_herb_tcm_mesh_long.txt
马勃,咽痛,1,symptom_herb_tcm_mesh_long.txt
马勃,衄血,1,symptom_herb_tcm_mesh_long.txt
马勃,音哑,1,symptom_herb_tcm_mesh_long.txt
马勃,鼻衄,2,symptom_herb_tcm_mesh.txt|symptom_herb_tcm_mesh_cooccur.txt
马宝,吐血,4,herb_symptom_db_knowledge.txt|herb_symptom_knowledge.txt|symptom_herb_tcm_mesh.txt|symptom_herb_tcm_mesh_cooccur.txt
马宝,吐血衄血,1,symptom_herb_tcm_mesh_long.txt
马宝,咳嗽,5,herb_symptom_db_knowledge.txt|herb_symptom_knowledge.txt|symptom_herb_tcm_mesh.txt|symptom_herb_tcm_mesh_cooccur.txt|symptom_herb_tcm_mesh_long.txt
马宝,痫,4,herb_symptom_db_knowledge.txt|herb_symptom_knowledge.txt|symptom_herb_tcm_mesh.txt|symptom_herb_tcm_mesh_cooccur.txt
马宝,神昏,5,herb_symptom_db_knowledge.txt|herb_symptom_knowledge.txt|symptom_herb_tcm_mesh.txt|symptom_herb_tcm_mesh_cooccur.txt|symptom_herb_tcm_mesh_long.txt
马宝,衄血,1,symptom_herb_tcm_mesh_long.txt
马蔺子,便血,1,herb_symptom_db_knowledge.txt
马蔺子,吐血,1,herb_symptom_db_knowledge.txt
马蔺子,小便不利,1,herb_symptom_db_knowledge.txt
马蔺子,崩漏,1,herb_symptom_db_knowledge.txt
马蔺子,牙痛,1,herb_symptom_db_knowledge.txt
马蔺子,瘰疬,1,herb_symptom_db_knowledge.txt
马钱,丹毒,1,symptom_herb_tcm_mesh_cooccur.txt
马钱,四肢麻木,1,symptom_herb_tcm_mesh_cooccur.txt
马钱,头晕,1,symptom_herb_tcm_mesh_cooccur.txt
马钱,恶心,1,symptom_herb_tcm_mesh_cooccur.txt
马钱,瘫痪,1,symptom_herb_tcm_mesh_cooccur.txt
马钱,胸闷,1,symptom_herb_tcm_mesh_cooccur.txt
马钱,腰痛,1,symptom_herb_tcm_mesh_cooccur.txt
马钱,臂痛,1,symptom_herb_tcm_mesh_cooccur.txt
马钱子,丹毒,1,symptom_herb_tcm_mesh_cooccur.txt
马钱子,四肢麻木,1,symptom_herb_tcm_mesh_cooccur.txt
马钱子,头晕,1,symptom_herb_tcm_mesh_cooccur.txt
马钱子,恶心,1,symptom_herb_tcm_mesh_cooccur.txt
马钱子,牙痛,1,herb_symptom_db_knowledge.txt
马钱子,瘫痪,4,herb_symptom_db_knowledge.txt|herb_symptom_knowledge.txt|symptom_herb_tcm_mesh.txt|symptom_herb_tcm_mesh_cooccur.txt
马钱子,胸闷,1,symptom_herb_tcm_mesh_cooccur.txt
马钱子,腰痛,1,symptom_herb_tcm_mesh_cooccur.txt
马钱子,臂痛,1,symptom_herb_tcm_mesh_cooccur.txt
马钱子,麻木,1,symptom_herb_tcm_mesh_long.txt
马鞭草,发热,1,symptom_herb_tcm_mesh_long.txt
马鞭草,吐血,1,symptom_herb_tcm_mesh_cooccur.txt
马鞭草,咽喉肿痛,1,symptom_herb_tcm_mesh_long.txt
马鞭草,头晕,1,symptom_herb_tcm_mesh_cooccur.txt
马鞭草,头痛,1,symptom_herb_tcm_mesh_cooccur.txt
马鞭草,小便,1,symptom_herb_tcm_mesh_long.txt
马鞭草,小便不利,5,herb_symptom_db_knowledge.txt|herb_symptom_knowledge.txt|symptom_herb_tcm_mesh.txt|symptom_herb_tcm_mesh_cooccur.txt|symptom_herb_tcm_mesh_long.txt
马鞭草,水肿,1,symptom_herb_tcm_mesh_long.txt
马鞭草,牙龈肿痛,5,herb_symptom_db_knowledge.txt|herb_symptom_knowledge.txt|symptom_herb_tcm_mesh.txt|symptom_herb_tcm_mesh_cooccur.txt|symptom_herb_tcm_mesh_long.txt
马齿苋,丹毒,4,herb_symptom_db_knowledge.txt|herb_symptom_knowledge.txt|symptom_herb_tcm_mesh.txt|symptom_herb_tcm_mesh_cooccur.txt
马齿苋,便血,3,symptom_herb_tcm_mesh.txt|symptom_herb_tcm_mesh_cooccur.txt|symptom_herb_tcm_mesh_long.txt
马齿苋,崩漏,5,herb_symptom_db_knowledge.txt|herb_symptom_knowledge.txt|symptom_herb_tcm_mesh.txt|symptom_herb_tcm_mesh_cooccur.txt|symptom_herb_tcm_mesh_long.txt
马齿苋,漏下,2,symptom_herb_tcm_mesh.txt|symptom_herb_tcm_mesh_cooccur.txt
马齿苋,瘰疬,4,herb_symptom_db_knowledge.txt|herb_symptom_knowledge.txt|symptom_herb_tcm_mesh.txt|symptom_herb_tcm_mesh_cooccur.txt
马齿苋,白带,4,herb_symptom_db_knowledge.txt|herb_symptom_knowledge.txt|symptom_herb_tcm_mesh.txt|symptom_herb_tcm_mesh_cooccur.txt
马齿苋,赤白带,4,herb_symptom_db_knowledge.txt|herb_symptom_knowledge.txt|symptom_herb_tcm_mesh.txt|symptom_herb_tcm_mesh_cooccur.txt
骨碎补,关节疼痛,1,symptom_herb_tcm_mesh_cooccur.txt
骨碎补,四肢麻木,1,symptom_herb_tcm_mesh_cooccur.txt
骨碎补,恶风,1,symptom_herb_tcm_mesh_cooccur.txt
骨碎补,牙痛,4,herb_symptom_db_knowledge.txt|herb_symptom_knowledge.txt|symptom_herb_tcm_mesh.txt|symptom_herb_tcm_mesh_cooccur.txt
骨碎补,牙齿松动,1,symptom_herb_tcm_mesh_long.txt
骨碎补,瘫痪,1,symptom_herb_tcm_mesh_cooccur.txt
骨碎补,耳聋,5,herb_symptom_db_knowledge.txt|herb_symptom_knowledge.txt|symptom_herb_tcm_mesh.txt|symptom_herb_tcm_mesh_cooccur.txt|symptom_herb_tcm_mesh_long.txt
骨碎补,耳鸣,1,symptom_herb_tcm_mesh_long.txt
骨碎补,耳鸣耳聋,1,symptom_herb_tcm_mesh_long.txt
骨碎补,腰痛,5,herb_symptom_db_knowledge.txt|herb_symptom_knowledge.txt|symptom_herb_tcm_mesh.txt|symptom_herb_tcm_mesh_cooccur.txt|symptom_herb_tcm_mesh_long.txt
骨碎补,遗尿,4,herb_symptom_db_knowledge.txt|herb_symptom_knowledge.txt|symptom_herb_tcm_mesh.txt|symptom_herb_tcm_mesh_cooccur.txt
高良姜,吞酸,3,symptom_herb_tcm_mesh.txt|symptom_herb_tcm_mesh_cooccur.txt|symptom_herb_tcm_mesh_long.txt
高良姜,呕吐,5,herb_symptom_db_knowledge.txt|herb_symptom_knowledge.txt|symptom_herb_tcm_mesh.txt|symptom_herb_tcm_mesh_cooccur.txt|symptom_herb_tcm_mesh_long.txt
高良姜,嗳气,3,symptom_herb_tcm_mesh.txt|symptom_herb_tcm_mesh_cooccur.txt|symptom_herb_tcm_mesh_long.txt
高良姜,四肢麻木,1,symptom_herb_tcm_mesh_cooccur.txt
高良姜,脘腹冷痛,1,symptom_herb_tcm_mesh_long.txt
高良姜,腹冷,5,herb_symptom_db_knowledge.txt|herb_symptom_knowledge.txt|symptom_herb_tcm_mesh.txt|symptom_herb_tcm_mesh_cooccur.txt|symptom_herb_tcm_mesh_long.txt
高良姜,腹痛,1,symptom_herb_tcm_mesh_cooccur.txt
鬼箭羽,崩中,1,herb_symptom_db_knowledge.txt
鬼箭羽,恶露不下,1,herb_symptom_db_knowledge.txt
鬼箭羽,漏下,1,herb_symptom_db_knowledge.txt
鬼箭羽,腹痛,1,herb_symptom_db_knowledge.txt
鬼箭羽,闭经,1,herb_symptom_db_knowledge.txt
鬼针草,腹泻,1,symptom_herb_tcm_mesh_cooccur.txt
鱼腥草,咳嗽,1,symptom_herb_tcm_mesh_cooccur.txt
鱼腥草,头痛,1,symptom_herb_tcm_mesh_cooccur.txt
鱼腥草,恶寒,1,symptom_herb_tcm_mesh_cooccur.txt
鱼腥草,鼻塞,1,symptom_herb_tcm_mesh_cooccur.txt
鲜地黄,便血,1,herb_symptom_db_knowledge.txt
鲜地黄,吐血,4,herb_symptom_db_knowledge.txt|herb_symptom_knowledge.txt|symptom_herb_tcm_mesh.txt|symptom_herb_tcm_mesh_cooccur.txt
鲜地黄,吐血、衄血,1,symptom_herb_tcm_mesh_long.txt
鲜地黄,咳嗽,1,herb_symptom_db_knowledge.txt
鲜地黄,咽喉肿痛,1,symptom_herb_tcm_mesh_long.txt
鲜地黄,崩漏,1,herb_symptom_db_knowledge.txt
鲜地黄,烦渴,1,symptom_herb_tcm_mesh_long.txt
鲜地黄,神昏,1,herb_symptom_db_knowledge.txt
鲜地黄,衄血,1,symptom_herb_tcm_mesh_long.txt
鳖甲,低热,1,symptom_herb_tcm_mesh_cooccur.txt
鳖甲,发热,1,symptom_herb_tcm_mesh_long.txt
鳖甲,崩漏,1,symptom_herb_tcm_mesh_cooccur.txt
鳖甲,消瘦,1,symptom_herb_tcm_mesh_cooccur.txt
鳖甲,潮热,1,symptom_herb_tcm_mesh_cooccur.txt
鳖甲,疲乏,1,symptom_herb_tcm_mesh_cooccur.txt
鳖甲,痫,4,herb_symptom_db_knowledge.txt|herb_symptom_knowledge.txt|symptom_herb_tcm_mesh.txt|symptom_herb_tcm_mesh_cooccur.txt
鳖甲,白带,1,symptom_herb_tcm_mesh_cooccur.txt
鳖甲,闭经,1,symptom_herb_tcm_mesh_cooccur.txt
鳖甲胶,咳血,4,herb_symptom_db_knowledge.txt|herb_symptom_knowledge.txt|symptom_herb_tcm_mesh.txt|symptom_herb_tcm_mesh_cooccur.txt
鳖甲胶,潮热,5,herb_symptom_db_knowledge.txt|herb_symptom_knowledge.txt|symptom_herb_tcm_mesh.txt|symptom_herb_tcm_mesh_cooccur.txt|symptom_herb_tcm_mesh_long.txt
鸡内金,反胃,5,herb_symptom_db_knowledge.txt|herb_symptom_knowledge.txt|symptom_herb_tcm_mesh.txt|symptom_herb_tcm_mesh_cooccur.txt|symptom_herb_tcm_mesh_long.txt
鸡内金,呕吐,5,herb_symptom_db_knowledge.txt|herb_symptom_knowledge.txt|symptom_herb_tcm_mesh.txt|symptom_herb_tcm_mesh_cooccur.txt|symptom_herb_tcm_mesh_long.txt
鸡内金,小便,1,symptom_herb_tcm_mesh_long.txt
鸡内金,小便频数,5,herb_symptom_db_knowledge.txt|herb_symptom_knowledge.txt|symptom_herb_tcm_mesh.txt|symptom_herb_tcm_mesh_cooccur.txt|symptom_herb_tcm_mesh_long.txt
鸡内金,小儿遗尿,1,symptom_herb_tcm_mesh_cooccur.txt
鸡内金,消化不良,1,symptom_herb_tcm_mesh_long.txt
鸡内金,疳积,4,herb_symptom_db_knowledge.txt|herb_symptom_knowledge.txt|symptom_herb_tcm_mesh.txt|symptom_herb_tcm_mesh_cooccur.txt
鸡内金,积滞,4,herb_symptom_db_knowledge.txt|herb_symptom_knowledge.txt|symptom_herb_tcm_mesh.txt|symptom_herb_tcm_mesh_cooccur.txt
鸡内金,腹痛,1,symptom_herb_tcm_mesh_cooccur.txt
鸡内金,遗尿,4,herb_symptom_db_knowledge.txt|herb_symptom_knowledge.txt|symptom_herb_tcm_mesh.txt|symptom_herb_tcm_mesh_cooccur.txt
鸡内金,遗精,1,symptom_herb_tcm_mesh_long.txt
鸡内金,食欲不振,1,symptom_herb_tcm_mesh_cooccur.txt
鸡冠花,便血,3,symptom_herb_tcm_mesh.txt|symptom_herb_tcm_mesh_cooccur.txt|symptom_herb_tcm_mesh_long.txt
鸡冠花,吐血,4,herb_symptom_db_knowledge.txt|herb_symptom_knowledge.txt|symptom_herb_tcm_mesh.txt|symptom_herb_tcm_mesh_cooccur.txt
鸡冠花,咳血,4,herb_symptom_db_knowledge.txt|herb_symptom_knowledge.txt|symptom_herb_tcm_mesh.txt|symptom_herb_tcm_mesh_cooccur.txt
鸡冠花,崩中,4,herb_symptom_db_knowledge.txt|herb_symptom_knowledge.txt|symptom_herb_tcm_mesh.txt|symptom_herb_tcm_mesh_cooccur.txt
鸡冠花,崩漏,3,symptom_herb_tcm_mesh.txt|symptom_herb_tcm_mesh_cooccur.txt|symptom_herb_tcm_mesh_long.txt
鸡冠花,漏下,4,herb_symptom_db_knowledge.txt|herb_symptom_knowledge.txt|symptom_herb_tcm_mesh.txt|symptom_herb_tcm_mesh_cooccur.txt
鸡冠花,疲乏,1,symptom_herb_tcm_mesh_cooccur.txt
鸡冠花,白带,4,herb_symptom_db_knowledge.txt|herb_symptom_knowledge.txt|symptom_herb_tcm_mesh.txt|symptom_herb_tcm_mesh_cooccur.txt
鸡冠花,赤白带,4,herb_symptom_db_knowledge.txt|herb_symptom_knowledge.txt|symptom_herb_tcm_mesh.txt|symptom_herb_tcm_mesh_cooccur.txt
鸡子,口渴,1,herb_symptom_db_knowledge.txt
鸡子,咽痛,1,symptom_herb_tcm_mesh_long.txt
鸡子,目赤,1,symptom_herb_tcm_mesh_long.txt
鸡子,胎动不安,1,herb_symptom_db_knowledge.txt
鸡子黄,吐血,4,herb_symptom_db_knowledge.txt|herb_symptom_knowledge.txt|symptom_herb_tcm_mesh.txt|symptom_herb_tcm_mesh_cooccur.txt
鸡子黄,心烦,5,herb_symptom_db_knowledge.txt|herb_symptom_knowledge.txt|symptom_herb_tcm_mesh.txt|symptom_herb_tcm_mesh_cooccur.txt|symptom_herb_tcm_mesh_long.txt
鸡子黄,心烦不得眠,1,symptom_herb_tcm_mesh_long.txt
鸡子黄,消化不良,1,symptom_herb_tcm_mesh_long.txt
鸡眼草,发热,1,symptom_herb_tcm_mesh_long.txt
鸡眼草,白带,4,herb_symptom_db_knowledge.txt|herb_symptom_knowledge.txt|symptom_herb_tcm_mesh.txt|symptom_herb_tcm_mesh_cooccur.txt
鸡眼草,衄血,1,symptom_herb_tcm_mesh_long.txt
鸡眼草,赤白带,4,herb_symptom_db_knowledge.txt|herb_symptom_knowledge.txt|symptom_herb_tcm_mesh.txt|symptom_herb_tcm_mesh_cooccur.txt
鸡矢藤,疼痛,1,symptom_herb_tcm_mesh_long.txt
鸡矢藤,腹泻,3,herb_symptom_knowledge.txt|symptom_herb_tcm_mesh.txt|symptom_herb_tcm_mesh_cooccur.txt
鸡矢藤,腹痛,4,herb_symptom_knowledge.txt|symptom_herb_tcm_mesh.txt|symptom_herb_tcm_mesh_cooccur.txt|symptom_herb_tcm_mesh_long.txt
鸡血藤,半身不遂,1,symptom_herb_tcm_mesh_cooccur.txt
鸡血藤,四肢麻木,1,symptom_herb_tcm_mesh_cooccur.txt
鸡血藤,崩漏,1,symptom_herb_tcm_mesh_cooccur.txt
鸡血藤,手足麻木,1,symptom_herb_tcm_mesh_long.txt
鸡血藤,月经不调,1,symptom_herb_tcm_mesh_long.txt
鸡血藤,漏下,1,symptom_herb_tcm_mesh_cooccur.txt
鸡血藤,潮热,1,symptom_herb_tcm_mesh_cooccur.txt
鸡血藤,疲乏,1,symptom_herb_tcm_mesh_cooccur.txt
鸡血藤,瘫痪,4,herb_symptom_db_knowledge.txt|herb_symptom_knowledge.txt|symptom_herb_tcm_mesh.txt|symptom_herb_tcm_mesh_cooccur.txt
鸡血藤,白带,1,symptom_herb_tcm_mesh_cooccur.txt
鸡血藤,腹痛,1,symptom_herb_tcm_mesh_cooccur.txt
鸡血藤,赤白带,1,symptom_herb_tcm_mesh_cooccur.txt
鸡血藤,闭经,5,herb_symptom_db_knowledge.txt|herb_symptom_knowledge.txt|symptom_herb_tcm_mesh.txt|symptom_herb_tcm_mesh_cooccur.txt|symptom_herb_tcm_mesh_long.txt
鸡血藤,麻木,1,symptom_herb_tcm_mesh_long.txt
鸡骨草,胃痛,1,herb_symptom_db_knowledge.txt
鸡骨草,胃脘胀痛,1,symptom_herb_tcm_mesh_long.txt
鸡骨草,骨痛,1,herb_symptom_db_knowledge.txt
鸦胆子,白带,1,herb_symptom_db_knowledge.txt
鸦胆子,阴痒,1,herb_symptom_db_knowledge.txt
鸭跖草,发热,1,symptom_herb_tcm_mesh_long.txt
鸭跖草,咽喉肿痛,1,symptom_herb_tcm_mesh_long.txt
鸭跖草,小便,1,symptom_herb_tcm_mesh_long.txt
鸭跖草,尿少,1,symptom_herb_tcm_mesh_long.txt
鸭跖草,水肿,1,symptom_herb_tcm_mesh_long.txt
鸭跖草,高热,1,symptom_herb_tcm_mesh_long.txt
鹅不食草,咳嗽,5,herb_symptom_db_knowledge.txt|herb_symptom_knowledge.txt|symptom_herb_tcm_mesh.txt|symptom_herb_tcm_mesh_cooccur.txt|symptom_herb_tcm_mesh_long.txt
鹅不食草,咳嗽痰多,1,symptom_herb_tcm_mesh_long.txt
鹅不食草,头痛,5,herb_symptom_db_knowledge.txt|herb_symptom_knowledge.txt|symptom_herb_tcm_mesh.txt|symptom_herb_tcm_mesh_cooccur.txt|symptom_herb_tcm_mesh_long.txt
鹅不食草,流涕,1,symptom_herb_tcm_mesh_long.txt
鹅不食草,痰多,1,symptom_herb_tcm_mesh_long.txt
鹅不食草,耳聋,1,herb_symptom_db_knowledge.txt
鹅不食草,鼻塞,4,herb_symptom_knowledge.txt|symptom_herb_tcm_mesh.txt|symptom_herb_tcm_mesh_cooccur.txt|symptom_herb_tcm_mesh_long.txt
鹤虱,疳积,2,symptom_herb_tcm_mesh.txt|symptom_herb_tcm_mesh_cooccur.txt
鹤虱,腹痛,3,symptom_herb_tcm_mesh.txt|symptom_herb_tcm_mesh_cooccur.txt|symptom_herb_tcm_mesh_long.txt
鹤虱,食欲不振,1,symptom_herb_tcm_mesh_cooccur.txt
鹿茸,不孕,4,herb_symptom_db_knowledge.txt|herb_symptom_knowledge.txt|symptom_herb_tcm_mesh.txt|symptom_herb_tcm_mesh_cooccur.txt
鹿茸,健忘,1,symptom_herb_tcm_mesh_cooccur.txt
鹿茸,吐血,1,symptom_herb_tcm_mesh_cooccur.txt
鹿茸,咳嗽,1,symptom_herb_tcm_mesh_cooccur.txt
鹿茸,崩漏,5,herb_symptom_db_knowledge.txt|herb_symptom_knowledge.txt|symptom_herb_tcm_mesh.txt|symptom_herb_tcm_mesh_cooccur.txt|symptom_herb_tcm_mesh_long.txt
鹿茸,心悸,1,symptom_herb_tcm_mesh_cooccur.txt
鹿茸,漏下,1,symptom_herb_tcm_mesh_cooccur.txt
鹿茸,潮热,1,symptom_herb_tcm_mesh_cooccur.txt
鹿茸,畏寒,5,herb_symptom_db_knowledge.txt|herb_symptom_knowledge.txt|symptom_herb_tcm_mesh.txt|symptom_herb_tcm_mesh_cooccur.txt|symptom_herb_tcm_mesh_long.txt
鹿茸,疲乏,1,symptom_herb_tcm_mesh_cooccur.txt
鹿茸,白带,1,symptom_herb_tcm_mesh_cooccur.txt
鹿茸,盗汗,1,symptom_herb_tcm_mesh_cooccur.txt
鹿茸,眩晕,1,symptom_herb_tcm_mesh_long.txt
鹿茸,眩晕耳鸣,1,symptom_herb_tcm_mesh_long.txt
鹿茸,神疲,1,symptom_herb_tcm_mesh_long.txt
鹿茸,筋骨痿软,1,symptom_herb_tcm_mesh_long.txt
鹿茸,耳聋,5,herb_symptom_db_knowledge.txt|herb_symptom_knowledge.txt|symptom_herb_tcm_mesh.txt|symptom_herb_tcm_mesh_cooccur.txt|symptom_herb_tcm_mesh_long.txt
鹿茸,耳鸣,1,symptom_herb_tcm_mesh_long.txt
鹿茸,耳鸣耳聋,1,symptom_herb_tcm_mesh_long.txt
鹿茸,腰痛,1,symptom_herb_tcm_mesh_cooccur.txt
鹿茸,腰背,1,symptom_herb_tcm_mesh_long.txt
鹿茸,腹痛,1,symptom_herb_tcm_mesh_cooccur.txt
鹿茸,赤白带,1,symptom_herb_tcm_mesh_cooccur.txt
鹿茸,阳痿,1,symptom_herb_tcm_mesh_long.txt
鹿茸草,咳嗽,1,symptom_herb_tcm_mesh_long.txt
鹿茸草,心中烦热,1,symptom_herb_tcm_mesh_long.txt
鹿茸草,烦热,1,symptom_herb_tcm_mesh_long.txt
鹿衔草,吐血,1,herb_symptom_db_knowledge.txt
鹿衔草,咳嗽,1,herb_symptom_db_knowledge.txt
鹿衔草,崩漏,1,herb_symptom_db_knowledge.txt
鹿衔草,月经过多,4,herb_symptom_knowledge.txt|symptom_herb_tcm_mesh.txt|symptom_herb_tcm_mesh_cooccur.txt|symptom_herb_tcm_mesh_long.txt
鹿衔草,腰痛,1,herb_symptom_db_knowledge.txt
鹿衔草,腰膝无力,4,herb_symptom_knowledge.txt|symptom_herb_tcm_mesh.txt|symptom_herb_tcm_mesh_cooccur.txt|symptom_herb_tcm_mesh_long.txt
鹿角,便血,1,symptom_herb_tcm_mesh_cooccur.txt
鹿角,健忘,1,symptom_herb_tcm_mesh_cooccur.txt
鹿角,初起,1,symptom_herb_tcm_mesh_long.txt
鹿角,头晕,1,symptom_herb_tcm_mesh_cooccur.txt
鹿角,尿血,1,symptom_herb_tcm_mesh_cooccur.txt
鹿角,尿频,1,symptom_herb_tcm_mesh_long.txt
鹿角,崩漏,5,herb_symptom_db_knowledge.txt|herb_symptom_knowledge.txt|symptom_herb_tcm_mesh.txt|symptom_herb_tcm_mesh_cooccur.txt|symptom_herb_tcm_mesh_long.txt
鹿角,漏下,1,symptom_herb_tcm_mesh_cooccur.txt
鹿角,潮热,1,symptom_herb_tcm_mesh_cooccur.txt
鹿角,疲乏,1,symptom_herb_tcm_mesh_cooccur.txt
鹿角,疼痛,1,symptom_herb_tcm_mesh_long.txt
鹿角,白带,4,herb_symptom_db_knowledge.txt|herb_symptom_knowledge.txt|symptom_herb_tcm_mesh.txt|symptom_herb_tcm_mesh_cooccur.txt
鹿角,盗汗,1,symptom_herb_tcm_mesh_cooccur.txt
鹿角,腰痛,1,symptom_herb_tcm_mesh_cooccur.txt
鹿角,腹痛,1,symptom_herb_tcm_mesh_cooccur.txt
鹿角,赤白带,1,symptom_herb_tcm_mesh_cooccur.txt
鹿角,遗精,1,symptom_herb_tcm_mesh_long.txt
鹿角,阳痿,1,symptom_herb_tcm_mesh_long.txt
鹿角,阳痿遗精,1,symptom_herb_tcm_mesh_long.txt
鹿角胶,不孕,4,herb_symptom_db_knowledge.txt|herb_symptom_knowledge.txt|symptom_herb_tcm_mesh.txt|symptom_herb_tcm_mesh_cooccur.txt
鹿角胶,便血,3,symptom_herb_tcm_mesh.txt|symptom_herb_tcm_mesh_cooccur.txt|symptom_herb_tcm_mesh_long.txt
鹿角胶,健忘,1,symptom_herb_tcm_mesh_cooccur.txt
鹿角胶,吐血,4,herb_symptom_db_knowledge.txt|herb_symptom_knowledge.txt|symptom_herb_tcm_mesh.txt|symptom_herb_tcm_mesh_cooccur.txt
鹿角胶,头晕,5,herb_symptom_db_knowledge.txt|herb_symptom_knowledge.txt|symptom_herb_tcm_mesh.txt|symptom_herb_tcm_mesh_cooccur.txt|symptom_herb_tcm_mesh_long.txt
鹿角胶,头晕耳鸣,1,symptom_herb_tcm_mesh_long.txt
鹿角胶,尿血,3,symptom_herb_tcm_mesh.txt|symptom_herb_tcm_mesh_cooccur.txt|symptom_herb_tcm_mesh_long.txt
鹿角胶,崩漏,5,herb_symptom_db_knowledge.txt|herb_symptom_knowledge.txt|symptom_herb_tcm_mesh.txt|symptom_herb_tcm_mesh_cooccur.txt|symptom_herb_tcm_mesh_long.txt
鹿角胶,漏下,2,symptom_herb_tcm_mesh.txt|symptom_herb_tcm_mesh_cooccur.txt
鹿角胶,疲乏,1,symptom_herb_tcm_mesh_cooccur.txt
鹿角胶,白带,1,symptom_herb_tcm_mesh_cooccur.txt
鹿角胶,盗汗,1,symptom_herb_tcm_mesh_cooccur.txt
鹿角胶,耳鸣,1,symptom_herb_tcm_mesh_long.txt
鹿角胶,胎动不安,4,herb_symptom_db_knowledge.txt|herb_symptom_knowledge.txt|symptom_herb_tcm_mesh.txt|symptom_herb_tcm_mesh_cooccur.txt
鹿角胶,腰痛,1,symptom_herb_tcm_mesh_cooccur.txt
鹿角胶,腰膝酸软,1,symptom_herb_tcm_mesh_long.txt
鹿角胶,衄血,1,symptom_herb_tcm_mesh_long.txt
鹿角胶,遗精,1,symptom_herb_tcm_mesh_long.txt
鹿角胶,阳痿,1,symptom_herb_tcm_mesh_long.txt
鹿角胶,阳痿遗精,1,symptom_herb_tcm_mesh_long.txt
鹿角霜,便溏,1,symptom_herb_tcm_mesh_long.txt
鹿角霜,出血,1,symptom_herb_tcm_mesh_long.txt
鹿角霜,头晕,1,symptom_herb_tcm_mesh_cooccur.txt
鹿角霜,尿频,1,symptom_herb_tcm_mesh_long.txt
鹿角霜,崩漏,5,herb_symptom_db_knowledge.txt|herb_symptom_knowledge.txt|symptom_herb_tcm_mesh.txt|symptom_herb_tcm_mesh_cooccur.txt|symptom_herb_tcm_mesh_long.txt
鹿角霜,漏下,1,symptom_herb_tcm_mesh_cooccur.txt
鹿角霜,潮热,1,symptom_herb_tcm_mesh_cooccur.txt
鹿角霜,疲乏,1,symptom_herb_tcm_mesh_cooccur.txt
鹿角霜,白带,1,symptom_herb_tcm_mesh_cooccur.txt
鹿角霜,腹痛,1,symptom_herb_tcm_mesh_cooccur.txt
鹿角霜,赤白带,1,symptom_herb_tcm_mesh_cooccur.txt
鹿角霜,遗尿,4,herb_symptom_db_knowledge.txt|herb_symptom_knowledge.txt|symptom_herb_tcm_mesh.txt|symptom_herb_tcm_mesh_cooccur.txt
鹿角霜,遗精,1,symptom_herb_tcm_mesh_long.txt
鹿角霜,阳痿,1,symptom_herb_tcm_mesh_long.txt
鹿角霜,阳痿遗精,1,symptom_herb_tcm_mesh_long.txt
鹿角霜,食少,1,symptom_herb_tcm_mesh_long.txt
鹿角霜,食少便溏,1,symptom_herb_tcm_mesh_long.txt
麝香,不孕,1,symptom_herb_tcm_mesh_cooccur.txt
麝香,半身不遂,1,symptom_herb_tcm_mesh_cooccur.txt
麝香,呕吐,1,symptom_herb_tcm_mesh_cooccur.txt
麝香,咳嗽,1,symptom_herb_tcm_mesh_cooccur.txt
麝香,咽喉肿痛,1,symptom_herb_tcm_mesh_long.txt
麝香,大便秘结,1,symptom_herb_tcm_mesh_cooccur.txt
麝香,头昏,1,symptom_herb_tcm_mesh_cooccur.txt
麝香,头晕,1,symptom_herb_tcm_mesh_cooccur.txt
麝香,头痛,1,symptom_herb_tcm_mesh_cooccur.txt
麝香,心烦,1,symptom_herb_tcm_mesh_cooccur.txt
麝香,急惊,1,symptom_herb_tcm_mesh_cooccur.txt
麝香,恶寒,1,symptom_herb_tcm_mesh_cooccur.txt
麝香,恶心,1,symptom_herb_tcm_mesh_cooccur.txt
麝香,昏迷,1,symptom_herb_tcm_mesh_long.txt
麝香,气喘,1,symptom_herb_tcm_mesh_cooccur.txt
麝香,烦躁,1,symptom_herb_tcm_mesh_cooccur.txt
麝香,牙痛,1,symptom_herb_tcm_mesh_cooccur.txt
麝香,痫,1,symptom_herb_tcm_mesh_cooccur.txt
麝香,瘫痪,1,symptom_herb_tcm_mesh_cooccur.txt
麝香,瘰疬,2,symptom_herb_tcm_mesh.txt|symptom_herb_tcm_mesh_cooccur.txt
麝香,神昏,3,symptom_herb_tcm_mesh.txt|symptom_herb_tcm_mesh_cooccur.txt|symptom_herb_tcm_mesh_long.txt
麝香,耳聋,1,symptom_herb_tcm_mesh_cooccur.txt
麝香,胃痛,1,symptom_herb_tcm_mesh_cooccur.txt
麝香,胸闷,1,symptom_herb_tcm_mesh_cooccur.txt
麝香,腹冷,1,symptom_herb_tcm_mesh_cooccur.txt
麝香,腹泻,1,symptom_herb_tcm_mesh_cooccur.txt
麝香,腹痛,1,symptom_herb_tcm_mesh_cooccur.txt
麝香,舌强,1,symptom_herb_tcm_mesh_cooccur.txt
麝香,谵语,1,symptom_herb_tcm_mesh_cooccur.txt
麝香,难产,2,symptom_herb_tcm_mesh.txt|symptom_herb_tcm_mesh_cooccur.txt
麝香,麻木,1,symptom_herb_tcm_mesh_long.txt
麝香,鼻塞,1,symptom_herb_tcm_mesh_cooccur.txt
麦冬,五心烦热,1,symptom_herb_tcm_mesh_cooccur.txt
麦冬,便秘,1,symptom_herb_tcm_mesh_long.txt
麦冬,健忘,1,symptom_herb_tcm_mesh_cooccur.txt
麦冬,关节疼痛,1,symptom_herb_tcm_mesh_cooccur.txt
麦冬,半身不遂,1,symptom_herb_tcm_mesh_cooccur.txt
麦冬,口渴,4,herb_symptom_knowledge.txt|symptom_herb_tcm_mesh.txt|symptom_herb_tcm_mesh_cooccur.txt|symptom_herb_tcm_mesh_long.txt
麦冬,呃逆,1,symptom_herb_tcm_mesh_cooccur.txt
麦冬,呕吐,1,symptom_herb_tcm_mesh_cooccur.txt
麦冬,咳嗽,4,herb_symptom_knowledge.txt|symptom_herb_tcm_mesh.txt|symptom_herb_tcm_mesh_cooccur.txt|symptom_herb_tcm_mesh_long.txt
麦冬,咳痰,1,symptom_herb_tcm_mesh_cooccur.txt
麦冬,咳血,1,symptom_herb_tcm_mesh_cooccur.txt
麦冬,咽干,1,symptom_herb_tcm_mesh_cooccur.txt
麦冬,喉痒,1,symptom_herb_tcm_mesh_cooccur.txt
麦冬,夏季热,1,symptom_herb_tcm_mesh_cooccur.txt
麦冬,多梦,1,symptom_herb_tcm_mesh_cooccur.txt
麦冬,大便秘结,1,symptom_herb_tcm_mesh_cooccur.txt
麦冬,失眠,1,symptom_herb_tcm_mesh_long.txt
麦冬,头痛,1,symptom_herb_tcm_mesh_cooccur.txt
麦冬,崩漏,1,symptom_herb_tcm_mesh_cooccur.txt
麦冬,心悸,1,symptom_herb_tcm_mesh_cooccur.txt
麦冬,心烦,4,herb_symptom_knowledge.txt|symptom_herb_tcm_mesh.txt|symptom_herb_tcm_mesh_cooccur.txt|symptom_herb_tcm_mesh_long.txt
麦冬,心烦失眠,1,symptom_herb_tcm_mesh_long.txt
麦冬,潮热,1,symptom_herb_tcm_mesh_cooccur.txt
麦冬,烦躁,1,symptom_herb_tcm_mesh_cooccur.txt
麦冬,痫,1,symptom_herb_tcm_mesh_cooccur.txt
麦冬,盗汗,1,symptom_herb_tcm_mesh_cooccur.txt
麦冬,耳聋,1,symptom_herb_tcm_mesh_cooccur.txt
麦冬,胁痛,1,symptom_herb_tcm_mesh_cooccur.txt
麦冬,胸痛,1,symptom_herb_tcm_mesh_cooccur.txt
麦冬,胸闷,1,symptom_herb_tcm_mesh_cooccur.txt
麦冬,自汗,1,symptom_herb_tcm_mesh_cooccur.txt
麦冬,闭经,1,symptom_herb_tcm_mesh_cooccur.txt
麦冬,鼻干,1,symptom_herb_tcm_mesh_cooccur.txt
麦芽,乳房胀痛,4,herb_symptom_db_knowledge.txt|herb_symptom_knowledge.txt|symptom_herb_tcm_mesh.txt|symptom_herb_tcm_mesh_cooccur.txt
麦芽,健忘,1,symptom_herb_tcm_mesh_cooccur.txt
麦芽,吞酸,1,symptom_herb_tcm_mesh_cooccur.txt
麦芽,呕吐,1,symptom_herb_tcm_mesh_cooccur.txt
麦芽,咳嗽,1,symptom_herb_tcm_mesh_cooccur.txt
麦芽,嗳气,1,symptom_herb_tcm_mesh_cooccur.txt
麦芽,头晕,1,symptom_herb_tcm_mesh_cooccur.txt
麦芽,头痛,1,symptom_herb_tcm_mesh_cooccur.txt
麦芽,小便不利,1,symptom_herb_tcm_mesh_cooccur.txt
麦芽,心悸,1,symptom_herb_tcm_mesh_cooccur.txt
麦芽,恶寒,1,symptom_herb_tcm_mesh_cooccur.txt
麦芽,恶寒发热,1,symptom_herb_tcm_mesh_cooccur.txt
麦芽,恶心,5,herb_symptom_db_knowledge.txt|herb_symptom_knowledge.txt|symptom_herb_tcm_mesh.txt|symptom_herb_tcm_mesh_cooccur.txt|symptom_herb_tcm_mesh_long.txt
麦芽,胸闷,1,symptom_herb_tcm_mesh_cooccur.txt
麦芽,脘腹胀满,1,symptom_herb_tcm_mesh_long.txt
麦芽,脘腹胀痛,1,symptom_herb_tcm_mesh_long.txt
麦芽,腹满,5,herb_symptom_db_knowledge.txt|herb_symptom_knowledge.txt|symptom_herb_tcm_mesh.txt|symptom_herb_tcm_mesh_cooccur.txt|symptom_herb_tcm_mesh_long.txt
麦芽,腹痛,1,symptom_herb_tcm_mesh_cooccur.txt
麦芽,腹胀,1,symptom_herb_tcm_mesh_long.txt
麦芽,食少,1,symptom_herb_tcm_mesh_long.txt
麦芽,食欲不振,5,herb_symptom_db_knowledge.txt|herb_symptom_knowledge.txt|symptom_herb_tcm_mesh.txt|symptom_herb_tcm_mesh_cooccur.txt|symptom_herb_tcm_mesh_long.txt
麦芽,鼻塞,1,symptom_herb_tcm_mesh_cooccur.txt
麦门冬,便秘,1,symptom_herb_tcm_mesh_long.txt
麦门冬,口渴,5,herb_symptom_db_knowledge.txt|herb_symptom_knowledge.txt|symptom_herb_tcm_mesh.txt|symptom_herb_tcm_mesh_cooccur.txt|symptom_herb_tcm_mesh_long.txt
麦门冬,呃逆,1,symptom_herb_tcm_mesh_cooccur.txt
麦门冬,失眠,1,symptom_herb_tcm_mesh_long.txt
麦门冬,头痛,1,symptom_herb_tcm_mesh_cooccur.txt
麦门冬,心烦,5,herb_symptom_db_knowledge.txt|herb_symptom_knowledge.txt|symptom_herb_tcm_mesh.txt|symptom_herb_tcm_mesh_cooccur.txt|symptom_herb_tcm_mesh_long.txt
麦门冬,心烦失眠,1,symptom_herb_tcm_mesh_long.txt
麦门冬,疼痛,1,symptom_herb_tcm_mesh_long.txt
麦门冬,舌强,1,symptom_herb_tcm_mesh_cooccur.txt
麻黄,关节疼痛,1,symptom_herb_tcm_mesh_cooccur.txt
麻黄,发热,1,symptom_herb_tcm_mesh_long.txt
麻黄,发黄,1,symptom_herb_tcm_mesh_cooccur.txt
麻黄,口渴,1,symptom_herb_tcm_mesh_cooccur.txt
麻黄,咳嗽,5,herb_symptom_db_knowledge.txt|herb_symptom_knowledge.txt|symptom_herb_tcm_mesh.txt|symptom_herb_tcm_mesh_cooccur.txt|symptom_herb_tcm_mesh_long.txt
麻黄,咳嗽气喘,1,symptom_herb_tcm_mesh_long.txt
麻黄,咳痰,1,symptom_herb_tcm_mesh_cooccur.txt
麻黄,四肢麻木,1,symptom_herb_tcm_mesh_cooccur.txt
麻黄,壮热,1,symptom_herb_tcm_mesh_cooccur.txt
麻黄,头痛,5,herb_symptom_db_knowledge.txt|herb_symptom_knowledge.txt|symptom_herb_tcm_mesh.txt|symptom_herb_tcm_mesh_cooccur.txt|symptom_herb_tcm_mesh_long.txt
麻黄,头痛身疼,1,symptom_herb_tcm_mesh_long.txt
麻黄,小便,1,symptom_herb_tcm_mesh_long.txt
麻黄,小便不利,5,herb_symptom_db_knowledge.txt|herb_symptom_knowledge.txt|symptom_herb_tcm_mesh.txt|symptom_herb_tcm_mesh_cooccur.txt|symptom_herb_tcm_mesh_long.txt
麻黄,心悸,1,symptom_herb_tcm_mesh_cooccur.txt
麻黄,恶寒,5,herb_symptom_db_knowledge.txt|herb_symptom_knowledge.txt|symptom_herb_tcm_mesh.txt|symptom_herb_tcm_mesh_cooccur.txt|symptom_herb_tcm_mesh_long.txt
麻黄,恶寒发热,5,herb_symptom_db_knowledge.txt|herb_symptom_knowledge.txt|symptom_herb_tcm_mesh.txt|symptom_herb_tcm_mesh_cooccur.txt|symptom_herb_tcm_mesh_long.txt
麻黄,恶风,1,symptom_herb_tcm_mesh_cooccur.txt
麻黄,无汗,5,herb_symptom_db_knowledge.txt|herb_symptom_knowledge.txt|symptom_herb_tcm_mesh.txt|symptom_herb_tcm_mesh_cooccur.txt|symptom_herb_tcm_mesh_long.txt
麻黄,气喘,5,herb_symptom_db_knowledge.txt|herb_symptom_knowledge.txt|symptom_herb_tcm_mesh.txt|symptom_herb_tcm_mesh_cooccur.txt|symptom_herb_tcm_mesh_long.txt
麻黄,水肿,1,symptom_herb_tcm_mesh_long.txt
麻黄,浮肿,3,symptom_herb_tcm_mesh.txt|symptom_herb_tcm_mesh_cooccur.txt|symptom_herb_tcm_mesh_long.txt
麻黄,烦躁,1,symptom_herb_tcm_mesh_cooccur.txt
麻黄,瘙痒,1,symptom_herb_tcm_mesh_long.txt
麻黄,瘫痪,1,symptom_herb_tcm_mesh_cooccur.txt
麻黄,盗汗,1,symptom_herb_tcm_mesh_cooccur.txt
麻黄,短气,1,symptom_herb_tcm_mesh_cooccur.txt
麻黄,肌肤不仁,1,symptom_herb_tcm_mesh_long.txt
麻黄,胸闷,3,symptom_herb_tcm_mesh.txt|symptom_herb_tcm_mesh_cooccur.txt|symptom_herb_tcm_mesh_long.txt
麻黄,腹冷,1,symptom_herb_tcm_mesh_cooccur.txt
麻黄,腹痛,1,symptom_herb_tcm_mesh_cooccur.txt
麻黄,自汗,1,symptom_herb_tcm_mesh_cooccur.txt
麻黄,身疼,1,symptom_herb_tcm_mesh_long.txt
麻黄,鼻塞,1,symptom_herb_tcm_mesh_cooccur.txt
麻黄根,心悸,1,symptom_herb_tcm_mesh_cooccur.txt
麻黄根,盗汗,5,herb_symptom_db_knowledge.txt|herb_symptom_knowledge.txt|symptom_herb_tcm_mesh.txt|symptom_herb_tcm_mesh_cooccur.txt|symptom_herb_tcm_mesh_long.txt
麻黄根,短气,1,symptom_herb_tcm_mesh_cooccur.txt
麻黄根,自汗,5,herb_symptom_db_knowledge.txt|herb_symptom_knowledge.txt|symptom_herb_tcm_mesh.txt|symptom_herb_tcm_mesh_cooccur.txt|symptom_herb_tcm_mesh_long.txt
麻黄根,自汗、盗汗,1,symptom_herb_tcm_mesh_long.txt
黄柏,丹毒,1,symptom_herb_tcm_mesh_cooccur.txt
黄柏,口渴,1,symptom_herb_tcm_mesh_cooccur.txt
黄柏,口舌生疮,1,symptom_herb_tcm_mesh_long.txt
黄柏,吐血,1,symptom_herb_tcm_mesh_cooccur.txt
黄柏,呕吐,1,symptom_herb_tcm_mesh_cooccur.txt
黄柏,咳嗽,1,symptom_herb_tcm_mesh_cooccur.txt
黄柏,咽干,1,symptom_herb_tcm_mesh_cooccur.txt
黄柏,大便秘结,1,symptom_herb_tcm_mesh_cooccur.txt
黄柏,头晕,1,symptom_herb_tcm_mesh_cooccur.txt
黄柏,头痛,1,symptom_herb_tcm_mesh_cooccur.txt
黄柏,小便黄赤,1,symptom_herb_tcm_mesh_cooccur.txt
黄柏,尿痛,1,symptom_herb_tcm_mesh_cooccur.txt
黄柏,崩漏,1,symptom_herb_tcm_mesh_cooccur.txt
黄柏,心烦,1,symptom_herb_tcm_mesh_cooccur.txt
黄柏,恶寒,1,symptom_herb_tcm_mesh_cooccur.txt
黄柏,恶心,1,symptom_herb_tcm_mesh_cooccur.txt
黄柏,流泪,1,symptom_herb_tcm_mesh_cooccur.txt
黄柏,湿疮,1,symptom_herb_tcm_mesh_cooccur.txt
黄柏,潮热,1,symptom_herb_tcm_mesh_cooccur.txt
黄柏,烦躁,1,symptom_herb_tcm_mesh_cooccur.txt
黄柏,牙龈肿痛,1,symptom_herb_tcm_mesh_cooccur.txt
黄柏,疲乏,1,symptom_herb_tcm_mesh_cooccur.txt
黄柏,瘙痒,1,symptom_herb_tcm_mesh_long.txt
黄柏,白带,1,symptom_herb_tcm_mesh_cooccur.txt
黄柏,盗汗,3,symptom_herb_tcm_mesh.txt|symptom_herb_tcm_mesh_cooccur.txt|symptom_herb_tcm_mesh_long.txt
黄柏,目赤,1,symptom_herb_tcm_mesh_long.txt
黄柏,积滞,1,symptom_herb_tcm_mesh_cooccur.txt
黄柏,耳聋,1,symptom_herb_tcm_mesh_cooccur.txt
黄柏,胁痛,1,symptom_herb_tcm_mesh_cooccur.txt
黄柏,胬肉攀睛,1,symptom_herb_tcm_mesh_cooccur.txt
黄柏,腰痛,1,symptom_herb_tcm_mesh_cooccur.txt
黄柏,腹痛,1,symptom_herb_tcm_mesh_cooccur.txt
黄柏,臁疮,1,symptom_herb_tcm_mesh_cooccur.txt
黄柏,自汗,1,symptom_herb_tcm_mesh_cooccur.txt
黄柏,舌肿,1,symptom_herb_tcm_mesh_cooccur.txt
黄柏,赤白带,1,symptom_herb_tcm_mesh_cooccur.txt
黄柏,遗精,1,symptom_herb_tcm_mesh_long.txt
黄柏,里急后重,1,symptom_herb_tcm_mesh_cooccur.txt
黄柏,骨蒸劳热,1,symptom_herb_tcm_mesh_long.txt
黄柏,鼻塞,1,symptom_herb_tcm_mesh_cooccur.txt
黄瓜,口渴,1,herb_symptom_db_knowledge.txt
黄瓜,咽喉肿痛,1,symptom_herb_tcm_mesh_long.txt
黄皮,盗汗,1,symptom_herb_tcm_mesh_cooccur.txt
黄皮,腰痛,1,herb_symptom_db_knowledge.txt
黄精,乏力,1,symptom_herb_tcm_mesh_long.txt
黄精,体倦乏力,1,symptom_herb_tcm_mesh_long.txt
黄精,健忘,1,symptom_herb_tcm_mesh_cooccur.txt
黄精,口干,1,symptom_herb_tcm_mesh_long.txt
黄精,咳嗽,5,herb_symptom_db_knowledge.txt|herb_symptom_knowledge.txt|symptom_herb_tcm_mesh.txt|symptom_herb_tcm_mesh_cooccur.txt|symptom_herb_tcm_mesh_long.txt
黄精,头晕,1,symptom_herb_tcm_mesh_cooccur.txt
黄精,少气,1,symptom_herb_tcm_mesh_cooccur.txt
黄精,心悸,1,symptom_herb_tcm_mesh_cooccur.txt
黄精,消瘦,1,symptom_herb_tcm_mesh_cooccur.txt
黄精,畏寒,1,symptom_herb_tcm_mesh_cooccur.txt
黄精,耳鸣,1,symptom_herb_tcm_mesh_long.txt
黄精,腰膝酸软,1,symptom_herb_tcm_mesh_long.txt
黄精,遗精,1,symptom_herb_tcm_mesh_long.txt
黄精,闭经,1,symptom_herb_tcm_mesh_cooccur.txt
黄精,阳痿,1,symptom_herb_tcm_mesh_long.txt
黄精,阳痿遗精,1,symptom_herb_tcm_mesh_long.txt
黄精,须发早白,4,herb_symptom_db_knowledge.txt|herb_symptom_knowledge.txt|symptom_herb_tcm_mesh.txt|symptom_herb_tcm_mesh_cooccur.txt
黄精,食少,1,symptom_herb_tcm_mesh_long.txt
黄芩,丹毒,1,symptom_herb_tcm_mesh_cooccur.txt
黄芩,便血,1,symptom_herb_tcm_mesh_cooccur.txt
黄芩,口渴,1,symptom_herb_tcm_mesh_cooccur.txt
黄芩,口苦,1,symptom_herb_tcm_mesh_cooccur.txt
黄芩,吐血,1,symptom_herb_tcm_mesh_cooccur.txt
黄芩,呕吐,1,symptom_herb_tcm_mesh_cooccur.txt
黄芩,呕恶,1,symptom_herb_tcm_mesh_long.txt
黄芩,咳嗽,5,herb_symptom_db_knowledge.txt|herb_symptom_knowledge.txt|symptom_herb_tcm_mesh.txt|symptom_herb_tcm_mesh_cooccur.txt|symptom_herb_tcm_mesh_long.txt
黄芩,咽喉痛,1,symptom_herb_tcm_mesh_cooccur.txt
黄芩,咽干,1,symptom_herb_tcm_mesh_cooccur.txt
黄芩,壮热,1,symptom_herb_tcm_mesh_cooccur.txt
黄芩,大便下血,1,symptom_herb_tcm_mesh_cooccur.txt
黄芩,大便秘结,1,symptom_herb_tcm_mesh_cooccur.txt
黄芩,头昏,1,symptom_herb_tcm_mesh_cooccur.txt
黄芩,头晕,1,symptom_herb_tcm_mesh_cooccur.txt
黄芩,头痛,5,herb_symptom_db_knowledge.txt|herb_symptom_knowledge.txt|symptom_herb_tcm_mesh.txt|symptom_herb_tcm_mesh_cooccur.txt|symptom_herb_tcm_mesh_long.txt
黄芩,头重,1,symptom_herb_tcm_mesh_cooccur.txt
黄芩,小便黄赤,1,symptom_herb_tcm_mesh_cooccur.txt
黄芩,小儿丹毒,1,symptom_herb_tcm_mesh_cooccur.txt
黄芩,尿血,1,symptom_herb_tcm_mesh_cooccur.txt
黄芩,崩漏,5,herb_symptom_db_knowledge.txt|herb_symptom_knowledge.txt|symptom_herb_tcm_mesh.txt|symptom_herb_tcm_mesh_cooccur.txt|symptom_herb_tcm_mesh_long.txt
黄芩,干呕,1,symptom_herb_tcm_mesh_cooccur.txt
黄芩,心下痞,1,symptom_herb_tcm_mesh_cooccur.txt
黄芩,心烦,1,symptom_herb_tcm_mesh_cooccur.txt
黄芩,恶寒,1,symptom_herb_tcm_mesh_cooccur.txt
黄芩,恶寒发热,1,symptom_herb_tcm_mesh_cooccur.txt
黄芩,恶心,1,symptom_herb_tcm_mesh_cooccur.txt
黄芩,恶风,1,symptom_herb_tcm_mesh_cooccur.txt
黄芩,慢惊,1,symptom_herb_tcm_mesh_cooccur.txt
黄芩,无汗,1,symptom_herb_tcm_mesh_cooccur.txt
黄芩,流泪,1,symptom_herb_tcm_mesh_cooccur.txt
黄芩,漏下,1,symptom_herb_tcm_mesh_cooccur.txt
黄芩,潮热,1,symptom_herb_tcm_mesh_cooccur.txt
黄芩,烦渴,1,symptom_herb_tcm_mesh_long.txt
黄芩,烦躁,1,symptom_herb_tcm_mesh_cooccur.txt
黄芩,牙龈肿痛,1,symptom_herb_tcm_mesh_cooccur.txt
黄芩,疲乏,1,symptom_herb_tcm_mesh_cooccur.txt
黄芩,痄腮,1,symptom_herb_tcm_mesh_cooccur.txt
黄芩,痫,1,symptom_herb_tcm_mesh_cooccur.txt
黄芩,瘫痪,1,symptom_herb_tcm_mesh_cooccur.txt
黄芩,白带,1,symptom_herb_tcm_mesh_cooccur.txt
黄芩,盗汗,1,symptom_herb_tcm_mesh_cooccur.txt
黄芩,目赤,1,symptom_herb_tcm_mesh_long.txt
黄芩,神昏,5,herb_symptom_db_knowledge.txt|herb_symptom_knowledge.txt|symptom_herb_tcm_mesh.txt|symptom_herb_tcm_mesh_cooccur.txt|symptom_herb_tcm_mesh_long.txt
黄芩,积滞,1,symptom_herb_tcm_mesh_cooccur.txt
黄芩,耳聋,1,symptom_herb_tcm_mesh_cooccur.txt
黄芩,肩痛,1,symptom_herb_tcm_mesh_cooccur.txt
黄芩,胁痛,1,symptom_herb_tcm_mesh_cooccur.txt
黄芩,胎动不安,2,symptom_herb_tcm_mesh.txt|symptom_herb_tcm_mesh_cooccur.txt
黄芩,胎水肿满,1,symptom_herb_tcm_mesh_cooccur.txt
黄芩,胬肉攀睛,1,symptom_herb_tcm_mesh_cooccur.txt
黄芩,胸闷,3,symptom_herb_tcm_mesh.txt|symptom_herb_tcm_mesh_cooccur.txt|symptom_herb_tcm_mesh_long.txt
黄芩,胸闷呕恶,1,symptom_herb_tcm_mesh_long.txt
黄芩,腰重,1,symptom_herb_tcm_mesh_cooccur.txt
黄芩,腹痛,1,symptom_herb_tcm_mesh_cooccur.txt
黄芩,腿肿痛,1,symptom_herb_tcm_mesh_cooccur.txt
黄芩,舌干,1,symptom_herb_tcm_mesh_cooccur.txt
黄芩,舌苔白,1,symptom_herb_tcm_mesh_cooccur.txt
黄芩,舌苔白腻,1,symptom_herb_tcm_mesh_cooccur.txt
黄芩,衄血,1,symptom_herb_tcm_mesh_long.txt
黄芩,谵语,1,symptom_herb_tcm_mesh_cooccur.txt
黄芩,赤白带,1,symptom_herb_tcm_mesh_cooccur.txt
黄芩,身重,1,symptom_herb_tcm_mesh_cooccur.txt
黄芩,转筋,1,symptom_herb_tcm_mesh_cooccur.txt
黄芩,里急后重,1,symptom_herb_tcm_mesh_cooccur.txt
黄芩,闭经,1,symptom_herb_tcm_mesh_cooccur.txt
黄芩,食欲不振,1,symptom_herb_tcm_mesh_cooccur.txt
黄芩,骨痛,1,symptom_herb_tcm_mesh_cooccur.txt
黄芩,高热,1,symptom_herb_tcm_mesh_long.txt
黄芩,高热神昏,1,symptom_herb_tcm_mesh_long.txt
黄芩,鼻塞,1,symptom_herb_tcm_mesh_cooccur.txt
黄芪,丹毒,1,symptom_herb_tcm_mesh_cooccur.txt
黄芪,乏力,1,symptom_herb_tcm_mesh_long.txt
黄芪,低热,1,symptom_herb_tcm_mesh_cooccur.txt
黄芪,便溏,1,symptom_herb_tcm_mesh_long.txt
黄芪,便血,4,herb_symptom_knowledge.txt|symptom_herb_tcm_mesh.txt|symptom_herb_tcm_mesh_cooccur.txt|symptom_herb_tcm_mesh_long.txt
黄芪,健忘,1,symptom_herb_tcm_mesh_cooccur.txt
黄芪,关节疼痛,1,symptom_herb_tcm_mesh_cooccur.txt
黄芪,半身不遂,1,symptom_herb_tcm_mesh_cooccur.txt
黄芪,口渴,1,symptom_herb_tcm_mesh_cooccur.txt
黄芪,咳嗽,1,symptom_herb_tcm_mesh_cooccur.txt
黄芪,四肢疼痛,1,symptom_herb_tcm_mesh_cooccur.txt
黄芪,多梦,1,symptom_herb_tcm_mesh_cooccur.txt
黄芪,头晕,1,symptom_herb_tcm_mesh_cooccur.txt
黄芪,头痛,1,symptom_herb_tcm_mesh_cooccur.txt
黄芪,小便频数,1,symptom_herb_tcm_mesh_cooccur.txt
黄芪,小儿丹毒,1,symptom_herb_tcm_mesh_cooccur.txt
黄芪,少气,1,symptom_herb_tcm_mesh_cooccur.txt
黄芪,崩漏,4,herb_symptom_knowledge.txt|symptom_herb_tcm_mesh.txt|symptom_herb_tcm_mesh_cooccur.txt|symptom_herb_tcm_mesh_long.txt
黄芪,心悸,1,symptom_herb_tcm_mesh_cooccur.txt
黄芪,心烦,1,symptom_herb_tcm_mesh_cooccur.txt
黄芪,恶寒,1,symptom_herb_tcm_mesh_cooccur.txt
黄芪,恶寒发热,1,symptom_herb_tcm_mesh_cooccur.txt
黄芪,恶风,1,symptom_herb_tcm_mesh_cooccur.txt
黄芪,憋气,1,symptom_herb_tcm_mesh_cooccur.txt
黄芪,水肿,1,symptom_herb_tcm_mesh_long.txt
黄芪,浮肿,1,symptom_herb_tcm_mesh_cooccur.txt
黄芪,消瘦,1,symptom_herb_tcm_mesh_cooccur.txt
黄芪,烦躁,1,symptom_herb_tcm_mesh_cooccur.txt
黄芪,畏寒,1,symptom_herb_tcm_mesh_cooccur.txt
黄芪,疲乏,1,symptom_herb_tcm_mesh_cooccur.txt
黄芪,白带,1,symptom_herb_tcm_mesh_cooccur.txt
黄芪,盗汗,1,symptom_herb_tcm_mesh_cooccur.txt
黄芪,目昏,1,symptom_herb_tcm_mesh_cooccur.txt
黄芪,短气,1,symptom_herb_tcm_mesh_cooccur.txt
黄芪,经期延长,1,symptom_herb_tcm_mesh_cooccur.txt
黄芪,胃痛,1,symptom_herb_tcm_mesh_cooccur.txt
黄芪,胎位不正,1,symptom_herb_tcm_mesh_cooccur.txt
黄芪,胎动不安,1,symptom_herb_tcm_mesh_cooccur.txt
黄芪,胸闷,1,symptom_herb_tcm_mesh_cooccur.txt
黄芪,脱肛,4,herb_symptom_knowledge.txt|symptom_herb_tcm_mesh.txt|symptom_herb_tcm_mesh_cooccur.txt|symptom_herb_tcm_mesh_long.txt
黄芪,腰痛,1,symptom_herb_tcm_mesh_cooccur.txt
黄芪,腹冷,1,symptom_herb_tcm_mesh_cooccur.txt
黄芪,腹泻,1,symptom_herb_tcm_mesh_cooccur.txt
黄芪,腹痛,1,symptom_herb_tcm_mesh_cooccur.txt
黄芪,臂痛,1,symptom_herb_tcm_mesh_cooccur.txt
黄芪,自汗,4,herb_symptom_knowledge.txt|symptom_herb_tcm_mesh.txt|symptom_herb_tcm_mesh_cooccur.txt|symptom_herb_tcm_mesh_long.txt
黄芪,身重,1,symptom_herb_tcm_mesh_cooccur.txt
黄芪,阴挺,1,symptom_herb_tcm_mesh_cooccur.txt
黄芪,食少,1,symptom_herb_tcm_mesh_long.txt
黄芪,食少便溏,1,symptom_herb_tcm_mesh_long.txt
黄药子,吐血,1,herb_symptom_db_knowledge.txt
黄藤,便秘,1,symptom_herb_tcm_mesh_long.txt
黄藤,咽喉肿痛,1,symptom_herb_tcm_mesh_long.txt
黄藤,目赤,1,symptom_herb_tcm_mesh_long.txt
黄连,不寐,3,symptom_herb_tcm_mesh.txt|symptom_herb_tcm_mesh_cooccur.txt|symptom_herb_tcm_mesh_long.txt
黄连,丹毒,1,symptom_herb_tcm_mesh_cooccur.txt
黄连,低热,1,symptom_herb_tcm_mesh_cooccur.txt
黄连,便血,1,symptom_herb_tcm_mesh_cooccur.txt
黄连,口渴,1,symptom_herb_tcm_mesh_cooccur.txt
黄连,口舌生疮,1,symptom_herb_tcm_mesh_long.txt
黄连,口苦,1,symptom_herb_tcm_mesh_cooccur.txt
黄连,吐血,1,symptom_herb_tcm_mesh_cooccur.txt
黄连,吞酸,3,symptom_herb_tcm_mesh.txt|symptom_herb_tcm_mesh_cooccur.txt|symptom_herb_tcm_mesh_long.txt
黄连,呕吐,5,herb_symptom_db_knowledge.txt|herb_symptom_knowledge.txt|symptom_herb_tcm_mesh.txt|symptom_herb_tcm_mesh_cooccur.txt|symptom_herb_tcm_mesh_long.txt
黄连,咳痰,1,symptom_herb_tcm_mesh_cooccur.txt
黄连,咽干,1,symptom_herb_tcm_mesh_cooccur.txt
黄连,嘈杂,1,symptom_herb_tcm_mesh_cooccur.txt
黄连,壮热,1,symptom_herb_tcm_mesh_cooccur.txt
黄连,大便秘结,1,symptom_herb_tcm_mesh_cooccur.txt
黄连,大便脓血,1,symptom_herb_tcm_mesh_cooccur.txt
黄连,失眠,1,symptom_herb_tcm_mesh_long.txt
黄连,头晕,1,symptom_herb_tcm_mesh_cooccur.txt
黄连,头痛,1,symptom_herb_tcm_mesh_cooccur.txt
黄连,少气,1,symptom_herb_tcm_mesh_cooccur.txt
黄连,尿痛,1,symptom_herb_tcm_mesh_cooccur.txt
黄连,干呕,1,symptom_herb_tcm_mesh_cooccur.txt
黄连,心下痞,1,symptom_herb_tcm_mesh_cooccur.txt
黄连,心悸,1,symptom_herb_tcm_mesh_cooccur.txt
黄连,心烦,5,herb_symptom_db_knowledge.txt|herb_symptom_knowledge.txt|symptom_herb_tcm_mesh.txt|symptom_herb_tcm_mesh_cooccur.txt|symptom_herb_tcm_mesh_long.txt
黄连,心烦不寐,1,symptom_herb_tcm_mesh_long.txt
黄连,心烦失眠,1,symptom_herb_tcm_mesh_long.txt
黄连,急惊,1,symptom_herb_tcm_mesh_cooccur.txt
黄连,恶寒,1,symptom_herb_tcm_mesh_cooccur.txt
黄连,或消谷善饥,1,symptom_herb_tcm_mesh_long.txt
黄连,气喘,1,symptom_herb_tcm_mesh_cooccur.txt
黄连,流泪,1,symptom_herb_tcm_mesh_cooccur.txt
黄连,消瘦,1,symptom_herb_tcm_mesh_cooccur.txt
黄连,消谷善饥,1,symptom_herb_tcm_mesh_long.txt
黄连,湿疮,2,symptom_herb_tcm_mesh.txt|symptom_herb_tcm_mesh_cooccur.txt
黄连,潮热,1,symptom_herb_tcm_mesh_cooccur.txt
黄连,烦躁,5,herb_symptom_db_knowledge.txt|herb_symptom_knowledge.txt|symptom_herb_tcm_mesh.txt|symptom_herb_tcm_mesh_cooccur.txt|symptom_herb_tcm_mesh_long.txt
黄连,牙痛,2,symptom_herb_tcm_mesh.txt|symptom_herb_tcm_mesh_cooccur.txt
黄连,牙龈出血,1,symptom_herb_tcm_mesh_cooccur.txt
黄连,牙龈肿痛,5,herb_symptom_db_knowledge.txt|herb_symptom_knowledge.txt|symptom_herb_tcm_mesh.txt|symptom_herb_tcm_mesh_cooccur.txt|symptom_herb_tcm_mesh_long.txt
黄连,痄腮,1,symptom_herb_tcm_mesh_cooccur.txt
黄连,瘫痪,1,symptom_herb_tcm_mesh_cooccur.txt
黄连,盗汗,1,symptom_herb_tcm_mesh_cooccur.txt
黄连,目昏,1,symptom_herb_tcm_mesh_cooccur.txt
黄连,目赤,1,symptom_herb_tcm_mesh_long.txt
黄连,神昏,3,symptom_herb_tcm_mesh.txt|symptom_herb_tcm_mesh_cooccur.txt|symptom_herb_tcm_mesh_long.txt
黄连,积滞,1,symptom_herb_tcm_mesh_cooccur.txt
黄连,耳聋,1,symptom_herb_tcm_mesh_cooccur.txt
黄连,胃痛,1,symptom_herb_tcm_mesh_cooccur.txt
黄连,胬肉攀睛,1,symptom_herb_tcm_mesh_cooccur.txt
黄连,腰痛,1,symptom_herb_tcm_mesh_cooccur.txt
黄连,腹满,1,symptom_herb_tcm_mesh_cooccur.txt
黄连,腹痛,1,symptom_herb_tcm_mesh_cooccur.txt
黄连,舌肿,1,symptom_herb_tcm_mesh_cooccur.txt
黄连,舌苔白,1,symptom_herb_tcm_mesh_cooccur.txt
黄连,舌苔白腻,1,symptom_herb_tcm_mesh_cooccur.txt
黄连,谵语,1,symptom_herb_tcm_mesh_cooccur.txt
黄连,身重,1,symptom_herb_tcm_mesh_cooccur.txt
黄连,里急后重,1,symptom_herb_tcm_mesh_cooccur.txt
黄连,高热,1,symptom_herb_tcm_mesh_long.txt
黄连,高热神昏,1,symptom_herb_tcm_mesh_long.txt
黄连,鼻塞,1,symptom_herb_tcm_mesh_cooccur.txt
黑大豆,口噤,1,herb_symptom_db_knowledge.txt
黑大豆,头痛,1,symptom_herb_tcm_mesh_cooccur.txt
黑大豆,水肿,1,symptom_herb_tcm_mesh_long.txt
黑大豆,浮肿,1,herb_symptom_db_knowledge.txt
黑大豆,肿胀,1,symptom_herb_tcm_mesh_long.txt
黑大豆,腰痛,1,herb_symptom_db_knowledge.txt
黑大豆,遗尿,1,herb_symptom_db_knowledge.txt
黑种草子,健忘,4,herb_symptom_knowledge.txt|symptom_herb_tcm_mesh.txt|symptom_herb_tcm_mesh_cooccur.txt|symptom_herb_tcm_mesh_long.txt
黑种草子,半身不遂,1,symptom_herb_tcm_mesh_cooccur.txt
黑种草子,头晕,1,herb_symptom_db_knowledge.txt
黑种草子,头痛,1,symptom_herb_tcm_mesh_cooccur.txt
黑种草子,耳鸣,1,symptom_herb_tcm_mesh_long.txt
黑种草子,耳鸣健忘,1,symptom_herb_tcm_mesh_long.txt
黑种草子,胁痛,1,symptom_herb_tcm_mesh_cooccur.txt
黑种草子,胸闷,1,symptom_herb_tcm_mesh_cooccur.txt
黑种草子,腹痛,1,symptom_herb_tcm_mesh_cooccur.txt
黑种草子,须发早白,1,herb_symptom_db_knowledge.txt
黑芝麻,便秘,1,symptom_herb_tcm_mesh_long.txt
黑芝麻,咽干,1,symptom_herb_tcm_mesh_cooccur.txt
黑芝麻,头晕,5,herb_symptom_db_knowledge.txt|herb_symptom_knowledge.txt|symptom_herb_tcm_mesh.txt|symptom_herb_tcm_mesh_cooccur.txt|symptom_herb_tcm_mesh_long.txt
黑芝麻,头晕眼花,1,symptom_herb_tcm_mesh_long.txt
黑芝麻,心悸,1,symptom_herb_tcm_mesh_cooccur.txt
黑芝麻,瘰疬,1,herb_symptom_db_knowledge.txt
黑芝麻,盗汗,1,symptom_herb_tcm_mesh_cooccur.txt
黑芝麻,眼花,1,symptom_herb_tcm_mesh_long.txt
黑芝麻,耳聋,4,herb_symptom_knowledge.txt|symptom_herb_tcm_mesh.txt|symptom_herb_tcm_mesh_cooccur.txt|symptom_herb_tcm_mesh_long.txt
黑芝麻,耳鸣,1,symptom_herb_tcm_mesh_long.txt
黑芝麻,耳鸣耳聋,1,symptom_herb_tcm_mesh_long.txt
黑芝麻,背痛,1,symptom_herb_tcm_mesh_cooccur.txt
黑芝麻,脱发,4,herb_symptom_knowledge.txt|symptom_herb_tcm_mesh.txt|symptom_herb_tcm_mesh_cooccur.txt|symptom_herb_tcm_mesh_long.txt
黑芝麻,须发早白,3,herb_symptom_knowledge.txt|symptom_herb_tcm_mesh.txt|symptom_herb_tcm_mesh_cooccur.txt
鼠妇,小便不通,1,herb_symptom_db_knowledge.txt
鼠曲草,咳嗽,1,symptom_herb_tcm_mesh_long.txt
鼠曲草,咳嗽痰多,1,symptom_herb_tcm_mesh_long.txt
鼠曲草,气喘,1,symptom_herb_tcm_mesh_long.txt
鼠曲草,水肿,1,symptom_herb_tcm_mesh_long.txt
鼠曲草,痰多,1,symptom_herb_tcm_mesh_long.txt
鼠曲草,蚕豆,1,symptom_herb_tcm_mesh_long.txt
鼠曲草,阴囊,1,symptom_herb_tcm_mesh_long.txt
龙眼,健忘,1,symptom_herb_tcm_mesh_cooccur.txt
龙眼,多梦,1,symptom_herb_tcm_mesh_cooccur.txt
龙眼,崩漏,1,symptom_herb_tcm_mesh_cooccur.txt
龙眼,心悸,1,symptom_herb_tcm_mesh_cooccur.txt
龙眼,疲乏,1,symptom_herb_tcm_mesh_cooccur.txt
龙眼,白带,1,symptom_herb_tcm_mesh_cooccur.txt
龙眼肉,健忘,5,herb_symptom_db_knowledge.txt|herb_symptom_knowledge.txt|symptom_herb_tcm_mesh.txt|symptom_herb_tcm_mesh_cooccur.txt|symptom_herb_tcm_mesh_long.txt
龙眼肉,健忘失眠,1,symptom_herb_tcm_mesh_long.txt
龙眼肉,多梦,1,symptom_herb_tcm_mesh_cooccur.txt
龙眼肉,失眠,1,symptom_herb_tcm_mesh_long.txt
龙眼肉,崩漏,2,herb_symptom_db_knowledge.txt|symptom_herb_tcm_mesh_cooccur.txt
龙眼肉,心悸,4,herb_symptom_knowledge.txt|symptom_herb_tcm_mesh.txt|symptom_herb_tcm_mesh_cooccur.txt|symptom_herb_tcm_mesh_long.txt
龙眼肉,心悸怔忡,1,symptom_herb_tcm_mesh_long.txt
龙眼肉,怔忡,1,symptom_herb_tcm_mesh_long.txt
龙眼肉,气血不足,1,symptom_herb_tcm_mesh_long.txt
龙眼肉,疲乏,1,symptom_herb_tcm_mesh_cooccur.txt
龙眼肉,白带,1,symptom_herb_tcm_mesh_cooccur.txt
龙胆,口苦,5,herb_symptom_db_knowledge.txt|herb_symptom_knowledge.txt|symptom_herb_tcm_mesh.txt|symptom_herb_tcm_mesh_cooccur.txt|symptom_herb_tcm_mesh_long.txt
龙胆,大便秘结,1,symptom_herb_tcm_mesh_cooccur.txt
龙胆,头晕,1,symptom_herb_tcm_mesh_cooccur.txt
龙胆,头痛,1,herb_symptom_db_knowledge.txt
龙胆,头胀,1,herb_symptom_db_knowledge.txt
龙胆,心烦,1,symptom_herb_tcm_mesh_cooccur.txt
龙胆,抽搐,1,symptom_herb_tcm_mesh_long.txt
龙胆,流泪,1,symptom_herb_tcm_mesh_cooccur.txt
龙胆,潮热,1,symptom_herb_tcm_mesh_cooccur.txt
龙胆,烦躁,1,symptom_herb_tcm_mesh_cooccur.txt
龙胆,牙痛,1,symptom_herb_tcm_mesh_cooccur.txt
龙胆,疳积,1,symptom_herb_tcm_mesh_cooccur.txt
龙胆,瘙痒,1,symptom_herb_tcm_mesh_long.txt
龙胆,目赤,1,symptom_herb_tcm_mesh_long.txt
龙胆,耳聋,5,herb_symptom_db_knowledge.txt|herb_symptom_knowledge.txt|symptom_herb_tcm_mesh.txt|symptom_herb_tcm_mesh_cooccur.txt|symptom_herb_tcm_mesh_long.txt
龙胆,胁痛,5,herb_symptom_db_knowledge.txt|herb_symptom_knowledge.txt|symptom_herb_tcm_mesh.txt|symptom_herb_tcm_mesh_cooccur.txt|symptom_herb_tcm_mesh_long.txt
龙胆,胬肉攀睛,1,symptom_herb_tcm_mesh_cooccur.txt
龙胆,阴痒,4,herb_symptom_db_knowledge.txt|herb_symptom_knowledge.txt|symptom_herb_tcm_mesh.txt|symptom_herb_tcm_mesh_cooccur.txt
龙葵,丹毒,4,herb_symptom_db_knowledge.txt|herb_symptom_knowledge.txt|symptom_herb_tcm_mesh.txt|symptom_herb_tcm_mesh_cooccur.txt
龙葵,水肿,1,symptom_herb_tcm_mesh_long.txt
龙须藤,咽喉肿痛,1,symptom_herb_tcm_mesh_long.txt
龙骨,久不收口,1,symptom_herb_tcm_mesh_long.txt
龙骨,健忘,5,herb_symptom_db_knowledge.txt|herb_symptom_knowledge.txt|symptom_herb_tcm_mesh.txt|symptom_herb_tcm_mesh_cooccur.txt|symptom_herb_tcm_mesh_long.txt
龙骨,吐血,1,symptom_herb_tcm_mesh_cooccur.txt
龙骨,失眠,1,symptom_herb_tcm_mesh_long.txt
龙骨,失眠健忘,1,symptom_herb_tcm_mesh_long.txt
龙骨,头昏,1,symptom_herb_tcm_mesh_cooccur.txt
龙骨,头晕,5,herb_symptom_db_knowledge.txt|herb_symptom_knowledge.txt|symptom_herb_tcm_mesh.txt|symptom_herb_tcm_mesh_cooccur.txt|symptom_herb_tcm_mesh_long.txt
龙骨,头晕目眩,1,symptom_herb_tcm_mesh_long.txt
龙骨,头痛,1,symptom_herb_tcm_mesh_cooccur.txt
龙骨,小便不通,1,symptom_herb_tcm_mesh_cooccur.txt
龙骨,尿血,1,symptom_herb_tcm_mesh_cooccur.txt
龙骨,崩漏,5,herb_symptom_db_knowledge.txt|herb_symptom_knowledge.txt|symptom_herb_tcm_mesh.txt|symptom_herb_tcm_mesh_cooccur.txt|symptom_herb_tcm_mesh_long.txt
龙骨,心悸,5,herb_symptom_db_knowledge.txt|herb_symptom_knowledge.txt|symptom_herb_tcm_mesh.txt|symptom_herb_tcm_mesh_cooccur.txt|symptom_herb_tcm_mesh_long.txt
龙骨,心悸怔忡,1,symptom_herb_tcm_mesh_long.txt
龙骨,怔忡,1,symptom_herb_tcm_mesh_long.txt
龙骨,湿疮,4,herb_symptom_db_knowledge.txt|herb_symptom_knowledge.txt|symptom_herb_tcm_mesh.txt|symptom_herb_tcm_mesh_cooccur.txt
龙骨,烦躁,1,symptom_herb_tcm_mesh_cooccur.txt
龙骨,疲乏,1,symptom_herb_tcm_mesh_cooccur.txt
龙骨,痫,4,herb_symptom_db_knowledge.txt|herb_symptom_knowledge.txt|symptom_herb_tcm_mesh.txt|symptom_herb_tcm_mesh_cooccur.txt
龙骨,白带,1,symptom_herb_tcm_mesh_cooccur.txt
龙骨,盗汗,5,herb_symptom_db_knowledge.txt|herb_symptom_knowledge.txt|symptom_herb_tcm_mesh.txt|symptom_herb_tcm_mesh_cooccur.txt|symptom_herb_tcm_mesh_long.txt
龙骨,目眩,1,symptom_herb_tcm_mesh_long.txt
龙骨,耳聋,1,symptom_herb_tcm_mesh_cooccur.txt
龙骨,腰痛,1,symptom_herb_tcm_mesh_cooccur.txt
龙骨,自汗,5,herb_symptom_db_knowledge.txt|herb_symptom_knowledge.txt|symptom_herb_tcm_mesh.txt|symptom_herb_tcm_mesh_cooccur.txt|symptom_herb_tcm_mesh_long.txt
龙骨,自汗盗汗,1,symptom_herb_tcm_mesh_long.txt
龙骨,赤白带,1,symptom_herb_tcm_mesh_cooccur.txt
龙骨,遗尿,4,herb_symptom_db_knowledge.txt|herb_symptom_knowledge.txt|symptom_herb_tcm_mesh.txt|symptom_herb_tcm_mesh_cooccur.txt
龙骨,遗精,1,symptom_herb_tcm_mesh_long.txt
龙齿,多梦,5,herb_symptom_db_knowledge.txt|herb_symptom_knowledge.txt|symptom_herb_tcm_mesh.txt|symptom_herb_tcm_mesh_cooccur.txt|symptom_herb_tcm_mesh_long.txt
龙齿,失眠,1,symptom_herb_tcm_mesh_long.txt
龙齿,失眠多梦,1,symptom_herb_tcm_mesh_long.txt
龙齿,心悸,5,herb_symptom_db_knowledge.txt|herb_symptom_knowledge.txt|symptom_herb_tcm_mesh.txt|symptom_herb_tcm_mesh_cooccur.txt|symptom_herb_tcm_mesh_long.txt
龙齿,心悸怔忡,1,symptom_herb_tcm_mesh_long.txt
龙齿,心烦,5,herb_symptom_db_knowledge.txt|herb_symptom_knowledge.txt|symptom_herb_tcm_mesh.txt|symptom_herb_tcm_mesh_cooccur.txt|symptom_herb_tcm_mesh_long.txt
龙齿,怔忡,1,symptom_herb_tcm_mesh_long.txt
龙齿,烦热,1,symptom_herb_tcm_mesh_long.txt
龙齿,痫,4,herb_symptom_db_knowledge.txt|herb_symptom_knowledge.txt|symptom_herb_tcm_mesh.txt|symptom_herb_tcm_mesh_cooccur.txt
龙齿,身热,1,symptom_herb_tcm_mesh_long.txt
龙齿,身热心烦,1,symptom_herb_tcm_mesh_long.txt
龟甲,健忘,4,herb_symptom_knowledge.txt|symptom_herb_tcm_mesh.txt|symptom_herb_tcm_mesh_cooccur.txt|symptom_herb_tcm_mesh_long.txt
龟甲,咳嗽,1,symptom_herb_tcm_mesh_cooccur.txt
龟甲,头晕,4,herb_symptom_knowledge.txt|symptom_herb_tcm_mesh.txt|symptom_herb_tcm_mesh_cooccur.txt|symptom_herb_tcm_mesh_long.txt
龟甲,头晕目眩,1,symptom_herb_tcm_mesh_long.txt
龟甲,崩漏,1,symptom_herb_tcm_mesh_cooccur.txt
龟甲,潮热,4,herb_symptom_knowledge.txt|symptom_herb_tcm_mesh.txt|symptom_herb_tcm_mesh_cooccur.txt|symptom_herb_tcm_mesh_long.txt
龟甲,疲乏,1,symptom_herb_tcm_mesh_cooccur.txt
龟甲,白带,1,symptom_herb_tcm_mesh_cooccur.txt
龟甲,盗汗,4,herb_symptom_knowledge.txt|symptom_herb_tcm_mesh.txt|symptom_herb_tcm_mesh_cooccur.txt|symptom_herb_tcm_mesh_long.txt
龟甲,目眩,1,symptom_herb_tcm_mesh_long.txt
龟甲,筋骨痿软,1,symptom_herb_tcm_mesh_long.txt
龟甲,赤白带,1,symptom_herb_tcm_mesh_cooccur.txt
龟甲,骨蒸盗汗,1,symptom_herb_tcm_mesh_long.txt
龟甲胶,崩漏,4,herb_symptom_knowledge.txt|symptom_herb_tcm_mesh.txt|symptom_herb_tcm_mesh_cooccur.txt|symptom_herb_tcm_mesh_long.txt
龟甲胶,潮热,4,herb_symptom_knowledge.txt|symptom_herb_tcm_mesh.txt|symptom_herb_tcm_mesh_cooccur.txt|symptom_herb_tcm_mesh_long.txt
龟甲胶,盗汗,4,herb_symptom_knowledge.txt|symptom_herb_tcm_mesh.txt|symptom_herb_tcm_mesh_cooccur.txt|symptom_herb_tcm_mesh_long.txt
龟甲胶,腰膝酸软,1,symptom_herb_tcm_mesh_long.txt
龟甲胶,骨蒸盗汗,1,symptom_herb_tcm_mesh_long.txt
